sample_idx,recv_time_ms,ir,red,green
223722,2364735,177292,147685,12936
223723,2364735,177303,147681,12927
223724,2364757,177313,147683,12928
223725,2364757,177301,147679,12915
223726,2364784,177306,147681,12923
223727,2364784,177288,147679,12915
223728,2364804,177289,147679,12909
223729,2364804,177266,147666,12901
223730,2364828,177243,147658,12904
223731,2364828,177239,147657,12901
223736,2364880,177231,147645,12867
223737,2364880,177221,147639,12866
223738,2364904,177218,147635,12859
223739,2364904,177209,147636,12868
223740,2364926,177200,147617,12865
223741,2364926,177199,147619,12861
223744,2364954,177196,147623,12856
223745,2364954,177186,147600,12851
223746,2364974,177180,147599,12849
223747,2364974,177173,147621,12848
223748,2365004,177174,147623,12844
223749,2365004,177170,147603,12841
223752,2365033,177175,147621,12839
223753,2365033,177174,147621,12830
223754,2365056,177169,147618,12834
223755,2365056,177183,147616,12835
223756,2365084,177185,147614,12837
223757,2365084,177197,147616,12830
223758,2365104,177202,147603,12839
223759,2365104,177214,147604,12838
223762,2365133,177244,147614,12839
223763,2365133,177253,147621,12849
223764,2365154,177254,147611,12851
223765,2365154,177274,147629,12852
223766,2365184,177259,147633,12853
223767,2365184,177261,147615,12856
223768,2365203,177248,147626,12863
223769,2365203,177250,147614,12860
223770,2365228,177245,147625,12876
223771,2365228,177251,147615,12873
223774,2365256,177272,147627,12877
223775,2365256,177289,147640,12885
223776,2365278,177303,147641,12886
223777,2365278,177320,147650,12883
223782,2365333,177338,147665,12905
223783,2365333,177333,147676,12905
223784,2365354,177344,147676,12909
223785,2365354,177345,147677,12909
223786,2365384,177352,147685,12921
223787,2365384,177359,147667,12919
223788,2365403,177356,147677,12927
223789,2365403,177352,147678,12933
223790,2365426,177360,147673,12932
223791,2365426,177370,147672,12936
223794,2365456,177386,147680,12948
223795,2365456,177394,147693,12950
223796,2365476,177415,147690,12959
223797,2365476,177408,147703,12959
223800,2365524,177418,147690,12971
223801,2365524,177405,147688,12977
223804,2365555,177406,147670,12992
223805,2365555,177412,147690,12991
223810,2365609,177453,147706,13011
223811,2365609,177465,147709,13023
223812,2365634,177465,147713,13031
223813,2365634,177458,147709,13046
223814,2365657,177440,147708,13039
223815,2365657,177426,147699,13061
223816,2365684,177396,147690,13054
223817,2365684,177371,147689,13053
223818,2365707,177361,147686,13064
223819,2365707,177341,147676,13057
223822,2365737,177317,147687,13023
223823,2365737,177304,147693,13021
223826,2365784,177305,147706,12985
223827,2365784,177309,147708,12978
223828,2365808,177315,147720,12965
223829,2365808,177327,147711,12957
223832,2365843,177327,147721,12942
223833,2365843,177329,147724,12935
223834,2365864,177317,147717,12938
223835,2365864,177307,147715,12930
223838,2365894,177317,147721,12926
223839,2365894,177342,147728,12922
223848,2365995,177324,147705,12903
223849,2365995,177325,147695,12902
223852,2366047,177314,147697,12898
223853,2366047,177303,147699,12895
223856,2366069,177288,147680,12876
223857,2366069,177301,147696,12889
223858,2366096,177290,147691,12874
223859,2366096,177305,147704,12877
223866,2366170,177366,147717,12881
223867,2366170,177361,147715,12878
223868,2366198,177359,147700,12880
223869,2366198,177367,147721,12879
223870,2366226,177369,147731,12885
223871,2366226,177362,147731,12895
223874,2366257,177377,147734,12900
223875,2366257,177380,147730,12907
223876,2366283,177392,147729,12902
223877,2366283,177401,147743,12909
223884,2366349,177459,147738,12930
223885,2366349,177450,147738,12930
223886,2366375,177459,147736,12935
223887,2366375,177457,147739,12940
223888,2366398,177449,147742,12938
223889,2366398,177447,147749,12961
223890,2366425,177462,147736,12951
223891,2366425,177463,147747,12954
223894,2366455,177483,147753,12969
223895,2366455,177497,147759,12975
223896,2366484,177500,147775,12982
223897,2366484,177501,147769,12981
223902,2366537,177528,147783,13007
223903,2366537,177531,147781,13012
223904,2366564,177527,147789,13006
223905,2366564,177538,147786,13013
223906,2366587,177534,147796,13022
223907,2366587,177554,147802,13028
223912,2366638,177485,147778,13049
223913,2366638,177456,147776,13050
223914,2366664,177439,147755,13051
223915,2366664,177420,147749,13052
223916,2366683,177397,147747,13036
223917,2366683,177375,147748,13039
223918,2366707,177371,147737,13029
223919,2366707,177343,147737,13018
223924,2366764,177300,147729,12977
223925,2366764,177297,147732,12976
223926,2366783,177303,147738,12965
223927,2366783,177320,147730,12964
223928,2366817,177303,147728,12957
223929,2366817,177311,147731,12949
223930,2366834,177309,147735,12957
223931,2366834,177305,147730,12949
223932,2366857,177310,147732,12945
223933,2366857,177309,147720,12937
223936,2366887,177325,147734,12940
223937,2366887,177326,147731,12945
223942,2366944,177302,147717,12949
223943,2366944,177295,147717,12945
223944,2366968,177282,147715,12951
223945,2366968,177280,147715,12938
223946,2366996,177272,147709,12939
223947,2366996,177269,147700,12934
223948,2367017,177273,147705,12928
223949,2367017,177257,147700,12930
223952,2367045,177260,147699,12931
223953,2367045,177271,147705,12918
223954,2367067,177253,147703,12925
223955,2367067,177250,147709,12930
223956,2367095,177258,147694,12933
223957,2367095,177265,147702,12929
223964,2367164,177288,147702,12952
223965,2367164,177279,147703,12946
223966,2367195,177293,147701,12954
223967,2367195,177291,147706,12959
223968,2367216,177301,147695,12968
223969,2367216,177297,147700,12983
223972,2367244,177296,147703,12987
223973,2367244,177302,147703,12989
223974,2367265,177312,147699,12995
223975,2367265,177316,147707,13012
223976,2367287,177309,147704,13008
223977,2367287,177313,147702,13008
223978,2367314,177315,147705,13007
223979,2367314,177322,147716,13009
223980,2367334,177332,147715,13027
223981,2367334,177325,147707,13018
223984,2367377,177350,147708,13028
223985,2367377,177358,147708,13036
223988,2367405,177367,147729,13049
223989,2367405,177375,147724,13059
223996,2367484,177434,147768,13087
223997,2367484,177443,147774,13087
223998,2367514,177449,147765,13099
223999,2367514,177442,147764,13107
224000,2367536,177449,147765,13106
224001,2367536,177455,147771,13115
224004,2367563,177436,147749,13131
224005,2367563,177423,147760,13139
224006,2367593,177399,147727,13144
224007,2367593,177353,147734,13142
224014,2367668,177180,147678,13103
224015,2367668,177160,147674,13103
224016,2367693,177152,147673,13094
224017,2367693,177152,147674,13087
224018,2367716,177145,147669,13072
224019,2367716,177144,147684,13069
224022,2367744,177133,147667,13049
224023,2367744,177124,147685,13048
224024,2367774,177103,147674,13042
224025,2367774,177096,147672,13031
224026,2367794,177109,147670,13027
224027,2367794,177089,147673,13024
224030,2367824,177084,147664,13012
224031,2367824,177089,147669,13012
224032,2367848,177089,147671,13001
224033,2367848,177080,147673,13004
224034,2367877,177081,147657,13001
224035,2367877,177073,147658,13000
224038,2367903,177051,147639,12998
224039,2367903,177057,147637,12993
224042,2367955,177031,147633,12981
224043,2367955,177029,147623,12987
224046,2367987,177002,147612,12978
224047,2367987,177002,147606,12980
224048,2368003,176991,147601,12971
224049,2368003,176993,147607,12977
224052,2368056,176990,147609,12972
224053,2368056,176990,147608,12976
224056,2368084,177001,147605,12983
224057,2368084,177006,147608,12982
224058,2368103,177000,147600,12982
224059,2368103,177001,147609,12993
224060,2368133,177012,147597,12992
224061,2368133,177012,147605,12998
224062,2368158,177011,147600,13007
224063,2368158,177024,147606,13013
224064,2368177,177035,147605,13014
224065,2368177,177044,147607,13015
224070,2368226,177099,147621,13015
224071,2368226,177090,147615,13027
224072,2368256,177095,147617,13024
224073,2368256,177097,147621,13014
224076,2368279,177083,147614,13024
224077,2368279,177100,147614,13033
224078,2368309,177089,147611,13025
224079,2368309,177100,147620,13026
224080,2368335,177119,147622,13031
224081,2368335,177108,147622,13051
224082,2368358,177114,147630,13048
224083,2368358,177113,147625,13045
224086,2368385,177138,147634,13068
224087,2368385,177170,147643,13080
224088,2368414,177165,147654,13078
224089,2368414,177209,147649,13086
224090,2368435,177216,147663,13091
224091,2368435,177229,147670,13088
224092,2368457,177237,147674,13093
224093,2368457,177253,147676,13099
224096,2368484,177293,147698,13126
224097,2368484,177294,147691,13124
224098,2368504,177287,147703,13139
224099,2368504,177279,147707,13134
224106,2368584,177294,147692,13168
224107,2368584,177289,147700,13175
224108,2368603,177277,147683,13178
224109,2368603,177272,147684,13177
224110,2368634,177232,147670,13184
224111,2368634,177197,147665,13188
224112,2368655,177178,147652,13185
224113,2368655,177155,147642,13185
224116,2368684,177107,147652,13163
224117,2368684,177093,147659,13150
224120,2368724,177049,147644,13127
224121,2368724,177054,147643,13112
224122,2368746,177033,147640,13109
224123,2368746,177029,147636,13102
224124,2368767,177031,147631,13099
224125,2368767,177021,147624,13085
224126,2368796,177007,147621,13091
224127,2368796,176993,147611,13073
224130,2368824,176960,147590,13069
224131,2368824,176955,147588,13060
224132,2368847,176941,147575,13057
224133,2368847,176950,147589,13044
224134,2368873,176950,147576,13043
224135,2368873,176958,147588,13037
224136,2368899,176956,147588,13038
224137,2368899,176946,147584,13030
224140,2368924,176928,147577,13025
224141,2368924,176922,147578,13026
224142,2368947,176928,147572,13020
224143,2368947,176918,147586,13018
224144,2368970,176948,147591,13020
224145,2368970,176946,147586,13013
224146,2368994,176946,147584,13014
224147,2368994,176947,147596,13010
224148,2369014,176954,147599,13010
224149,2369014,176953,147603,13007
224152,2369046,176962,147610,13001
224153,2369046,176960,147609,12995
224154,2369068,176964,147607,12997
224155,2369068,176975,147605,12997
224156,2369094,176982,147613,12998
224157,2369094,176987,147611,12999
224158,2369118,177000,147606,13001
224159,2369118,177015,147614,12993
224162,2369144,177004,147610,13001
224163,2369144,177003,147611,13008
224164,2369165,177010,147603,13001
224165,2369165,177012,147603,13007
224166,2369195,177010,147605,13007
224167,2369195,177018,147607,13014
224168,2369219,177016,147608,13022
224169,2369219,177014,147609,13008
224170,2369244,177022,147605,13015
224171,2369244,177028,147605,13028
224174,2369274,177030,147608,13031
224175,2369274,177032,147617,13028
224176,2369296,177032,147607,13037
224177,2369296,177032,147598,13030
224178,2369324,177024,147610,13042
224179,2369324,177026,147598,13042
224184,2369374,176950,147558,13073
224185,2369374,176925,147549,13076
224186,2369397,176915,147541,13085
224187,2369397,176911,147538,13086
224188,2369418,176925,147535,13091
224189,2369418,176920,147548,13093
224190,2369447,176939,147533,13097
224191,2369447,176945,147542,13101
224194,2369475,176976,147576,13105
224195,2369475,176980,147557,13108
224196,2369496,176977,147561,13114
224197,2369496,176986,147560,13120
224198,2369519,176992,147557,13124
224199,2369519,176976,147569,13136
224200,2369545,176997,147562,13135
224201,2369545,176992,147566,13145
224204,2369575,177020,147583,13174
224205,2369575,177016,147585,13164
224206,2369605,177022,147581,13175
224207,2369605,177045,147585,13181
224210,2369634,177043,147597,13197
224211,2369634,177069,147597,13206
224212,2369655,177069,147607,13215
224213,2369655,177078,147603,13221
224218,2369714,177033,147595,13242
224219,2369714,177010,147588,13245
224220,2369740,176989,147587,13245
224221,2369740,176962,147587,13241
224222,2369767,176958,147594,13231
224223,2369767,176951,147592,13232
224226,2369797,176937,147605,13186
224227,2369797,176961,147613,13170
224228,2369814,176948,147601,13169
224229,2369814,176961,147604,13154
224230,2369835,176959,147614,13155
224231,2369835,176967,147618,13137
224232,2369859,176976,147617,13138
224233,2369859,176990,147630,13129
224238,2369915,176976,147640,13095
224239,2369915,176984,147646,13089
224240,2369935,176989,147642,13080
224241,2369935,176999,147645,13080
224242,2369956,176989,147660,13066
224243,2369956,177006,147646,13067
224246,2370004,177004,147642,13059
224247,2370004,176998,147638,13055
224250,2370034,177003,147626,13044
224251,2370034,176997,147627,13040
224252,2370057,176995,147639,13033
224253,2370057,176980,147632,13034
224254,2370085,176986,147643,13030
224255,2370085,176982,147643,13021
224256,2370104,176983,147630,13018
224257,2370104,176977,147641,13015
224260,2370134,176971,147639,13013
224261,2370134,176968,147650,13011
224264,2370175,176998,147646,13011
224265,2370175,177000,147649,13012
224266,2370204,176996,147655,13013
224267,2370204,176998,147653,13012
224268,2370223,177003,147661,13010
224269,2370223,177012,147677,13011
224274,2370279,177051,147689,13026
224275,2370279,177056,147697,13027
224276,2370304,177065,147698,13020
224277,2370304,177074,147695,13030
224280,2370333,177087,147701,13040
224281,2370333,177106,147710,13040
224282,2370354,177108,147711,13043
224283,2370354,177126,147712,13053
224286,2370398,177152,147732,13054
224287,2370398,177165,147735,13062
224288,2370427,177171,147745,13063
224289,2370427,177179,147751,13062
224292,2370456,177169,147749,13067
224293,2370456,177181,147753,13075
224294,2370485,177187,147765,13078
224295,2370485,177196,147758,13081
224300,2370536,177266,147808,13090
224301,2370536,177288,147806,13092
224302,2370555,177292,147824,13107
224303,2370555,177317,147830,13105
224304,2370585,177328,147840,13116
224305,2370585,177330,147837,13123
224310,2370633,177383,147852,13138
224311,2370633,177394,147839,13134
224312,2370656,177392,147864,13142
224313,2370656,177378,147851,13145
224314,2370685,177355,147845,13141
224315,2370685,177335,147837,13141
224316,2370698,177306,147828,13141
224317,2370698,177290,147824,13146
224318,2370724,177266,147826,13135
224319,2370724,177263,147824,13129
224326,2370799,177148,147803,13062
224327,2370799,177152,147809,13056
224332,2370856,177161,147801,13021
224333,2370856,177162,147803,13023
224336,2370906,177177,147805,13008
224337,2370906,177187,147801,12993
224340,2370936,177192,147804,12992
224341,2370936,177184,147814,12989
224348,2371009,177153,147791,12954
224349,2371009,177157,147802,12952
224350,2371034,177145,147786,12952
224351,2371034,177140,147786,12955
224352,2371057,177145,147789,12945
224353,2371057,177138,147777,12946
224360,2371135,177122,147797,12940
224361,2371135,177129,147805,12939
224362,2371158,177147,147810,12940
224363,2371158,177164,147808,12936
224366,2371203,177165,147812,12946
224367,2371203,177185,147795,12949
224368,2371227,177192,147799,12949
224369,2371227,177194,147801,12950
224370,2371245,177213,147813,12957
224371,2371245,177212,147815,12961
224372,2371267,177212,147808,12961
224373,2371267,177217,147811,12963
224376,2371309,177216,147815,12978
224377,2371309,177221,147819,12972
224380,2371335,177228,147833,12997
224381,2371335,177248,147827,12988
224382,2371359,177248,147831,12995
224383,2371359,177249,147829,13003
224388,2371427,177278,147851,13011
224389,2371427,177278,147846,13019
224392,2371455,177284,147871,13029
224393,2371455,177288,147864,13029
224394,2371484,177281,147880,13039
224395,2371484,177277,147871,13046
224396,2371507,177287,147863,13049
224397,2371507,177290,147862,13054
224400,2371536,177291,147876,13071
224401,2371536,177287,147864,13064
224402,2371566,177265,147856,13078
224403,2371566,177226,147842,13084
224410,2371645,177095,147810,13037
224411,2371645,177082,147799,13022
224412,2371669,177065,147808,13013
224413,2371669,177055,147803,13001
224414,2371695,177050,147803,12987
224415,2371695,177058,147808,12988
224418,2371724,177040,147804,12956
224419,2371724,177023,147798,12941
224420,2371748,177029,147785,12940
224421,2371748,177008,147789,12935
224426,2371805,176974,147778,12910
224427,2371805,176972,147776,12909
224428,2371827,176973,147782,12910
224429,2371827,176977,147776,12910
224430,2371855,176980,147770,12915
224431,2371855,176962,147779,12906
224436,2371904,176929,147753,12887
224437,2371904,176925,147747,12888
224438,2371928,176923,147736,12878
224439,2371928,176913,147739,12872
224446,2372005,176884,147743,12874
224447,2372005,176871,147732,12873
224448,2372029,176879,147737,12877
224449,2372029,176878,147724,12879
224450,2372055,176884,147739,12889
224451,2372055,176890,147735,12882
224452,2372075,176896,147738,12891
224453,2372075,176906,147741,12889
224456,2372116,176922,147741,12893
224457,2372116,176927,147746,12913
224460,2372140,176923,147743,12924
224461,2372140,176932,147749,12912
224462,2372164,176935,147751,12933
224463,2372164,176930,147750,12930
224464,2372184,176936,147748,12925
224465,2372184,176932,147746,12940
224468,2372234,176944,147755,12952
224469,2372234,176940,147743,12945
224470,2372256,176947,147757,12957
224471,2372256,176952,147753,12955
224474,2372283,176957,147748,12963
224475,2372283,176953,147753,12969
224480,2372345,176971,147780,13001
224481,2372345,176990,147779,12989
224482,2372365,176987,147783,13009
224483,2372365,176991,147790,13008
224484,2372394,176996,147799,13016
224485,2372394,176996,147794,13025
224490,2372445,177024,147768,13052
224491,2372445,177012,147776,13056
224494,2372494,177024,147779,13078
224495,2372494,177033,147786,13088
224498,2372535,177007,147783,13106
224499,2372535,176996,147760,13111
224500,2372554,176969,147746,13107
224501,2372554,176931,147735,13112
224502,2372578,176923,147739,13109
224503,2372578,176892,147735,13108
224506,2372607,176829,147734,13079
224507,2372607,176825,147731,13069
224508,2372634,176806,147730,13064
224509,2372634,176795,147729,13051
224510,2372658,176776,147729,13034
224511,2372658,176770,147729,13024
224518,2372738,176724,147715,12982
224519,2372738,176721,147717,12981
224522,2372774,176681,147695,12963
224523,2372774,176671,147693,12946
224524,2372794,176672,147691,12946
224525,2372794,176670,147694,12940
224526,2372817,176671,147686,12939
224527,2372817,176678,147685,12930
224530,2372847,176647,147674,12929
224531,2372847,176630,147678,12932
224538,2372923,176589,147654,12917
224539,2372923,176577,147642,12908
224540,2372946,176580,147642,12898
224541,2372946,176574,147645,12901
224542,2372966,176579,147643,12904
224543,2372966,176583,147652,12900
224544,2372994,176580,147645,12910
224545,2372994,176577,147644,12899
224546,2373016,176573,147653,12899
224547,2373016,176584,147640,12919
224550,2373044,176577,147643,12929
224551,2373044,176576,147643,12921
224554,2373089,176570,147642,12943
224555,2373089,176574,147644,12943
224556,2373117,176576,147639,12947
224557,2373117,176576,147633,12942
224558,2373138,176578,147633,12945
224559,2373138,176585,147633,12950
224562,2373163,176591,147642,12958
224563,2373163,176598,147651,12964
224564,2373185,176606,147652,12964
224565,2373185,176591,147639,12968
224568,2373235,176591,147652,12984
224569,2373235,176600,147653,12984
224572,2373264,176630,147654,13011
224573,2373264,176613,147655,13002
224574,2373285,176635,147657,13021
224575,2373285,176638,147654,13030
224576,2373304,176643,147659,13025
224577,2373304,176635,147654,13031
224578,2373329,176641,147656,13040
224579,2373329,176627,147661,13045
224580,2373355,176648,147665,13053
224581,2373355,176649,147659,13061
224582,2373376,176654,147650,13059
224583,2373376,176649,147650,13061
224586,2373405,176632,147654,13083
224587,2373405,176654,147653,13100
224588,2373433,176640,147655,13096
224589,2373433,176634,147654,13095
224590,2373456,176634,147650,13103
224591,2373456,176636,147651,13113
224596,2373504,176669,147653,13130
224597,2373504,176666,147652,13140
224598,2373529,176674,147652,13144
224599,2373529,176686,147657,13147
224600,2373555,176691,147664,13152
224601,2373555,176682,147667,13164
224608,2373625,176642,147638,13217
224609,2373625,176639,147625,13222
224610,2373659,176614,147613,13222
224611,2373659,176600,147602,13216
224616,2373703,176472,147559,13206
224617,2373703,176431,147568,13208
224618,2373726,176427,147551,13190
224619,2373726,176416,147545,13185
224620,2373758,176399,147543,13171
224621,2373758,176384,147535,13162
224622,2373778,176373,147534,13151
224623,2373778,176375,147552,13147
224628,2373826,176358,147544,13119
224629,2373826,176351,147544,13112
224630,2373843,176341,147546,13111
224631,2373843,176334,147547,13103
224632,2373873,176322,147532,13099
224633,2373873,176326,147531,13089
224634,2373896,176314,147540,13087
224635,2373896,176314,147543,13077
224636,2373918,176316,147545,13076
224637,2373918,176320,147555,13075
224644,2373996,176300,147540,13069
224645,2373996,176297,147532,13060
224650,2374055,176253,147501,13059
224651,2374055,176245,147488,13052
224652,2374076,176238,147489,13055
224653,2374076,176247,147498,13050
224656,2374124,176250,147500,13052
224657,2374124,176245,147495,13048
224660,2374154,176243,147495,13054
224661,2374154,176259,147495,13047
224664,2374205,176266,147498,13062
224665,2374205,176261,147497,13066
224670,2374255,176291,147502,13093
224671,2374255,176304,147505,13090
224672,2374284,176305,147518,13111
224673,2374284,176307,147511,13111
224676,2374309,176323,147519,13126
224677,2374309,176324,147519,13127
224678,2374335,176333,147526,13116
224679,2374335,176326,147518,13120
224680,2374355,176338,147526,13133
224681,2374355,176347,147527,13138
224682,2374375,176345,147537,13130
224683,2374375,176357,147537,13150
224684,2374397,176366,147537,13154
224685,2374397,176376,147542,13148
224686,2374426,176375,147547,13160
224687,2374426,176379,147554,13163
224690,2374456,176375,147556,13180
224691,2374456,176386,147558,13185
224696,2374524,176397,147567,13224
224697,2374524,176413,147566,13220
224698,2374544,176439,147574,13236
224699,2374544,176451,147579,13242
224706,2374618,176493,147607,13276
224707,2374618,176500,147609,13283
224712,2374675,176527,147614,13308
224713,2374675,176526,147621,13316
224716,2374724,176543,147615,13337
224717,2374724,176552,147620,13338
224720,2374754,176533,147619,13361
224721,2374754,176513,147609,13360
224722,2374776,176499,147605,13367
224723,2374776,176482,147613,13359
224724,2374808,176457,147607,13356
224725,2374808,176440,147612,13357
224726,2374825,176426,147602,13345
224727,2374825,176397,147607,13334
224734,2374897,176388,147590,13284
224735,2374897,176370,147609,13278
224736,2374925,176383,147604,13266
224737,2374925,176377,147597,13264
224740,2374949,176370,147594,13251
224741,2374949,176364,147595,13244
224742,2374975,176367,147594,13236
224743,2374975,176368,147587,13235
224744,2374994,176361,147601,13226
224745,2374994,176365,147598,13226
224746,2375019,176363,147605,13220
224747,2375019,176366,147603,13219
224748,2375038,176372,147609,13216
224749,2375038,176365,147608,13213
224750,2375064,176361,147607,13210
224751,2375064,176361,147600,13208
224756,2375115,176355,147609,13198
224757,2375115,176353,147615,13194
224760,2375167,176333,147610,13191
224761,2375167,176332,147610,13193
224766,2375215,176352,147612,13187
224767,2375215,176357,147612,13196
224770,2375267,176375,147620,13192
224771,2375267,176392,147618,13194
224776,2375323,176406,147627,13204
224777,2375323,176410,147625,13202
224780,2375354,176425,147636,13210
224781,2375354,176428,147634,13221
224784,2375394,176435,147635,13225
224785,2375394,176442,147633,13226
224786,2375418,176451,147636,13232
224787,2375418,176460,147644,13232
224788,2375439,176466,147648,13239
224789,2375439,176473,147662,13247
224790,2375464,176490,147655,13250
224791,2375464,176487,147662,13264
224794,2375494,176513,147676,13273
224795,2375494,176514,147672,13283
224796,2375517,176527,147677,13284
224797,2375517,176533,147679,13293
224798,2375545,176537,147681,13293
224799,2375545,176547,147685,13292
224802,2375574,176567,147687,13296
224803,2375574,176568,147701,13304
224804,2375594,176569,147698,13309
224805,2375594,176579,147696,13312
224810,2375657,176600,147714,13338
224811,2375657,176604,147719,13344
224812,2375674,176604,147719,13340
224813,2375674,176605,147714,13353
224814,2375704,176618,147722,13360
224815,2375704,176632,147724,13374
224816,2375726,176627,147712,13374
224817,2375726,176654,147729,13383
224820,2375750,176667,147720,13404
224821,2375750,176657,147730,13414
224822,2375774,176657,147726,13426
224823,2375774,176644,147715,13424
224826,2375815,176583,147700,13423
224827,2375815,176548,147688,13425
224828,2375834,176540,147698,13420
224829,2375834,176513,147688,13406
224832,2375886,176463,147681,13378
224833,2375886,176435,147671,13369
224834,2375909,176447,147663,13361
224835,2375909,176430,147668,13352
224840,2375964,176422,147650,13319
224841,2375964,176421,147647,13316
224844,2375990,176409,147651,13316
224845,2375990,176409,147662,13304
224846,2376017,176410,147655,13302
224847,2376017,176405,147656,13298
224850,2376064,176410,147654,13298
224851,2376064,176415,147651,13291
224856,2376119,176409,147644,13289
224857,2376119,176403,147634,13293
224858,2376149,176401,147632,13287
224859,2376149,176392,147621,13288
224862,2376175,176387,147618,13291
224863,2376175,176389,147614,13286
224864,2376195,176393,147625,13288
224865,2376195,176398,147627,13284
224866,2376220,176400,147629,13285
224867,2376220,176399,147628,13286
224868,2376247,176398,147620,13289
224869,2376247,176407,147623,13289
224872,2376274,176406,147633,13302
224873,2376274,176406,147621,13296
224876,2376326,176404,147624,13305
224877,2376326,176407,147627,13313
224880,2376355,176418,147631,13320
224881,2376355,176413,147628,13324
224882,2376375,176425,147632,13330
224883,2376375,176431,147617,13333
224884,2376404,176431,147640,13338
224885,2376404,176430,147640,13336
224886,2376425,176437,147631,13347
224887,2376425,176441,147629,13351
224890,2376458,176446,147635,13363
224891,2376458,176446,147625,13364
224894,2376504,176463,147631,13381
224895,2376504,176458,147626,13387
224896,2376526,176466,147630,13389
224897,2376526,176464,147636,13396
224898,2376557,176469,147623,13391
224899,2376557,176476,147630,13398
224900,2376580,176487,147631,13415
224901,2376580,176478,147628,13413
224906,2376629,176492,147630,13434
224907,2376629,176493,147634,13449
224908,2376658,176505,147628,13448
224909,2376658,176513,147628,13453
224910,2376673,176506,147632,13460
224911,2376673,176508,147636,13466
224914,2376704,176524,147638,13501
224915,2376704,176529,147644,13508
224920,2376768,176541,147640,13521
224921,2376768,176535,147632,13542
224922,2376796,176518,147626,13532
224923,2376796,176507,147611,13542
224924,2376819,176475,147609,13541
224925,2376819,176454,147598,13536
224928,2376845,176386,147582,13520
224929,2376845,176360,147582,13505
224932,2376889,176300,147562,13477
224933,2376889,176283,147562,13470
224934,2376918,176263,147556,13463
224935,2376918,176256,147556,13457
224938,2376945,176246,147553,13446
224939,2376945,176248,147540,13443
224940,2376975,176241,147546,13441
224941,2376975,176248,147530,13434
224942,2376998,176249,147542,13425
224943,2376998,176236,147534,13432
224944,2377018,176242,147531,13426
224945,2377018,176232,147529,13428
224950,2377068,176207,147517,13414
224951,2377068,176191,147511,13397
224954,2377116,176181,147502,13403
224955,2377116,176193,147509,13396
224958,2377146,176170,147493,13396
224959,2377146,176172,147491,13388
224962,2377195,176150,147471,13390
224963,2377195,176150,147474,13387
224964,2377218,176154,147474,13383
224965,2377218,176167,147488,13384
224968,2377244,176193,147500,13389
224969,2377244,176185,147489,13388
224980,2377364,176233,147481,13416
224981,2377364,176236,147483,13407
224984,2377414,176242,147487,13422
224985,2377414,176248,147477,13426
224986,2377435,176238,147480,13426
224987,2377435,176253,147478,13427
224994,2377505,176270,147482,13445
224995,2377505,176275,147484,13463
224996,2377538,176287,147493,13458
224997,2377538,176288,147496,13466
224998,2377554,176303,147498,13467
224999,2377554,176304,147512,13470
225002,2377584,176321,147501,13493
225003,2377584,176323,147527,13493
225004,2377605,176339,147519,13488
225005,2377605,176328,147528,13501
225006,2377634,176349,147513,13510
225007,2377634,176336,147505,13511
225008,2377655,176345,147525,13517
225009,2377655,176357,147522,13521
225012,2377684,176378,147513,13535
225013,2377684,176379,147515,13545
225016,2377734,176386,147523,13560
225017,2377734,176392,147518,13566
225020,2377767,176400,147528,13584
225021,2377767,176401,147529,13593
225022,2377784,176403,147527,13604
225023,2377784,176410,147503,13608
225024,2377808,176415,147521,13605
225025,2377808,176418,147532,13620
225026,2377837,176429,147530,13620
225027,2377837,176421,147527,13623
225030,2377864,176386,147508,13638
225031,2377864,176359,147492,13639
225032,2377894,176341,147494,13644
225033,2377894,176322,147493,13644
225036,2377919,176252,147469,13611
225037,2377919,176227,147467,13619
225038,2377948,176202,147463,13603
225039,2377948,176202,147462,13599
225040,2377965,176187,147470,13582
225041,2377965,176175,147451,13580
225042,2377994,176180,147447,13565
225043,2377994,176163,147464,13555
225046,2378024,176159,147461,13533
225047,2378024,176152,147456,13534
225048,2378045,176160,147457,13523
225049,2378045,176145,147458,13519
225052,2378094,176125,147448,13513
225053,2378094,176133,147446,13504
225056,2378124,176111,147449,13499
225057,2378124,176120,147441,13500
225058,2378148,176118,147439,13497
225059,2378148,176115,147435,13500
225060,2378168,176126,147427,13494
225061,2378168,176106,147432,13498
225062,2378197,176122,147423,13494
225063,2378197,176101,147420,13500
225068,2378248,176089,147404,13488
225069,2378248,176085,147405,13487
225074,2378304,176083,147400,13490
225075,2378304,176071,147393,13507
225076,2378324,176078,147383,13500
225077,2378324,176067,147383,13498
225078,2378348,176071,147385,13507
225079,2378348,176071,147376,13513
225080,2378368,176070,147378,13495
225081,2378368,176075,147387,13506
225088,2378444,176077,147383,13532
225089,2378444,176081,147383,13538
225090,2378465,176084,147385,13537
225091,2378465,176093,147388,13547
225092,2378495,176089,147387,13546
225093,2378495,176094,147386,13553
225094,2378515,176105,147388,13555
225095,2378515,176106,147385,13563
225098,2378544,176122,147371,13577
225099,2378544,176124,147370,13582
225100,2378567,176131,147366,13589
225101,2378567,176127,147363,13594
225102,2378585,176121,147363,13596
225103,2378585,176119,147359,13598
225108,2378645,176119,147369,13628
225109,2378645,176131,147353,13638
225112,2378686,176129,147343,13646
225113,2378686,176130,147341,13656
225114,2378707,176134,147347,13658
225115,2378707,176131,147347,13664
225116,2378734,176126,147346,13674
225117,2378734,176128,147347,13675
225118,2378759,176125,147332,13690
225119,2378759,176126,147356,13688
225122,2378787,176124,147344,13706
225123,2378787,176127,147346,13717
225128,2378844,176146,147352,13749
225129,2378844,176151,147350,13752
225130,2378874,176140,147344,13761
225131,2378874,176154,147348,13765
225132,2378898,176142,147349,13769
225133,2378898,176145,147344,13778
225136,2378926,176157,147330,13790
225137,2378926,176160,147336,13804
225138,2378957,176160,147340,13810
225139,2378957,176171,147336,13810
225142,2379004,176159,147335,13834
225143,2379004,176145,147328,13837
225144,2379026,176129,147318,13827
225145,2379026,176102,147313,13835
225148,2379056,176021,147291,13821
225149,2379056,175992,147281,13813
225150,2379079,175973,147279,13798
225151,2379079,175945,147274,13787
225152,2379104,175919,147264,13782
225153,2379104,175904,147255,13757
225154,2379125,175880,147248,13755
225155,2379125,175877,147245,13741
225160,2379175,175844,147227,13726
225161,2379175,175836,147229,13723
225162,2379205,175835,147229,13718
225163,2379205,175834,147231,13691
225166,2379238,175828,147233,13685
225167,2379238,175820,147229,13686
225168,2379265,175824,147227,13685
225169,2379265,175820,147229,13673
225170,2379284,175822,147226,13677
225171,2379284,175831,147232,13676
225172,2379305,175839,147230,13676
225173,2379305,175839,147231,13675
225174,2379326,175828,147227,13677
225175,2379326,175826,147227,13675
225178,2379354,175822,147223,13663
225179,2379354,175821,147219,13662
225180,2379374,175813,147219,13666
225181,2379374,175813,147215,13669
225182,2379395,175819,147217,13667
225183,2379395,175821,147213,13674
225186,2379448,175835,147209,13661
225187,2379448,175827,147210,13663
225190,2379476,175832,147214,13676
225191,2379476,175828,147203,13679
225192,2379497,175842,147211,13669
225193,2379497,175833,147204,13681
225194,2379524,175835,147213,13684
225195,2379524,175844,147211,13684
225196,2379547,175845,147204,13694
225197,2379547,175844,147205,13689
225198,2379569,175841,147203,13690
225199,2379569,175838,147193,13686
225202,2379590,175851,147202,13700
225203,2379590,175855,147197,13701
225204,2379618,175868,147191,13709
225205,2379618,175862,147195,13704
225208,2379665,175877,147201,13719
225209,2379665,175897,147201,13714
225210,2379685,175901,147218,13723
225211,2379685,175898,147223,13733
225214,2379714,175917,147226,13743
225215,2379714,175907,147220,13751
225216,2379737,175930,147222,13750
225217,2379737,175929,147227,13757
225218,2379758,175937,147219,13759
225219,2379758,175936,147210,13764
225220,2379786,175962,147225,13769
225221,2379786,175959,147228,13775
225224,2379814,175959,147225,13790
225225,2379814,175965,147223,13803
225226,2379838,175963,147230,13802
225227,2379838,175977,147224,13806
225228,2379865,175975,147218,13810
225229,2379865,175975,147227,13805
225230,2379889,175986,147226,13818
225231,2379889,175986,147225,13824
225236,2379940,176014,147237,13848
225237,2379940,176006,147233,13853
225238,2379965,176018,147228,13857
225239,2379965,176029,147236,13858
225242,2379994,176045,147242,13870
225243,2379994,176037,147252,13879
225248,2380064,176081,147260,13899
225249,2380064,176085,147267,13905
225252,2380094,176107,147276,13927
225253,2380094,176107,147268,13927
225256,2380137,176103,147261,13941
225257,2380137,176080,147250,13944
225258,2380168,176061,147253,13942
225259,2380168,176044,147239,13940
225260,2380184,176035,147234,13934
225261,2380184,175998,147236,13933
225264,2380214,175932,147212,13894
225265,2380214,175920,147216,13875
225266,2380238,175907,147218,13867
225267,2380238,175900,147210,13849
225268,2380258,175887,147209,13848
225269,2380258,175886,147210,13836
225270,2380284,175887,147210,13840
225271,2380284,175885,147211,13831
225276,2380337,175863,147195,13813
225277,2380337,175860,147191,13805
225278,2380365,175860,147194,13817
225279,2380365,175853,147190,13814
225280,2380385,175846,147188,13824
225281,2380385,175855,147177,13822
225282,2380406,175852,147172,13813
225283,2380406,175847,147177,13819
225288,2380449,175825,147159,13796
225289,2380449,175820,147167,13802
225290,2380476,175821,147160,13793
225291,2380476,175819,147160,13790
225292,2380498,175813,147152,13785
225293,2380498,175811,147145,13793
225300,2380578,175780,147131,13787
225301,2380578,175797,147129,13786
225302,2380604,175785,147133,13789
225303,2380604,175789,147127,13786
225306,2380630,175814,147132,13792
225307,2380630,175824,147137,13798
225308,2380655,175825,147135,13812
225309,2380655,175830,147127,13807
225310,2380675,175822,147132,13811
225311,2380675,175829,147127,13812
225312,2380704,175831,147133,13827
225313,2380704,175836,147130,13826
225314,2380724,175831,147137,13833
225315,2380724,175848,147140,13833
225316,2380745,175854,147138,13843
225317,2380745,175850,147142,13839
225318,2380766,175867,147141,13843
225319,2380766,175867,147148,13853
225326,2380834,175900,147143,13866
225327,2380834,175902,147150,13863
225332,2380894,175927,147180,13884
225333,2380894,175928,147170,13890
225334,2380916,175944,147177,13891
225335,2380916,175953,147179,13898
225336,2380939,175968,147176,13900
225337,2380939,175962,147186,13903
225338,2380964,175981,147197,13913
225339,2380964,175987,147190,13908
225342,2380994,176002,147180,13924
225343,2380994,176016,147190,13924
225344,2381017,176023,147204,13925
225345,2381017,176016,147196,13939
225346,2381048,176027,147191,13933
225347,2381048,176029,147191,13939
225350,2381070,176047,147200,13954
225351,2381070,176049,147202,13958
225352,2381094,176062,147205,13962
225353,2381094,176063,147209,13968
225360,2381175,176113,147234,14000
225361,2381175,176131,147236,14009
225366,2381249,176122,147261,14031
225367,2381249,176106,147249,14028
225370,2381275,176057,147239,14018
225371,2381275,176040,147236,14007
225372,2381304,176017,147231,13996
225373,2381304,176004,147217,13989
225374,2381325,175976,147214,13975
225375,2381325,175975,147216,13970
225378,2381355,175953,147230,13935
225379,2381355,175962,147213,13934
225380,2381377,175955,147220,13920
225381,2381377,175954,147216,13918
225382,2381406,175955,147215,13919
225383,2381406,175953,147219,13907
225386,2381448,175943,147207,13903
225387,2381448,175942,147211,13896
225388,2381474,175949,147215,13890
225389,2381474,175952,147211,13881
225392,2381514,175947,147215,13888
225393,2381514,175956,147210,13883
225396,2381544,175962,147197,13883
225397,2381544,175954,147208,13882
225398,2381566,175952,147207,13879
225399,2381566,175951,147212,13882
225400,2381595,175948,147209,13889
225401,2381595,175944,147216,13887
225404,2381620,175953,147213,13875
225405,2381620,175958,147215,13875
225408,2381669,175964,147214,13866
225409,2381669,175969,147217,13857
225414,2381725,175995,147234,13854
225415,2381725,175988,147231,13862
225416,2381744,176003,147234,13864
225417,2381744,176004,147238,13862
225418,2381774,176002,147234,13861
225419,2381774,175994,147233,13864
225420,2381795,176009,147229,13864
225421,2381795,176009,147232,13872
225426,2381856,176075,147260,13891
225427,2381856,176077,147274,13894
225430,2381880,176123,147282,13896
225431,2381880,176123,147283,13907
225434,2381925,176139,147296,13921
225435,2381925,176144,147311,13926
225436,2381954,176148,147304,13922
225437,2381954,176153,147310,13926
225438,2381977,176154,147312,13935
225439,2381977,176157,147307,13926
225442,2382005,176165,147305,13932
225443,2382005,176176,147315,13937
225444,2382030,176180,147304,13938
225445,2382030,176188,147304,13940
225446,2382056,176212,147314,13932
225447,2382056,176204,147310,13948
225452,2382105,176245,147340,13959
225453,2382105,176236,147340,13961
225456,2382149,176268,147363,13967
225457,2382149,176266,147372,13970
225458,2382177,176275,147370,13973
225459,2382177,176297,147364,13978
225462,2382206,176320,147364,13990
225463,2382206,176311,147376,13983
225464,2382225,176334,147373,13994
225465,2382225,176333,147363,13994
225466,2382256,176311,147352,13999
225467,2382256,176304,147357,13996
225470,2382285,176252,147354,13976
225471,2382285,176235,147345,13971
225472,2382307,176216,147349,13946
225473,2382307,176212,147340,13938
225476,2382348,176181,147328,13912
225477,2382348,176180,147328,13902
225480,2382399,176152,147332,13881
225481,2382399,176161,147321,13876
225482,2382419,176171,147314,13866
225483,2382419,176173,147332,13865
225486,2382447,176161,147324,13857
225487,2382447,176155,147327,13853
225488,2382466,176157,147317,13844
225489,2382466,176155,147318,13844
225490,2382495,176156,147316,13841
225491,2382495,176158,147320,13847
225492,2382517,176157,147318,13844
225493,2382517,176153,147317,13842
225496,2382544,176146,147297,13839
225497,2382544,176138,147292,13838
225498,2382567,176142,147293,13833
225499,2382567,176141,147286,13839
225500,2382590,176138,147286,13831
225501,2382590,176131,147281,13831
225502,2382614,176132,147285,13831
225503,2382614,176144,147276,13827
225504,2382638,176141,147283,13825
225505,2382638,176137,147274,13828
225510,2382685,176153,147277,13825
225511,2382685,176164,147281,13829
225512,2382715,176160,147282,13820
225513,2382715,176163,147278,13824
225514,2382739,176171,147261,13827
225515,2382739,176166,147277,13822
225520,2382787,176186,147272,13845
225521,2382787,176196,147278,13842
225522,2382816,176197,147267,13855
225523,2382816,176204,147273,13850
225528,2382868,176224,147267,13878
225529,2382868,176214,147277,13878
225530,2382896,176224,147267,13890
225531,2382896,176243,147284,13897
225534,2382925,176244,147274,13885
225535,2382925,176253,147282,13896
225536,2382945,176249,147275,13898
225537,2382945,176253,147277,13895
225538,2382975,176266,147280,13903
225539,2382975,176247,147270,13903
225540,2382997,176264,147274,13914
225541,2382997,176252,147273,13919
225544,2383024,176260,147276,13932
225545,2383024,176265,147270,13931
225546,2383048,176266,147274,13939
225547,2383048,176284,147278,13942
225548,2383077,176301,147275,13951
225549,2383077,176293,147268,13960
225552,2383104,176322,147278,13978
225553,2383104,176324,147274,13979
225554,2383127,176335,147286,13986
225555,2383127,176347,147276,13989
225556,2383154,176343,147290,14001
225557,2383154,176340,147277,14005
225558,2383177,176339,147279,14009
225559,2383177,176319,147267,14017
225564,2383229,176229,147247,14008
225565,2383229,176209,147239,13987
225566,2383257,176177,147238,13978
225567,2383257,176168,147231,13967
225568,2383279,176143,147220,13950
225569,2383279,176130,147218,13942
225570,2383299,176127,147211,13930
225571,2383299,176118,147210,13918
225574,2383325,176103,147205,13898
225575,2383325,176105,147219,13887
225576,2383346,176098,147218,13883
225577,2383346,176098,147230,13878
225578,2383376,176089,147212,13868
225579,2383376,176087,147223,13869
225582,2383405,176096,147220,13851
225583,2383405,176096,147218,13846
225584,2383428,176090,147215,13841
225585,2383428,176097,147202,13839
225586,2383456,176096,147200,13837
225587,2383456,176097,147207,13832
225590,2383485,176082,147188,13832
225591,2383485,176084,147188,13826
225594,2383526,176061,147170,13821
225595,2383526,176064,147174,13817
225596,2383554,176053,147165,13818
225597,2383554,176043,147157,13811
225600,2383599,176046,147161,13802
225601,2383599,176044,147158,13803
225606,2383647,176035,147151,13801
225607,2383647,176044,147166,13804
225608,2383669,176051,147159,13801
225609,2383669,176049,147163,13805
225610,2383694,176058,147171,13809
225611,2383694,176055,147161,13807
225612,2383718,176062,147170,13814
225613,2383718,176066,147176,13821
225616,2383746,176061,147161,13823
225617,2383746,176068,147160,13826
225618,2383776,176074,147161,13830
225619,2383776,176072,147156,13825
225620,2383798,176085,147160,13833
225621,2383798,176089,147158,13845
225624,2383824,176103,147158,13848
225625,2383824,176109,147160,13851
225626,2383856,176109,147163,13852
225627,2383856,176115,147162,13864
225628,2383874,176124,147167,13860
225629,2383874,176123,147165,13869
225630,2383895,176117,147165,13860
225631,2383895,176127,147155,13869
225634,2383948,176127,147155,13883
225635,2383948,176138,147160,13879
225638,2383975,176148,147161,13895
225639,2383975,176150,147163,13895
225644,2384045,176169,147160,13935
225645,2384045,176177,147155,13932
225646,2384067,176169,147172,13933
225647,2384067,176184,147165,13954
225650,2384098,176195,147183,13970
225651,2384098,176192,147164,13973
225652,2384125,176200,147173,13975
225653,2384125,176200,147175,13976
225654,2384144,176211,147176,13979
225655,2384144,176208,147166,13987
225656,2384165,176218,147178,13989
225657,2384165,176213,147175,13995
225662,2384221,176229,147177,14015
225663,2384221,176215,147167,14023
225664,2384245,176179,147155,14022
225665,2384245,176163,147146,14018
225666,2384268,176128,147150,14014
225667,2384268,176103,147143,14004
225672,2384327,176034,147121,13949
225673,2384327,176007,147118,13935
225676,2384355,176011,147113,13920
225677,2384355,175997,147116,13907
225678,2384377,175991,147119,13902
225679,2384377,175995,147107,13896
225680,2384404,175991,147117,13878
225681,2384404,175982,147110,13877
225682,2384428,175965,147100,13878
225683,2384428,175972,147107,13858
225686,2384457,175937,147089,13853
225687,2384457,175940,147088,13855
225688,2384485,175930,147080,13834
225689,2384485,175939,147079,13848
225690,2384506,175935,147070,13826
225691,2384506,175940,147082,13828
225692,2384527,175936,147068,13821
225693,2384527,175930,147063,13823
225698,2384588,175915,147049,13812
225699,2384588,175911,147056,13807
225702,2384628,175904,147069,13798
225703,2384628,175910,147067,13797
225708,2384686,175923,147062,13791
225709,2384686,175921,147046,13793
225716,2384765,175935,147040,13803
225717,2384765,175923,147046,13813
225718,2384785,175934,147036,13808
225719,2384785,175934,147036,13808
225720,2384805,175940,147032,13810
225721,2384805,175933,147036,13818
225724,2384835,175949,147035,13825
225725,2384835,175949,147040,13825
225726,2384866,175952,147035,13833
225727,2384866,175954,147043,13831
225728,2384885,175965,147033,13841
225729,2384885,175986,147046,13842
225732,2384914,175985,147037,13850
225733,2384914,175984,147053,13862
225736,2384967,175991,147062,13866
225737,2384967,176002,147061,13874
225738,2384986,176009,147064,13879
225739,2384986,176010,147055,13883
225742,2385014,176012,147068,13897
225743,2385014,176011,147055,13896
225744,2385036,176019,147060,13904
225745,2385036,176022,147058,13908
225746,2385056,176026,147061,13908
225747,2385056,176021,147057,13912
225748,2385079,176029,147044,13921
225749,2385079,176033,147045,13930
225750,2385107,176032,147053,13933
225751,2385107,176053,147047,13936
225752,2385127,176039,147040,13938
225753,2385127,176045,147051,13947
225756,2385149,176061,147057,13957
225757,2385149,176061,147054,13972
225758,2385176,176062,147049,13972
225759,2385176,176076,147058,13978
225762,2385225,176079,147065,13989
225763,2385225,176093,147070,13989
225764,2385246,176095,147075,14004
225765,2385246,176101,147075,14004
225766,2385270,176104,147064,14018
225767,2385270,176103,147065,14019
225770,2385295,176110,147061,14044
225771,2385295,176107,147063,14048
225772,2385317,176098,147050,14050
225773,2385317,176065,147051,14050
225774,2385339,176054,147046,14048
225775,2385339,176028,147044,14035
225780,2385405,175923,147029,13982
225781,2385405,175919,147028,13971
225782,2385427,175901,147028,13955
225783,2385427,175902,147028,13950
225786,2385456,175886,147028,13923
225787,2385456,175879,147019,13916
225788,2385478,175870,147024,13912
225789,2385478,175874,147021,13911
225790,2385505,175868,147028,13902
225791,2385505,175864,147019,13901
225794,2385535,175856,147012,13885
225795,2385535,175842,147019,13883
225798,2385584,175835,147005,13871
225799,2385584,175876,147003,13874
225802,2385614,175873,147000,13871
225803,2385614,175868,146993,13873
225804,2385639,175867,146991,13868
225805,2385639,175851,146996,13869
225810,2385695,175834,146976,13868
225811,2385695,175829,146983,13856
225812,2385714,175821,146971,13864
225813,2385714,175827,146975,13858
225814,2385735,175832,146980,13858
225815,2385735,175828,146980,13852
225816,2385755,175825,146972,13852
225817,2385755,175817,146970,13849
225826,2385865,175870,146993,13862
225827,2385865,175868,146996,13873
225828,2385885,175868,146995,13868
225829,2385885,175879,146990,13876
225834,2385935,175905,146990,13894
225835,2385935,175916,146987,13899
225836,2385959,175908,146985,13899
225837,2385959,175917,146987,13908
225838,2385985,175915,146987,13904
225839,2385985,175924,146992,13917
225842,2386015,175951,146998,13923
225843,2386015,175936,147000,13927
225844,2386035,175950,146999,13927
225845,2386035,175954,147002,13934
225846,2386056,175967,147016,13938
225847,2386056,175967,147009,13939
225850,2386110,175982,147014,13956
225851,2386110,175984,147016,13960
225854,2386138,175997,147026,13970
225855,2386138,176006,147037,13979
225856,2386166,176005,147019,13978
225857,2386166,176009,147026,13988
225864,2386235,176055,147064,14019
225865,2386235,176054,147061,14024
225866,2386257,176062,147057,14026
225867,2386257,176070,147060,14031
225868,2386285,176070,147062,14037
225869,2386285,176095,147062,14047
225870,2386306,176094,147072,14052
225871,2386306,176107,147076,14058
225876,2386378,176132,147088,14090
225877,2386378,176139,147093,14105
225880,2386399,176128,147088,14106
225881,2386399,176105,147086,14103
225882,2386424,176094,147088,14096
225883,2386424,176068,147078,14094
225884,2386449,176046,147082,14090
225885,2386449,176033,147074,14073
225892,2386525,175972,147091,14011
225893,2386525,175961,147081,14012
225898,2386575,175962,147082,14001
225899,2386575,175961,147084,13977
225900,2386599,175964,147078,13993
225901,2386599,175961,147085,13984
225902,2386620,175967,147090,13978
225903,2386620,175959,147090,13971
225906,2386664,175976,147095,13965
225907,2386664,175975,147103,13963
225908,2386686,175983,147094,13958
225909,2386686,175974,147095,13954
225912,2386739,175956,147087,13949
225913,2386739,175953,147096,13946
225916,2386765,175942,147093,13942
225917,2386765,175938,147096,13938
225918,2386794,175953,147094,13935
225919,2386794,175950,147098,13933
225922,2386825,175975,147097,13933
225923,2386825,175985,147095,13933
225924,2386846,175986,147105,13936
225925,2386846,175985,147103,13937
225926,2386875,175998,147099,13943
225927,2386875,175998,147112,13943
225930,2386904,175993,147110,13953
225931,2386904,176000,147110,13958
225934,2386956,176019,147120,13967
225935,2386956,176028,147116,13965
225940,2387008,176042,147110,13961
225941,2387008,176040,147109,13968
225942,2387034,176053,147122,13976
225943,2387034,176072,147122,13978
225948,2387085,176085,147149,13991
225949,2387085,176099,147146,13994
225950,2387110,176085,147145,13995
225951,2387110,176108,147159,13996
225956,2387167,176169,147181,14011
225957,2387167,176173,147182,14018
225958,2387195,176182,147187,14020
225959,2387195,176185,147191,14020
225962,2387225,176200,147192,14035
225963,2387225,176205,147184,14035
225966,2387276,176212,147195,14052
225967,2387276,176226,147198,14050
225972,2387326,176250,147207,14078
225973,2387326,176267,147207,14083
225974,2387344,176265,147215,14087
225975,2387344,176275,147225,14087
225976,2387366,176282,147216,14096
225977,2387366,176283,147225,14096
225978,2387395,176285,147220,14109
225979,2387395,176297,147222,14103
225982,2387439,176262,147214,14112
225983,2387439,176238,147219,14106
225986,2387466,176171,147208,14090
225987,2387466,176150,147209,14074
225988,2387495,176131,147194,14056
225989,2387495,176122,147187,14051
225994,2387555,176088,147168,14017
225995,2387555,176082,147175,14005
225996,2387576,176083,147166,14010
225997,2387576,176072,147156,14001
226000,2387604,176028,147139,13988
226001,2387604,176016,147125,13975
226004,2387644,176012,147108,13975
226005,2387644,176011,147098,13966
226006,2387670,176002,147109,13972
226007,2387670,176001,147110,13967
226008,2387695,175993,147098,13966
226009,2387695,175990,147098,13960
226012,2387728,175991,147090,13954
226013,2387728,175979,147089,13956
226016,2387776,175974,147085,13957
226017,2387776,175972,147079,13958
226018,2387799,175972,147088,13954
226019,2387799,175987,147081,13966
226024,2387844,175985,147077,13977
226025,2387844,175999,147075,13972
226026,2387865,175996,147082,13952
226027,2387865,176004,147087,13972
226030,2387916,176010,147074,13961
226031,2387916,176010,147084,13969
226032,2387938,176003,147086,13968
226033,2387938,176013,147080,13976
226036,2387967,176030,147075,13982
226037,2387967,176025,147080,13997
226040,2388014,176032,147087,14008
226041,2388014,176036,147083,14008
226042,2388039,176047,147084,14021
226043,2388039,176048,147081,14024
226050,2388115,176085,147086,14067
226051,2388115,176092,147079,14055
226056,2388168,176098,147089,14082
226057,2388168,176097,147080,14100
226058,2388195,176103,147084,14111
226059,2388195,176103,147085,14103
226060,2388214,176106,147092,14112
226061,2388214,176109,147088,14112
226062,2388239,176108,147087,14114
226063,2388239,176117,147082,14119
226066,2388265,176124,147082,14139
226067,2388265,176131,147071,14148
226068,2388295,176132,147081,14151
226069,2388295,176133,147078,14148
226070,2388315,176137,147089,14159
226071,2388315,176136,147094,14164
226074,2388348,176126,147093,14179
226075,2388348,176095,147081,14182
226076,2388375,176081,147069,14186
226077,2388375,176048,147043,14177
226078,2388398,176040,147062,14170
226079,2388398,176023,147051,14166
226084,2388445,175937,147029,14119
226085,2388445,175924,147017,14105
226086,2388475,175922,147027,14095
226087,2388475,175911,147013,14087
226094,2388545,175873,146997,14050
226095,2388545,175870,146999,14048
226096,2388575,175863,146996,14043
226097,2388575,175862,146996,14042
226102,2388624,175865,146982,14020
226103,2388624,175853,146990,14022
226104,2388647,175846,146985,14023
226105,2388647,175858,146986,14013
226108,2388698,175842,146976,14011
226109,2388698,175839,146986,14012
226110,2388718,175834,146978,14008
226111,2388718,175834,146982,14003
226116,2388768,175839,146975,13994
226117,2388768,175847,146972,14001
226118,2388789,175843,146968,14001
226119,2388789,175842,146969,13998
226120,2388815,175838,146961,13994
226121,2388815,175840,146962,14003
226122,2388837,175843,146962,14001
226123,2388837,175842,146961,13996
226124,2388860,175847,146946,14004
226125,2388860,175844,146945,14008
226126,2388885,175844,146949,14008
226127,2388885,175849,146945,14004
226132,2388937,175859,146937,14024
226133,2388937,175849,146937,14021
226134,2388964,175860,146936,14029
226135,2388964,175854,146933,14031
226136,2388985,175849,146934,14032
226137,2388985,175862,146925,14030
226138,2389004,175857,146930,14040
226139,2389004,175858,146930,14041
226140,2389027,175874,146934,14041
226141,2389027,175870,146923,14055
226144,2389056,175875,146931,14068
226145,2389056,175878,146932,14082
226146,2389085,175893,146929,14090
226147,2389085,175891,146930,14081
226148,2389105,175895,146936,14091
226149,2389105,175902,146934,14093
226150,2389125,175903,146930,14097
226151,2389125,175898,146941,14101
226156,2389175,175917,146935,14109
226157,2389175,175918,146937,14127
226158,2389195,175923,146945,14124
226159,2389195,175916,146937,14125
226160,2389217,175937,146943,14135
226161,2389217,175920,146945,14152
226162,2389245,175934,146953,14147
226163,2389245,175942,146951,14158
226164,2389265,175939,146947,14163
226165,2389265,175936,146943,14165
226168,2389296,175963,146951,14180
226169,2389296,175960,146949,14196
226170,2389315,175965,146962,14198
226171,2389315,175989,146959,14204
226174,2389364,175992,146946,14222
226175,2389364,175987,146951,14222
226176,2389385,175996,146945,14240
226177,2389385,175983,146943,14237
226180,2389412,175909,146917,14238
226181,2389412,175882,146912,14229
226182,2389440,175849,146905,14227
226183,2389440,175826,146897,14210
226184,2389464,175788,146893,14204
226185,2389464,175786,146891,14191
226186,2389486,175763,146888,14172
226187,2389486,175743,146883,14162
226190,2389515,175731,146875,14132
226191,2389515,175735,146873,14118
226192,2389536,175730,146874,14109
226193,2389536,175716,146872,14105
226194,2389565,175711,146871,14102
226195,2389565,175728,146886,14094
226196,2389586,175708,146886,14089
226197,2389586,175699,146874,14086
226198,2389608,175696,146884,14082
226199,2389608,175688,146875,14078
226202,2389634,175689,146877,14065
226203,2389634,175693,146874,14064
226204,2389660,175690,146867,14064
226205,2389660,175699,146858,14054
226206,2389685,175691,146853,14052
226207,2389685,175695,146853,14047
226208,2389707,175688,146855,14058
226209,2389707,175687,146838,14046
226212,2389735,175666,146818,14031
226213,2389735,175656,146817,14039
226214,2389765,175649,146810,14038
226215,2389765,175653,146815,14033
226220,2389825,175645,146814,14033
226221,2389825,175647,146817,14031
226222,2389846,175650,146811,14035
226223,2389846,175651,146810,14035
226228,2389895,175664,146811,14037
226229,2389895,175660,146823,14045
226230,2389925,175662,146820,14047
226231,2389925,175668,146816,14050
226240,2390025,175696,146809,14084
226241,2390025,175703,146810,14084
226242,2390050,175711,146799,14087
226243,2390050,175702,146812,14101
226248,2390098,175718,146800,14109
226249,2390098,175725,146805,14113
226250,2390118,175730,146797,14117
226251,2390118,175730,146808,14119
226252,2390139,175742,146802,14128
226253,2390139,175741,146812,14133
226254,2390161,175751,146812,14135
226255,2390161,175751,146806,14146
226256,2390186,175764,146814,14137
226257,2390186,175756,146817,14142
226260,2390215,175776,146816,14162
226261,2390215,175767,146816,14161
226262,2390240,175776,146815,14178
226263,2390240,175785,146823,14183
226268,2390290,175805,146828,14221
226269,2390290,175807,146826,14225
226272,2390337,175821,146843,14241
226273,2390337,175825,146834,14239
226274,2390358,175838,146834,14250
226275,2390358,175840,146835,14256
226276,2390389,175843,146845,14264
226277,2390389,175848,146844,14254
226278,2390407,175855,146847,14268
226279,2390407,175858,146836,14264
226282,2390435,175870,146844,14283
226283,2390435,175873,146842,14286
226284,2390460,175871,146846,14297
226285,2390460,175856,146848,14295
226286,2390485,175837,146836,14298
226287,2390485,175810,146827,14301
226288,2390509,175775,146818,14296
226289,2390509,175768,146823,14298
226292,2390538,175704,146810,14269
226293,2390538,175678,146799,14260
226294,2390567,175684,146794,14240
226295,2390567,175654,146795,14235
226296,2390589,175655,146801,14232
226297,2390589,175648,146790,14217
226302,2390644,175638,146800,14185
226303,2390644,175627,146789,14180
226308,2390700,175609,146783,14153
226309,2390700,175598,146766,14140
226310,2390725,175605,146787,14135
226311,2390725,175593,146765,14128
226314,2390755,175598,146764,14130
226315,2390755,175599,146753,14129
226318,2390808,175596,146764,14121
226319,2390808,175590,146775,14119
226320,2390828,175592,146762,14118
226321,2390828,175587,146759,14121
226324,2390857,175592,146764,14117
226325,2390857,175581,146771,14107
226326,2390884,175592,146758,14112
226327,2390884,175586,146749,14109
226328,2390905,175597,146745,14105
226329,2390905,175595,146747,14113
226330,2390925,175600,146741,14106
226331,2390925,175605,146743,14105
226336,2390970,175601,146741,14126
226337,2390970,175604,146739,14126
226338,2390997,175609,146738,14121
226339,2390997,175616,146742,14127
226342,2391037,175623,146736,14138
226343,2391037,175629,146736,14136
226346,2391089,175641,146731,14147
226347,2391089,175630,146717,14149
226350,2391114,175643,146736,14169
226351,2391114,175654,146750,14173
226352,2391135,175656,146742,14177
226353,2391135,175653,146739,14180
226354,2391156,175667,146737,14188
226355,2391156,175663,146732,14188
226358,2391205,175673,146737,14215
226359,2391205,175678,146744,14213
226360,2391224,175677,146739,14210
226361,2391224,175677,146735,14221
226362,2391247,175690,146746,14220
226363,2391247,175697,146739,14226
226366,2391275,175706,146746,14232
226367,2391275,175720,146745,14242
226368,2391298,175722,146760,14242
226369,2391298,175731,146760,14253
226370,2391319,175730,146759,14249
226371,2391319,175742,146763,14259
226372,2391345,175735,146761,14261
226373,2391345,175743,146763,14270
226374,2391366,175750,146761,14277
226375,2391366,175768,146772,14281
226380,2391424,175793,146786,14300
226381,2391424,175815,146797,14310
226382,2391456,175820,146799,14318
226383,2391456,175818,146803,14316
226388,2391509,175858,146812,14359
226389,2391509,175865,146816,14361
226390,2391535,175862,146816,14374
226391,2391535,175864,146820,14372
226392,2391555,175870,146823,14381
226393,2391555,175850,146826,14378
226396,2391585,175790,146792,14371
226397,2391585,175768,146792,14364
226398,2391605,175755,146790,14358
226399,2391605,175732,146785,14350
226400,2391627,175710,146780,14337
226401,2391627,175680,146775,14327
226402,2391656,175677,146781,14311
226403,2391656,175671,146782,14307
226408,2391709,175655,146791,14267
226409,2391709,175667,146776,14264
226412,2391757,175661,146767,14264
226413,2391757,175645,146773,14255
226414,2391780,175655,146763,14248
226415,2391780,175653,146768,14237
226420,2391824,175646,146753,14243
226421,2391824,175637,146756,14233
226422,2391858,175642,146744,14238
226423,2391858,175632,146754,14238
226426,2391885,175628,146740,14231
226427,2391885,175627,146738,14226
226428,2391904,175630,146738,14216
226429,2391904,175613,146724,14220
226430,2391927,175618,146739,14218
226431,2391927,175612,146727,14214
226432,2391958,175617,146724,14212
226433,2391958,175615,146723,14215
226434,2391978,175622,146723,14208
226435,2391978,175617,146716,14210
226438,2392000,175636,146731,14206
226439,2392000,175658,146749,14207
226440,2392028,175638,146743,14209
226441,2392028,175636,146731,14212
226442,2392057,175635,146750,14216
226443,2392057,175644,146753,14207
226444,2392077,175657,146760,14212
226445,2392077,175663,146754,14215
226448,2392105,175691,146737,14225
226449,2392105,175694,146750,14224
226450,2392126,175697,146741,14224
226451,2392126,175703,146733,14228
226454,2392166,175709,146743,14242
226455,2392166,175717,146746,14241
226456,2392191,175729,146746,14238
226457,2392191,175725,146752,14243
226458,2392219,175734,146753,14256
226459,2392219,175737,146750,14258
226462,2392247,175730,146767,14262
226463,2392247,175756,146758,14262
226464,2392275,175757,146762,14270
226465,2392275,175774,146771,14270
226466,2392297,175776,146770,14271
226467,2392297,175773,146772,14281
226468,2392318,175783,146770,14281
226469,2392318,175792,146788,14284
226470,2392338,175788,146788,14288
226471,2392338,175803,146784,14292
226474,2392364,175818,146800,14301
226475,2392364,175819,146801,14306
226478,2392406,175834,146799,14313
226479,2392406,175832,146793,14319
226480,2392434,175838,146799,14325
226481,2392434,175855,146800,14330
226482,2392460,175851,146799,14333
226483,2392460,175858,146800,14337
226486,2392485,175868,146795,14349
226487,2392485,175869,146796,14352
226488,2392507,175876,146801,14359
226489,2392507,175886,146806,14356
226490,2392534,175887,146806,14364
226491,2392534,175896,146804,14367
226494,2392567,175883,146794,14383
226495,2392567,175877,146794,14378
226496,2392585,175865,146776,14388
226497,2392585,175834,146781,14378
226498,2392604,175811,146779,14375
226499,2392604,175791,146770,14360
226500,2392626,175777,146772,14360
226501,2392626,175755,146765,14350
226502,2392657,175735,146765,14335
226503,2392657,175732,146765,14327
226504,2392677,175725,146764,14315
226505,2392677,175704,146765,14306
226508,2392704,175702,146765,14295
226509,2392704,175702,146766,14294
226510,2392725,175707,146772,14290
226511,2392725,175704,146760,14287
226512,2392755,175702,146763,14289
226513,2392755,175705,146780,14280
226514,2392779,175709,146763,14279
226515,2392779,175705,146753,14271
226520,2392828,175714,146753,14263
226521,2392828,175715,146749,14259
226522,2392856,175714,146739,14266
226523,2392856,175717,146748,14261
226524,2392876,175706,146744,14262
226525,2392876,175716,146739,14255
226530,2392928,175673,146724,14262
226531,2392928,175690,146732,14257
226532,2392949,175690,146728,14256
226533,2392949,175711,146728,14271
226534,2392976,175679,146728,14263
226535,2392976,175704,146730,14261
226538,2393004,175715,146732,14265
226539,2393004,175717,146726,14265
226540,2393028,175723,146726,14269
226541,2393028,175722,146724,14272
226542,2393056,175734,146723,14271
226543,2393056,175721,146727,14276
226544,2393078,175733,146736,14284
226545,2393078,175740,146725,14286
226548,2393107,175741,146725,14290
226549,2393107,175752,146722,14292
226550,2393135,175747,146722,14290
226551,2393135,175759,146724,14294
226552,2393157,175755,146705,14297
226553,2393157,175755,146708,14296
226556,2393185,175748,146703,14313
226557,2393185,175766,146707,14311
226558,2393207,175774,146727,14316
226559,2393207,175775,146725,14325
226560,2393238,175782,146712,14324
226561,2393238,175785,146729,14331
226564,2393267,175804,146742,14342
226565,2393267,175782,146739,14347
226566,2393295,175791,146733,14356
226567,2393295,175817,146734,14353
226570,2393320,175814,146730,14373
226571,2393320,175832,146736,14379
226572,2393344,175839,146738,14381
226573,2393344,175845,146735,14381
226574,2393365,175834,146727,14388
226575,2393365,175837,146727,14392
226576,2393395,175844,146722,14390
226577,2393395,175855,146725,14402
226578,2393414,175845,146726,14404
226579,2393414,175850,146732,14406
226580,2393435,175858,146734,14411
226581,2393435,175859,146740,14437
226582,2393456,175866,146728,14422
226583,2393456,175873,146732,14431
226586,2393484,175895,146738,14445
226587,2393484,175886,146734,14450
226588,2393514,175890,146738,14458
226589,2393514,175875,146741,14456
226590,2393538,175864,146719,14459
226591,2393538,175844,146706,14458
226596,2393584,175739,146716,14432
226597,2393584,175720,146704,14423
226598,2393616,175683,146693,14413
226599,2393616,175683,146704,14398
226604,2393665,175647,146687,14349
226605,2393665,175647,146679,14348
226606,2393686,175641,146684,14343
226607,2393686,175638,146675,14335
226610,2393738,175623,146674,14327
226611,2393738,175623,146674,14326
226612,2393767,175627,146669,14322
226613,2393767,175629,146675,14308
226616,2393796,175633,146671,14305
226617,2393796,175621,146670,14305
226622,2393850,175616,146640,14294
226623,2393850,175612,146645,14295
226624,2393878,175603,146645,14281
226625,2393878,175603,146643,14295
226626,2393899,175602,146638,14278
226627,2393899,175597,146637,14295
226628,2393920,175596,146636,14302
226629,2393920,175583,146637,14290
226630,2393945,175585,146640,14299
226631,2393945,175593,146627,14297
226632,2393966,175603,146624,14293
226633,2393966,175593,146627,14296
226634,2393986,175605,146633,14291
226635,2393986,175598,146630,14292
226640,2394035,175616,146630,14286
226641,2394035,175616,146634,14291
226642,2394060,175620,146637,14292
226643,2394060,175611,146625,14295
226644,2394085,175638,146626,14291
226645,2394085,175623,146622,14305
226648,2394115,175651,146628,14307
226649,2394115,175631,146626,14304
226650,2394141,175631,146620,14312
226651,2394141,175656,146623,14324
226658,2394215,175698,146630,14343
226659,2394215,175694,146628,14354
226660,2394236,175699,146627,14367
226661,2394236,175707,146631,14359
226662,2394259,175705,146631,14368
226663,2394259,175707,146641,14376
226664,2394288,175697,146629,14379
226665,2394288,175720,146634,14385
226670,2394335,175719,146622,14398
226671,2394335,175724,146627,14401
226676,2394394,175760,146625,14426
226677,2394394,175757,146631,14431
226678,2394419,175761,146638,14436
226679,2394419,175767,146657,14438
226680,2394449,175774,146637,14441
226681,2394449,175782,146661,14448
226684,2394476,175802,146671,14463
226685,2394476,175795,146664,14462
226686,2394508,175812,146668,14459
226687,2394508,175812,146664,14474
226688,2394525,175834,146661,14477
226689,2394525,175830,146656,14482
226690,2394545,175827,146655,14491
226691,2394545,175833,146645,14504
226692,2394569,175825,146655,14500
226693,2394569,175824,146640,14512
226696,2394594,175752,146618,14509
226697,2394594,175726,146612,14505
226698,2394625,175696,146601,14500
226699,2394625,175667,146588,14491
226700,2394649,175647,146596,14475
226701,2394649,175622,146586,14467
226704,2394677,175588,146585,14426
226705,2394677,175569,146583,14423
226706,2394706,175577,146579,14413
226707,2394706,175562,146582,14403
226710,2394730,175563,146599,14388
226711,2394730,175558,146580,14378
226718,2394815,175533,146587,14348
226719,2394815,175536,146587,14341
226722,2394865,175543,146564,14338
226723,2394865,175534,146568,14334
226726,2394894,175530,146558,14330
226727,2394894,175522,146560,14328
226728,2394921,175530,146546,14329
226729,2394921,175520,146556,14328
226732,2394967,175515,146539,14313
226733,2394967,175516,146550,14317
226736,2395004,175511,146545,14316
226737,2395004,175519,146535,14316
226738,2395020,175521,146543,14316
226739,2395020,175511,146536,14317
226740,2395039,175509,146536,14316
226741,2395039,175518,146531,14313
226742,2395065,175526,146539,14311
226743,2395065,175521,146536,14316
226746,2395095,175542,146539,14330
226747,2395095,175542,146535,14345
226748,2395126,175537,146538,14338
226749,2395126,175546,146535,14351
226750,2395145,175547,146538,14346
226751,2395145,175542,146531,14352
226754,2395178,175567,146544,14369
226755,2395178,175566,146517,14370
226756,2395199,175570,146526,14369
226757,2395199,175564,146524,14367
226758,2395228,175568,146534,14378
226759,2395228,175581,146526,14375
226764,2395285,175585,146528,14397
226765,2395285,175588,146538,14401
226768,2395316,175592,146537,14415
226769,2395316,175604,146537,14422
226770,2395336,175612,146545,14431
226771,2395336,175610,146535,14428
226772,2395358,175618,146536,14435
226773,2395358,175635,146531,14442
226778,2395410,175654,146536,14475
226779,2395410,175674,146542,14478
226780,2395436,175668,146548,14481
226781,2395436,175673,146545,14494
226782,2395467,175682,146542,14494
226783,2395467,175674,146555,14498
226784,2395485,175676,146540,14503
226785,2395485,175683,146551,14514
226786,2395506,175678,146542,14521
226787,2395506,175687,146548,14521
226790,2395538,175705,146543,14526
226791,2395538,175713,146558,14531
226798,2395610,175752,146576,14573
226799,2395610,175758,146576,14577
226802,2395656,175765,146578,14597
226803,2395656,175767,146586,14603
226804,2395679,175746,146576,14605
226805,2395679,175731,146571,14592
226806,2395705,175712,146535,14601
226807,2395705,175668,146549,14600
226810,2395737,175603,146529,14578
226811,2395737,175579,146522,14571
226812,2395755,175553,146506,14551
226813,2395755,175533,146502,14545
226814,2395776,175517,146496,14531
226815,2395776,175525,146501,14526
226816,2395801,175505,146500,14515
226817,2395801,175495,146505,14501
226818,2395825,175494,146510,14498
226819,2395825,175484,146506,14488
226820,2395844,175491,146490,14480
226821,2395844,175490,146495,14481
226826,2395905,175462,146488,14459
226827,2395905,175460,146493,14452
226828,2395925,175459,146493,14446
226829,2395925,175459,146495,14439
226830,2395949,175466,146493,14436
226831,2395949,175467,146494,14442
226836,2395999,175452,146488,14433
226837,2395999,175450,146487,14433
226838,2396025,175434,146480,14427
226839,2396025,175437,146474,14423
226842,2396056,175437,146462,14426
226843,2396056,175427,146465,14425
226844,2396084,175428,146451,14423
226845,2396084,175427,146458,14421
226846,2396105,175433,146468,14422
226847,2396105,175434,146459,14411
226850,2396155,175435,146464,14423
226851,2396155,175443,146467,14420
226852,2396178,175446,146453,14419
226853,2396178,175452,146460,14420
226856,2396205,175463,146448,14431
226857,2396205,175460,146463,14427
226858,2396230,175457,146457,14429
226859,2396230,175471,146462,14435
226860,2396257,175474,146461,14438
226861,2396257,175484,146457,14441
226866,2396308,175495,146459,14470
226867,2396308,175496,146455,14473
226868,2396336,175505,146448,14462
226869,2396336,175504,146457,14481
226870,2396360,175509,146450,14482
226871,2396360,175512,146456,14490
226874,2396395,175512,146457,14493
226875,2396395,175517,146458,14501
226876,2396415,175526,146451,14497
226877,2396415,175524,146454,14499
226878,2396436,175538,146459,14502
226879,2396436,175528,146456,14507
226880,2396456,175535,146452,14507
226881,2396456,175528,146455,14504
226884,2396485,175540,146455,14523
226885,2396485,175548,146460,14526
226886,2396505,175542,146462,14530
226887,2396505,175544,146466,14540
226888,2396535,175548,146467,14540
226889,2396535,175565,146467,14545
226890,2396554,175576,146466,14549
226891,2396554,175570,146469,14550
226892,2396580,175592,146468,14558
226893,2396580,175582,146463,14562
226894,2396599,175596,146460,14566
226895,2396599,175601,146462,14572
226898,2396624,175626,146470,14588
226899,2396624,175624,146474,14605
226900,2396646,175634,146479,14607
226901,2396646,175632,146474,14615
226902,2396667,175635,146483,14617
226903,2396667,175624,146476,14612
226904,2396697,175630,146475,14624
226905,2396697,175635,146477,14633
226908,2396725,175657,146491,14641
226909,2396725,175676,146481,14647
226910,2396746,175679,146499,14646
226911,2396746,175689,146501,14657
226912,2396775,175681,146485,14662
226913,2396775,175690,146488,14668
226914,2396799,175682,146480,14668
226915,2396799,175666,146475,14670
226920,2396856,175556,146466,14656
226921,2396856,175529,146443,14646
226922,2396880,175501,146464,14634
226923,2396880,175501,146464,14622
226926,2396905,175464,146451,14589
226927,2396905,175469,146444,14588
226928,2396928,175461,146444,14575
226929,2396928,175459,146443,14570
226930,2396955,175459,146434,14565
226931,2396955,175454,146443,14551
226932,2396979,175455,146440,14555
226933,2396979,175454,146444,14548
226936,2397005,175443,146438,14535
226937,2397005,175432,146426,14534
226938,2397028,175438,146427,14530
226939,2397028,175440,146425,14528
226940,2397056,175434,146427,14531
226941,2397056,175439,146426,14525
226944,2397085,175442,146428,14524
226945,2397085,175442,146421,14522
226946,2397109,175444,146417,14524
226947,2397109,175447,146415,14524
226948,2397129,175443,146420,14524
226949,2397129,175434,146421,14525
226958,2397235,175431,146423,14526
226959,2397235,175436,146427,14525
226964,2397281,175460,146425,14539
226965,2397281,175463,146429,14532
226966,2397305,175459,146427,14532
226967,2397305,175478,146424,14545
226968,2397326,175482,146434,14542
226969,2397326,175488,146428,14544
226970,2397355,175486,146427,14549
226971,2397355,175493,146425,14548
226972,2397375,175511,146422,14560
226973,2397375,175496,146436,14554
226974,2397398,175512,146417,14565
226975,2397398,175519,146438,14563
226978,2397427,175534,146436,14571
226979,2397427,175537,146438,14574
226980,2397457,175545,146437,14575
226981,2397457,175550,146448,14577
226982,2397477,175551,146433,14585
226983,2397477,175559,146441,14593
226984,2397497,175563,146446,14612
226985,2397497,175567,146438,14612
226988,2397529,175602,146446,14629
226989,2397529,175602,146457,14639
226990,2397547,175599,146458,14651
226991,2397547,175614,146476,14649
226992,2397568,175610,146463,14650
226993,2397568,175620,146467,14641
226994,2397595,175632,146468,14666
226995,2397595,175636,146471,14654
226998,2397625,175660,146484,14669
226999,2397625,175675,146485,14672
227002,2397667,175686,146492,14693
227003,2397667,175685,146493,14694
227008,2397737,175737,146514,14727
227009,2397737,175735,146515,14731
227012,2397766,175776,146523,14754
227013,2397766,175784,146528,14758
227014,2397789,175784,146539,14769
227015,2397789,175788,146541,14770
227016,2397815,175804,146538,14775
227017,2397815,175823,146540,14786
227022,2397865,175817,146551,14812
227023,2397865,175784,146543,14814
227024,2397895,175752,146541,14810
227025,2397895,175744,146533,14802
227026,2397916,175696,146522,14799
227027,2397916,175676,146516,14798
227028,2397939,175649,146517,14784
227029,2397939,175621,146510,14772
227034,2397995,175577,146487,14714
227035,2397995,175575,146491,14711
227036,2398015,175573,146493,14703
227037,2398015,175580,146507,14698
227038,2398034,175577,146514,14692
227039,2398034,175584,146512,14689
227040,2398057,175586,146519,14686
227041,2398057,175589,146526,14685
227044,2398085,175586,146537,14674
227045,2398085,175588,146522,14678
227046,2398105,175611,146529,14674
227047,2398105,175606,146517,14673
227048,2398135,175602,146533,14664
227049,2398135,175617,146528,14673
227050,2398159,175615,146512,14664
227051,2398159,175612,146509,14667
227054,2398187,175609,146499,14663
227055,2398187,175608,146499,14662
227056,2398215,175595,146493,14657
227057,2398215,175584,146500,14661
227064,2398285,175597,146507,14651
227065,2398285,175607,146495,14650
227066,2398308,175605,146509,14648
227067,2398308,175607,146509,14653
227068,2398331,175617,146512,14644
227069,2398331,175614,146519,14644
227070,2398355,175617,146514,14651
227071,2398355,175626,146523,14654
227072,2398377,175627,146529,14655
227073,2398377,175644,146531,14658
227076,2398405,175651,146522,14661
227077,2398405,175660,146539,14666
227080,2398456,175683,146541,14671
227081,2398456,175686,146538,14673
227082,2398476,175693,146537,14672
227083,2398476,175701,146541,14681
227088,2398530,175736,146551,14701
227089,2398530,175744,146550,14700
227092,2398578,175752,146553,14703
227093,2398578,175766,146561,14709
227102,2398680,175802,146575,14731
227103,2398680,175815,146570,14744
227106,2398727,175819,146574,14760
227107,2398727,175834,146574,14747
227110,2398755,175839,146592,14767
227111,2398755,175846,146578,14777
227112,2398776,175852,146577,14784
227113,2398776,175854,146580,14783
227114,2398805,175866,146579,14784
227115,2398805,175872,146579,14784
227116,2398828,175874,146589,14789
227117,2398828,175866,146582,14794
227120,2398856,175861,146580,14803
227121,2398856,175845,146570,14800
227122,2398879,175823,146563,14804
227123,2398879,175795,146563,14796
227128,2398936,175671,146533,14745
227129,2398936,175655,146530,14740
227130,2398956,175660,146525,14722
227131,2398956,175658,146525,14717
227132,2398985,175638,146529,14708
227133,2398985,175655,146526,14708
227136,2399015,175664,146530,14685
227137,2399015,175652,146530,14693
227140,2399070,175664,146522,14682
227141,2399070,175655,146533,14685
227144,2399098,175654,146521,14682
227145,2399098,175673,146519,14679
227146,2399126,175660,146523,14666
227147,2399126,175663,146518,14674
227152,2399185,175650,146493,14665
227153,2399185,175651,146487,14663
227154,2399206,175638,146482,14659
227155,2399206,175638,146495,14660
227158,2399235,175642,146499,14651
227159,2399235,175641,146498,14655
227162,2399279,175648,146494,14650
227163,2399279,175642,146495,14647
227164,2399298,175655,146496,14646
227165,2399298,175663,146494,14651
227166,2399328,175670,146495,14644
227167,2399328,175679,146501,14653
227168,2399345,175677,146509,14658
227169,2399345,175686,146503,14658
227172,2399375,175702,146489,14664
227173,2399375,175710,146484,14669
227174,2399396,175702,146473,14672
227175,2399396,175714,146487,14681
227176,2399428,175710,146489,14672
227177,2399428,175713,146498,14681
227178,2399448,175735,146492,14685
227179,2399448,175735,146477,14681
227182,2399477,175736,146494,14698
227183,2399477,175746,146494,14701
227184,2399505,175742,146489,14705
227185,2399505,175745,146491,14710
227186,2399525,175756,146491,14717
227187,2399525,175758,146492,14718
227188,2399545,175765,146501,14719
227189,2399545,175762,146487,14730
227190,2399565,175768,146506,14734
227191,2399565,175767,146514,14732
227194,2399594,175779,146503,14734
227195,2399594,175787,146518,14750
227196,2399625,175795,146521,14744
227197,2399625,175791,146509,14755
227200,2399656,175809,146522,14764
227201,2399656,175813,146515,14774
227202,2399685,175826,146508,14777
227203,2399685,175824,146516,14777
227204,2399706,175829,146504,14786
227205,2399706,175842,146498,14790
227208,2399735,175845,146514,14801
227209,2399735,175847,146507,14803
227210,2399755,175840,146506,14804
227211,2399755,175837,146484,14811
227212,2399778,175809,146497,14812
227213,2399778,175777,146486,14808
227214,2399805,175753,146481,14801
227215,2399805,175745,146477,14796
227218,2399835,175658,146457,14757
227219,2399835,175631,146459,14750
227220,2399860,175614,146455,14729
227221,2399860,175608,146461,14710
227222,2399886,175595,146454,14704
227223,2399886,175596,146448,14689
227224,2399907,175582,146445,14685
227225,2399907,175574,146442,14676
227226,2399928,175575,146433,14679
227227,2399928,175566,146443,14677
227230,2399955,175562,146428,14649
227231,2399955,175557,146427,14651
227232,2399975,175558,146424,14649
227233,2399975,175554,146428,14647
227234,2399996,175546,146421,14636
227235,2399996,175545,146410,14631
227236,2400024,175536,146418,14626
227237,2400024,175550,146410,14617
227240,2400057,175534,146409,14608
227241,2400057,175534,146401,14596
227242,2400078,175527,146403,14599
227243,2400078,175518,146394,14599
227248,2400134,175499,146385,14580
227249,2400134,175495,146375,14580
227250,2400165,175501,146380,14571
227251,2400165,175497,146383,14576
227254,2400190,175519,146376,14571
227255,2400190,175525,146368,14587
227258,2400240,175531,146379,14574
227259,2400240,175543,146382,14578
227262,2400280,175562,146389,14580
227263,2400280,175557,146375,14594
227264,2400307,175560,146383,14598
227265,2400307,175571,146384,14600
227272,2400377,175583,146374,14602
227273,2400377,175582,146373,14613
227274,2400396,175589,146374,14609
227275,2400396,175593,146371,14612
227280,2400457,175619,146389,14633
227281,2400457,175619,146397,14631
227282,2400489,175624,146388,14633
227283,2400489,175636,146400,14638
227284,2400505,175629,146399,14637
227285,2400505,175638,146411,14643
227288,2400535,175671,146393,14658
227289,2400535,175672,146402,14657
227290,2400558,175683,146383,14670
227291,2400558,175692,146396,14672
227292,2400587,175687,146396,14671
227293,2400587,175690,146397,14677
227296,2400615,175699,146399,14692
227297,2400615,175712,146390,14693
227302,2400685,175732,146393,14717
227303,2400685,175739,146395,14721
227304,2400707,175747,146400,14728
227305,2400707,175756,146401,14726
227308,2400735,175739,146395,14746
227309,2400735,175724,146386,14750
227310,2400767,175708,146377,14745
227311,2400767,175674,146378,14741
227312,2400790,175657,146370,14737
227313,2400790,175607,146365,14725
227316,2400815,175552,146373,14689
227317,2400815,175541,146367,14675
227318,2400835,175529,146366,14662
227319,2400835,175515,146355,14647
227320,2400857,175494,146358,14639
227321,2400857,175487,146354,14627
227322,2400875,175485,146342,14623
227323,2400875,175482,146347,14609
227324,2400899,175469,146348,14609
227325,2400899,175475,146335,14591
227326,2400919,175477,146341,14588
227327,2400919,175461,146333,14580
227328,2400948,175469,146329,14570
227329,2400948,175457,146332,14568
227330,2400966,175466,146317,14562
227331,2400966,175452,146323,14555
227332,2400996,175452,146326,14546
227333,2400996,175444,146324,14535
227336,2401020,175449,146314,14537
227337,2401020,175445,146315,14527
227338,2401040,175445,146309,14526
227339,2401040,175440,146307,14523
227340,2401065,175439,146288,14522
227341,2401065,175441,146301,14515
227342,2401089,175436,146289,14506
227343,2401089,175432,146290,14523
227346,2401135,175422,146286,14507
227347,2401135,175416,146267,14505
227350,2401166,175417,146271,14500
227351,2401166,175412,146277,14512
227352,2401188,175422,146279,14507
227353,2401188,175420,146280,14509
227362,2401285,175442,146268,14492
227363,2401285,175441,146267,14505
227366,2401337,175439,146263,14502
227367,2401337,175446,146260,14508
227370,2401366,175446,146260,14514
227371,2401366,175455,146262,14528
227374,2401409,175476,146259,14535
227375,2401409,175485,146262,14533
227376,2401439,175493,146263,14538
227377,2401439,175487,146257,14542
227382,2401495,175507,146261,14572
227383,2401495,175502,146261,14565
227388,2401545,175528,146262,14592
227389,2401545,175522,146257,14594
227390,2401570,175529,146269,14600
227391,2401570,175527,146254,14602
227392,2401590,175533,146255,14598
227393,2401590,175533,146263,14600
227394,2401615,175544,146256,14610
227395,2401615,175536,146257,14611
227396,2401640,175544,146261,14613
227397,2401640,175569,146264,14611
227400,2401665,175566,146251,14629
227401,2401665,175570,146269,14632
227402,2401695,175588,146285,14637
227403,2401695,175575,146280,14638
227404,2401718,175598,146285,14646
227405,2401718,175596,146282,14650
227410,2401775,175634,146299,14670
227411,2401775,175650,146283,14679
227412,2401796,175657,146285,14683
227413,2401796,175658,146279,14681
227414,2401817,175644,146286,14693
227415,2401817,175656,146282,14703
227422,2401895,175530,146242,14698
227423,2401895,175508,146247,14688
227428,2401947,175418,146234,14621
227429,2401947,175412,146227,14611
227430,2401969,175407,146226,14602
227431,2401969,175387,146235,14599
227432,2401995,175392,146214,14584
227433,2401995,175396,146221,14576
227434,2402018,175389,146232,14571
227435,2402018,175383,146235,14562
227436,2402035,175371,146225,14555
227437,2402035,175378,146225,14549
227442,2402090,175353,146217,14518
227443,2402090,175346,146220,14519
227444,2402116,175355,146209,14514
227445,2402116,175348,146199,14508
227446,2402140,175349,146204,14511
227447,2402140,175354,146205,14509
227450,2402167,175349,146186,14500
227451,2402167,175341,146173,14497
227454,2402219,175329,146172,14489
227455,2402219,175334,146171,14480
227458,2402248,175326,146164,14480
227459,2402248,175318,146166,14479
227460,2402269,175323,146169,14474
227461,2402269,175323,146156,14469
227470,2402365,175351,146153,14487
227471,2402365,175350,146152,14485
227474,2402406,175353,146151,14503
227475,2402406,175358,146152,14503
227476,2402435,175357,146149,14500
227477,2402435,175367,146145,14501
227478,2402459,175372,146155,14515
227479,2402459,175381,146150,14496
227482,2402485,175379,146161,14513
227483,2402485,175392,146150,14512
227484,2402516,175391,146147,14517
227485,2402516,175398,146150,14521
227488,2402546,175391,146141,14530
227489,2402546,175391,146144,14531
227490,2402565,175397,146139,14542
227491,2402565,175398,146148,14543
227492,2402586,175407,146154,14549
227493,2402586,175407,146145,14551
227494,2402607,175407,146152,14550
227495,2402607,175432,146150,14568
227496,2402630,175446,146147,14564
227497,2402630,175464,146161,14571
227500,2402680,175468,146158,14588
227501,2402680,175471,146155,14591
227504,2402706,175469,146151,14613
227505,2402706,175465,146164,14618
227508,2402759,175487,146158,14634
227509,2402759,175491,146160,14632
227514,2402805,175506,146169,14651
227515,2402805,175508,146157,14656
227516,2402835,175517,146159,14657
227517,2402835,175516,146147,14663
227518,2402857,175507,146156,14666
227519,2402857,175515,146160,14674
227520,2402879,175533,146155,14680
227521,2402879,175540,146155,14685
227524,2402908,175560,146185,14701
227525,2402908,175570,146191,14707
227526,2402926,175557,146190,14714
227527,2402926,175557,146189,14717
227528,2402945,175567,146192,14718
227529,2402945,175532,146183,14715
227530,2402966,175513,146181,14712
227531,2402966,175486,146162,14712
227532,2402995,175464,146158,14709
227533,2402995,175435,146151,14694
227536,2403025,175376,146137,14663
227537,2403025,175370,146131,14651
227538,2403048,175346,146120,14642
227539,2403048,175336,146118,14628
227540,2403077,175342,146120,14621
227541,2403077,175320,146117,14609
227542,2403098,175320,146121,14600
227543,2403098,175316,146119,14594
227548,2403150,175290,146110,14560
227549,2403150,175284,146113,14555
227550,2403176,175283,146116,14561
227551,2403176,175278,146113,14550
227552,2403196,175284,146104,14546
227553,2403196,175281,146101,14534
227558,2403245,175293,146125,14526
227559,2403245,175289,146114,14519
227560,2403265,175282,146119,14521
227561,2403265,175282,146121,14516
227564,2403307,175282,146116,14517
227565,2403307,175278,146105,14518
227566,2403336,175272,146107,14508
227567,2403336,175284,146092,14502
227572,2403396,175283,146098,14505
227573,2403396,175284,146104,14503
227574,2403417,175278,146097,14505
227575,2403417,175284,146090,14502
227582,2403496,175321,146107,14511
227583,2403496,175322,146107,14516
227584,2403515,175332,146098,14517
227585,2403515,175336,146105,14508
227590,2403588,175354,146110,14544
227591,2403588,175361,146111,14549
227594,2403615,175377,146126,14556
227595,2403615,175380,146133,14551
227596,2403645,175385,146124,14561
227597,2403645,175398,146126,14563
227598,2403667,175396,146127,14557
227599,2403667,175398,146129,14558
227600,2403689,175406,146135,14565
227601,2403689,175407,146139,14567
227604,2403715,175439,146151,14573
227605,2403715,175442,146160,14575
227606,2403746,175446,146161,14579
227607,2403746,175450,146160,14586
227608,2403766,175435,146164,14591
227609,2403766,175455,146167,14596
227610,2403787,175462,146170,14599
227611,2403787,175464,146178,14601
227612,2403809,175491,146169,14606
227613,2403809,175494,146185,14612
227616,2403835,175535,146185,14622
227617,2403835,175533,146189,14628
227618,2403861,175549,146191,14629
227619,2403861,175558,146198,14646
227626,2403947,175594,146206,14678
227627,2403947,175596,146206,14679
227628,2403969,175595,146212,14676
227629,2403969,175608,146212,14692
227632,2403997,175620,146222,14697
227633,2403997,175630,146225,14708
227634,2404025,175650,146223,14704
227635,2404025,175648,146219,14709
227636,2404048,175645,146217,14710
227637,2404048,175641,146216,14722
227642,2404100,175544,146194,14707
227643,2404100,175520,146211,14699
227644,2404125,175500,146197,14692
227645,2404125,175480,146199,14676
227646,2404147,175469,146195,14667
227647,2404147,175444,146184,14654
227654,2404225,175434,146187,14589
227655,2404225,175426,146172,14582
227656,2404247,175432,146183,14577
227657,2404247,175424,146185,14572
227662,2404306,175425,146190,14544
227663,2404306,175436,146183,14543
227664,2404330,175438,146188,14542
227665,2404330,175451,146188,14539
227666,2404349,175441,146192,14536
227667,2404349,175435,146190,14538
227672,2404406,175434,146196,14517
227673,2404406,175433,146208,14515
227674,2404426,175426,146187,14504
227675,2404426,175427,146212,14506
227676,2404449,175430,146205,14501
227677,2404449,175426,146207,14491
227680,2404476,175432,146210,14486
227681,2404476,175444,146220,14479
227682,2404497,175446,146220,14482
227683,2404497,175448,146219,14480
227684,2404525,175451,146217,14486
227685,2404525,175467,146202,14482
227688,2404555,175480,146208,14474
227689,2404555,175469,146208,14479
227690,2404576,175486,146216,14478
227691,2404576,175488,146214,14472
227694,2404629,175496,146207,14478
227695,2404629,175502,146210,14473
227698,2404657,175515,146213,14480
227699,2404657,175511,146211,14486
227700,2404679,175527,146204,14488
227701,2404679,175527,146211,14490
227702,2404707,175533,146205,14491
227703,2404707,175534,146205,14488
227704,2404727,175541,146213,14492
227705,2404727,175543,146213,14497
227710,2404780,175561,146212,14521
227711,2404780,175574,146216,14522
227712,2404806,175572,146209,14531
227713,2404806,175573,146215,14530
227716,2404836,175595,146225,14536
227717,2404836,175591,146216,14536
227718,2404857,175603,146227,14542
227719,2404857,175617,146238,14542
227720,2404886,175620,146227,14534
227721,2404886,175613,146234,14553
227724,2404916,175634,146233,14555
227725,2404916,175622,146228,14554
227726,2404946,175621,146234,14563
227727,2404946,175628,146229,14560
227728,2404965,175618,146230,14563
227729,2404965,175634,146240,14574
227732,2404999,175650,146245,14591
227733,2404999,175653,146248,14591
227736,2405046,175664,146237,14610
227737,2405046,175640,146230,14597
227738,2405066,175618,146219,14608
227739,2405066,175601,146211,14601
227744,2405117,175491,146196,14557
227745,2405117,175482,146199,14539
227746,2405140,175457,146190,14524
227747,2405140,175462,146198,14523
227750,2405185,175453,146194,14491
227751,2405185,175440,146192,14475
227752,2405207,175434,146182,14474
227753,2405207,175441,146178,14462
227756,2405235,175432,146168,14446
227757,2405235,175423,146169,14439
227758,2405264,175437,146164,14435
227759,2405264,175429,146163,14430
227762,2405309,175436,146174,14428
227763,2405309,175426,146175,14423
227766,2405335,175414,146154,14421
227767,2405335,175425,146165,14418
227768,2405359,175415,146169,14412
227769,2405359,175409,146168,14411
227770,2405389,175415,146166,14407
227771,2405389,175414,146158,14408
227772,2405410,175426,146143,14406
227773,2405410,175421,146149,14406
227776,2405436,175417,146145,14398
227777,2405436,175409,146124,14392
227778,2405459,175408,146138,14400
227779,2405459,175412,146133,14396
227780,2405488,175415,146130,14397
227781,2405488,175423,146141,14394
227784,2405516,175422,146138,14403
227785,2405516,175430,146145,14394
227786,2405538,175427,146138,14397
227787,2405538,175432,146148,14414
227790,2405579,175451,146137,14415
227791,2405579,175459,146138,14414
227792,2405607,175460,146145,14419
227793,2405607,175462,146166,14421
227796,2405635,175480,146144,14427
227797,2405635,175490,146166,14446
227800,2405688,175497,146169,14442
227801,2405688,175504,146160,14447
227804,2405710,175532,146157,14456
227805,2405710,175525,146163,14468
227806,2405735,175532,146179,14471
227807,2405735,175529,146159,14474
227808,2405756,175538,146162,14476
227809,2405756,175544,146164,14484
227810,2405786,175543,146151,14478
227811,2405786,175546,146161,14491
227816,2405857,175559,146165,14512
227817,2405857,175574,146159,14508
227818,2405875,175577,146171,14514
227819,2405875,175579,146181,14522
227820,2405898,175589,146176,14526
227821,2405898,175592,146170,14533
227824,2405929,175599,146185,14547
227825,2405929,175604,146180,14545
227826,2405950,175609,146173,14563
227827,2405950,175624,146179,14562
227828,2405970,175618,146179,14570
227829,2405970,175621,146183,14576
227834,2406026,175571,146173,14599
227835,2406026,175546,146170,14602
227836,2406048,175519,146164,14590
227837,2406048,175496,146147,14579
227838,2406075,175471,146151,14578
227839,2406075,175441,146150,14546
227842,2406105,175380,146136,14507
227843,2406105,175371,146140,14494
227844,2406127,175368,146132,14483
227845,2406127,175360,146139,14470
227846,2406157,175350,146135,14459
227847,2406157,175346,146132,14452
227850,2406185,175320,146124,14420
227851,2406185,175322,146119,14431
227852,2406207,175318,146113,14415
227853,2406207,175311,146115,14408
227854,2406235,175304,146112,14412
227855,2406235,175306,146112,14402
227858,2406266,175322,146105,14386
227859,2406266,175330,146105,14382
227860,2406291,175324,146109,14381
227861,2406291,175319,146104,14383
227862,2406310,175323,146091,14379
227863,2406310,175313,146096,14375
227868,2406378,175286,146080,14363
227869,2406378,175277,146082,14364
227872,2406405,175269,146071,14344
227873,2406405,175266,146057,14346
227874,2406426,175263,146063,14343
227875,2406426,175251,146058,14337
227876,2406450,175255,146053,14343
227877,2406450,175257,146048,14345
227878,2406475,175260,146054,14343
227879,2406475,175269,146058,14336
227880,2406496,175264,146048,14340
227881,2406496,175270,146065,14344
227884,2406527,175289,146075,14350
227885,2406527,175293,146063,14349
227886,2406545,175297,146074,14354
227887,2406545,175310,146076,14357
227888,2406568,175312,146078,14349
227889,2406568,175305,146065,14363
227890,2406597,175330,146074,14367
227891,2406597,175324,146067,14361
227892,2406614,175344,146077,14368
227893,2406614,175342,146076,14376
227894,2406638,175344,146055,14381
227895,2406638,175355,146065,14388
227900,2406696,175359,146065,14399
227901,2406696,175363,146064,14403
227904,2406725,175371,146060,14419
227905,2406725,175373,146074,14426
227906,2406755,175391,146065,14425
227907,2406755,175399,146077,14431
227908,2406779,175400,146078,14434
227909,2406779,175393,146079,14440
227912,2406806,175406,146081,14457
227913,2406806,175415,146073,14463
227914,2406831,175411,146091,14464
227915,2406831,175418,146080,14474
227916,2406859,175411,146083,14471
227917,2406859,175416,146091,14481
227920,2406884,175420,146093,14494
227921,2406884,175411,146088,14493
227922,2406906,175397,146073,14500
227923,2406906,175403,146083,14500
227924,2406930,175408,146080,14512
227925,2406930,175411,146082,14511
227930,2406980,175435,146094,14542
227931,2406980,175438,146082,14542
227932,2407006,175437,146085,14553
227933,2407006,175436,146091,14557
227934,2407036,175423,146087,14558
227935,2407036,175407,146081,14560
227936,2407060,175385,146077,14558
227937,2407060,175367,146081,14552
227940,2407086,175281,146065,14529
227941,2407086,175271,146061,14517
227942,2407107,175259,146054,14492
227943,2407107,175234,146057,14477
227944,2407127,175220,146057,14461
227945,2407127,175205,146050,14448
227946,2407148,175206,146052,14441
227947,2407148,175200,146046,14435
227948,2407170,175194,146050,14412
227949,2407170,175182,146046,14408
227950,2407198,175172,146053,14391
227951,2407198,175174,146045,14402
227954,2407227,175156,146040,14382
227955,2407227,175144,146032,14369
227956,2407246,175145,146032,14358
227957,2407246,175134,146033,14350
227958,2407269,175133,146030,14344
227959,2407269,175142,146032,14335
227960,2407289,175131,146032,14326
227961,2407289,175121,146031,14327
227964,2407335,175127,146020,14305
227965,2407335,175121,146019,14302
227968,2407366,175115,146015,14289
227969,2407366,175109,146016,14286
227970,2407386,175104,146015,14277
227971,2407386,175106,146013,14275
227976,2407441,175095,146014,14275
227977,2407441,175114,146006,14269
227978,2407465,175107,146014,14266
227979,2407465,175115,146007,14260
227980,2407485,175118,146012,14265
227981,2407485,175122,146005,14260
227984,2407537,175137,146009,14280
227985,2407537,175139,146001,14272
227986,2407560,175136,146012,14276
227987,2407560,175143,146007,14279
227990,2407586,175150,146001,14273
227991,2407586,175140,146006,14284
227992,2407605,175144,145998,14285
227993,2407605,175137,145990,14291
227994,2407629,175143,145996,14285
227995,2407629,175147,145993,14288
227996,2407657,175148,145990,14296
227997,2407657,175145,145993,14299
228002,2407705,175169,145996,14309
228003,2407705,175180,145989,14314
228004,2407725,175184,145996,14320
228005,2407725,175192,146004,14323
228006,2407755,175191,146014,14325
228007,2407755,175208,146009,14323
228008,2407780,175203,146030,14327
228009,2407780,175193,146024,14334
228012,2407805,175218,146026,14338
228013,2407805,175243,146023,14345
228014,2407835,175238,146026,14354
228015,2407835,175252,146024,14364
228016,2407856,175252,146019,14361
228017,2407856,175266,146026,14364
228022,2407906,175266,146016,14388
228023,2407906,175278,146012,14395
228024,2407935,175269,146035,14412
228025,2407935,175285,146019,14399
228028,2407981,175293,146030,14423
228029,2407981,175302,146031,14424
228032,2408010,175321,146040,14450
228033,2408010,175323,146042,14447
228034,2408029,175333,146048,14451
228035,2408029,175339,146046,14461
228036,2408050,175344,146066,14462
228037,2408050,175353,146060,14469
228042,2408107,175368,146084,14495
228043,2408107,175369,146076,14502
228044,2408130,175335,146072,14502
228045,2408130,175324,146066,14502
228046,2408156,175293,146063,14504
228047,2408156,175270,146054,14494
228048,2408178,175254,146052,14489
228049,2408178,175225,146043,14476
228052,2408206,175171,146028,14440
228053,2408206,175157,146033,14418
228054,2408227,175145,146029,14413
228055,2408227,175138,146033,14395
228058,2408286,175135,146028,14372
228059,2408286,175128,146027,14366
228062,2408310,175107,146016,14329
228063,2408310,175107,146023,14335
228064,2408340,175103,146015,14323
228065,2408340,175100,146017,14329
228066,2408368,175091,146010,14304
228067,2408368,175094,146000,14296
228070,2408395,175105,146006,14286
228071,2408395,175093,146010,14300
228072,2408417,175101,146005,14301
228073,2408417,175086,145999,14296
228074,2408445,175084,146000,14301
228075,2408445,175077,145997,14285
228078,2408475,175074,145989,14289
228079,2408475,175065,145988,14283
228080,2408505,175066,145991,14280
228081,2408505,175068,145984,14277
228082,2408529,175074,145985,14275
228083,2408529,175063,145990,14269
228086,2408556,175066,145991,14257
228087,2408556,175069,145993,14259
228088,2408580,175072,145988,14255
228089,2408580,175076,145995,14262
228090,2408600,175079,145993,14255
228091,2408600,175068,145996,14262
228092,2408626,175080,145992,14258
228093,2408626,175083,145990,14254
228096,2408657,175095,145991,14272
228097,2408657,175097,145996,14274
228100,2408705,175115,145995,14280
228101,2408705,175139,146001,14286
228102,2408727,175142,145992,14300
228103,2408727,175151,146002,14293
228104,2408747,175155,146006,14303
228105,2408747,175146,145998,14313
228110,2408806,175174,146007,14322
228111,2408806,175177,146016,14325
228114,2408835,175188,146008,14331
228115,2408835,175182,146013,14321
228118,2408885,175194,146022,14338
228119,2408885,175196,146008,14341
228120,2408905,175189,146000,14351
228121,2408905,175194,146015,14350
228124,2408935,175224,146020,14360
228125,2408935,175233,146034,14355
228126,2408955,175225,146031,14373
228127,2408955,175241,146037,14383
228128,2408978,175233,146039,14380
228129,2408978,175245,146061,14388
228130,2408999,175269,146052,14392
228131,2408999,175276,146050,14396
228132,2409027,175269,146060,14392
228133,2409027,175289,146066,14399
228136,2409059,175306,146059,14414
228137,2409059,175309,146068,14414
228138,2409075,175330,146059,14430
228139,2409075,175331,146065,14431
228140,2409105,175340,146066,14435
228141,2409105,175338,146071,14439
228142,2409129,175338,146081,14440
228143,2409129,175358,146075,14453
228148,2409176,175372,146093,14476
228149,2409176,175381,146079,14475
228150,2409205,175379,146096,14481
228151,2409205,175362,146080,14480
228154,2409236,175307,146079,14482
228155,2409236,175287,146065,14475
228156,2409256,175252,146065,14458
228157,2409256,175238,146061,14452
228158,2409277,175208,146073,14425
228159,2409277,175195,146068,14418
228166,2409360,175167,146074,14351
228167,2409360,175165,146067,14341
228168,2409385,175167,146067,14341
228169,2409385,175170,146071,14332
228170,2409407,175171,146074,14325
228171,2409407,175167,146075,14315
228174,2409437,175161,146065,14302
228175,2409437,175166,146077,14299
228176,2409466,175166,146061,14294
228177,2409466,175163,146067,14291
228180,2409495,175152,146063,14285
228181,2409495,175161,146059,14280
228182,2409525,175145,146055,14280
228183,2409525,175147,146058,14273
228184,2409545,175149,146063,14264
228185,2409545,175148,146058,14266
228188,2409577,175144,146051,14247
228189,2409577,175141,146058,14247
228190,2409600,175141,146059,14243
228191,2409600,175152,146058,14246
228192,2409625,175151,146059,14246
228193,2409625,175154,146058,14241
228196,2409656,175158,146058,14245
228197,2409656,175166,146054,14245
228200,2409706,175164,146064,14245
228201,2409706,175179,146068,14238
228202,2409725,175179,146066,14242
228203,2409725,175194,146071,14247
228208,2409785,175207,146072,14240
228209,2409785,175208,146068,14239
228212,2409815,175213,146077,14240
228213,2409815,175223,146076,14248
228214,2409836,175220,146073,14248
228215,2409836,175230,146077,14244
228216,2409861,175232,146089,14259
228217,2409861,175229,146081,14255
228218,2409885,175265,146084,14264
228219,2409885,175262,146088,14260
228220,2409907,175255,146083,14266
228221,2409907,175265,146081,14269
228228,2409976,175302,146087,14289
228229,2409976,175315,146094,14294
228232,2410026,175327,146104,14300
228233,2410026,175328,146105,14306
228236,2410056,175331,146103,14312
228237,2410056,175337,146110,14310
228238,2410076,175335,146103,14310
228239,2410076,175350,146106,14315
228240,2410106,175348,146109,14323
228241,2410106,175356,146110,14324
228242,2410127,175366,146105,14330
228243,2410127,175363,146112,14337
228246,2410156,175374,146121,14346
228247,2410156,175374,146109,14349
228248,2410186,175366,146111,14350
228249,2410186,175329,146108,14350
228252,2410217,175286,146112,14341
228253,2410217,175269,146105,14326
228254,2410235,175258,146106,14317
228255,2410235,175239,146100,14308
228256,2410256,175234,146091,14294
228257,2410256,175212,146093,14281
228258,2410287,175216,146090,14272
228259,2410287,175208,146079,14263
228260,2410305,175212,146087,14253
228261,2410305,175201,146090,14243
228264,2410350,175191,146073,14227
228265,2410350,175193,146067,14220
228276,2410468,175177,146067,14194
228277,2410468,175171,146065,14198
228278,2410488,175155,146057,14192
228279,2410488,175167,146063,14187
228282,2410516,175159,146067,14181
228283,2410516,175158,146072,14176
228284,2410546,175158,146074,14176
228285,2410546,175156,146063,14171
228288,2410586,175162,146069,14169
228289,2410586,175159,146070,14169
228292,2410616,175171,146070,14170
228293,2410616,175174,146070,14173
228294,2410635,175173,146070,14172
228295,2410635,175195,146073,14173
228298,2410688,175188,146065,14183
228299,2410688,175199,146059,14179
228300,2410716,175208,146070,14182
228301,2410716,175206,146076,14175
228302,2410738,175210,146075,14187
228303,2410738,175230,146080,14185
228304,2410758,175228,146075,14194
228305,2410758,175236,146074,14187
228308,2410786,175254,146078,14206
228309,2410786,175249,146078,14204
228310,2410816,175255,146078,14206
228311,2410816,175256,146074,14218
228314,2410859,175276,146094,14234
228315,2410859,175278,146088,14237
228318,2410887,175284,146095,14252
228319,2410887,175296,146101,14260
228320,2410916,175300,146106,14266
228321,2410916,175304,146107,14266
228322,2410935,175314,146098,14259
228323,2410935,175312,146104,14264
228324,2410956,175319,146111,14281
228325,2410956,175323,146112,14276
228328,2410986,175328,146109,14292
228329,2410986,175334,146114,14287
228330,2411005,175347,146109,14301
228331,2411005,175342,146118,14299
228332,2411028,175351,146116,14302
228333,2411028,175372,146125,14311
228336,2411075,175355,146123,14333
228337,2411075,175353,146124,14335
228340,2411100,175310,146099,14346
228341,2411100,175277,146101,14345
228342,2411126,175290,146087,14335
228343,2411126,175249,146089,14329
228344,2411146,175230,146084,14321
228345,2411146,175217,146078,14313
228348,2411191,175153,146075,14278
228349,2411191,175154,146067,14274
228350,2411215,175127,146066,14261
228351,2411215,175135,146065,14256
228356,2411265,175106,146046,14225
228357,2411265,175098,146051,14216
228358,2411286,175085,146049,14208
228359,2411286,175081,146045,14199
228360,2411318,175082,146034,14197
228361,2411318,175086,146038,14199
228364,2411345,175085,146048,14181
228365,2411345,175088,146041,14183
228366,2411365,175090,146030,14177
228367,2411365,175077,146038,14183
228368,2411390,175078,146049,14183
228369,2411390,175072,146025,14179
228370,2411415,175070,146041,14174
228371,2411415,175077,146047,14169
228372,2411436,175065,146045,14170
228373,2411436,175078,146029,14176
228380,2411518,175075,146018,14161
228381,2411518,175070,146013,14169
228382,2411539,175065,146014,14162
228383,2411539,175073,146011,14162
228386,2411567,175078,146017,14163
228387,2411567,175088,146018,14175
228388,2411591,175093,146016,14172
228389,2411591,175094,146021,14179
228390,2411615,175096,146016,14176
228391,2411615,175101,146015,14171
228392,2411635,175103,146019,14175
228393,2411635,175109,146017,14188
228394,2411657,175109,146010,14188
228395,2411657,175114,146038,14198
228398,2411686,175133,146042,14210
228399,2411686,175131,146038,14207
228400,2411716,175141,146042,14217
228401,2411716,175146,146042,14221
228402,2411737,175145,146031,14221
228403,2411737,175145,146042,14231
228406,2411767,175172,146042,14236
228407,2411767,175168,146056,14246
228408,2411789,175167,146047,14248
228409,2411789,175171,146039,14261
228410,2411820,175176,146049,14259
228411,2411820,175177,146041,14266
228412,2411837,175179,146042,14270
228413,2411837,175194,146041,14277
228418,2411886,175207,146045,14305
228419,2411886,175213,146051,14300
228420,2411905,175215,146046,14312
228421,2411905,175222,146056,14313
228422,2411929,175226,146062,14321
228423,2411929,175232,146058,14328
228424,2411956,175235,146064,14329
228425,2411956,175250,146067,14334
228426,2411975,175245,146065,14335
228427,2411975,175251,146058,14340
228428,2412001,175256,146062,14347
228429,2412001,175259,146072,14355
228432,2412030,175282,146069,14377
228433,2412030,175275,146062,14381
228434,2412046,175276,146075,14388
228435,2412046,175273,146069,14398
228436,2412075,175262,146064,14407
228437,2412075,175249,146065,14411
228442,2412137,175123,146021,14392
228443,2412137,175090,146024,14378
228444,2412159,175073,146019,14366
228445,2412159,175054,146022,14352
228452,2412238,174996,146021,14290
228453,2412238,174999,146019,14286
228454,2412260,174988,146010,14277
228455,2412260,174982,146010,14277
228458,2412285,174954,146003,14263
228459,2412285,174966,146000,14261
228466,2412369,174965,146000,14243
228467,2412369,174967,146001,14249
228468,2412385,174969,145996,14250
228469,2412385,174954,145995,14243
228470,2412415,174971,146000,14235
228471,2412415,174953,145997,14245
228472,2412438,174949,145988,14241
228473,2412438,174947,145998,14246
228476,2412465,174945,145990,14232
228477,2412465,174947,145994,14234
228478,2412485,174932,145991,14233
228479,2412485,174937,145984,14227
228480,2412510,174941,145986,14229
228481,2412510,174960,145977,14225
228482,2412536,174948,145973,14225
228483,2412536,174937,145979,14221
228486,2412565,174955,145983,14229
228487,2412565,174959,145995,14228
228488,2412588,174975,145993,14235
228489,2412588,174967,146007,14236
228490,2412609,174980,145999,14237
228491,2412609,174975,145983,14243
228492,2412631,174983,146006,14245
228493,2412631,174995,145989,14250
228498,2412688,174994,145987,14267
228499,2412688,175014,145990,14271
228500,2412706,175011,145985,14270
228501,2412706,175020,145983,14276
228502,2412728,175017,145982,14278
228503,2412728,175025,145988,14277
228504,2412748,175025,145978,14291
228505,2412748,175028,145974,14297
228506,2412776,175031,145978,14295
228507,2412776,175029,145987,14294
228508,2412795,175036,145998,14307
228509,2412795,175039,145996,14304
228510,2412818,175045,145993,14310
228511,2412818,175039,145986,14320
228518,2412895,175094,146031,14352
228519,2412895,175091,146009,14354
228522,2412925,175103,146030,14365
228523,2412925,175110,146022,14373
228524,2412946,175111,146034,14378
228525,2412946,175109,146037,14381
228526,2412966,175122,146029,14384
228527,2412966,175132,146033,14393
228528,2412990,175131,146050,14395
228529,2412990,175137,146043,14404
228530,2413016,175147,146039,14409
228531,2413016,175146,146043,14415
228532,2413035,175169,146039,14416
228533,2413035,175162,146043,14432
228534,2413060,175163,146034,14431
228535,2413060,175181,146040,14433
228536,2413088,175185,146057,14437
228537,2413088,175189,146050,14447
228538,2413110,175193,146054,14445
228539,2413110,175187,146055,14457
228542,2413135,175166,146051,14466
228543,2413135,175142,146040,14467
228544,2413154,175121,146048,14466
228545,2413154,175096,146036,14454
228552,2413235,174975,146032,14389
228553,2413235,174972,146037,14388
228554,2413256,174970,146038,14382
228555,2413256,174969,146036,14374
228558,2413305,174961,146037,14355
228559,2413305,174962,146034,14350
228560,2413325,174957,146030,14342
228561,2413325,174947,146037,14338
228562,2413347,174942,146034,14318
228563,2413347,174948,146033,14320
228568,2413395,174950,146035,14292
228569,2413395,174955,146035,14289
228570,2413416,174945,146033,14285
228571,2413416,174939,146029,14282
228574,2413460,174933,146019,14274
228575,2413460,174934,146028,14270
228580,2413518,174949,146024,14262
228581,2413518,174950,146031,14268
228582,2413540,174961,146014,14255
228583,2413540,174956,146020,14267
228584,2413567,174956,146026,14262
228585,2413567,174948,146022,14264
228592,2413645,174961,146026,14267
228593,2413645,174973,146023,14260
228596,2413670,174981,146036,14269
228597,2413670,174991,146020,14265
228598,2413699,174985,146026,14260
228599,2413699,174997,146027,14264
228604,2413756,175025,146039,14281
228605,2413756,175022,146044,14283
228606,2413775,175035,146044,14282
228607,2413775,175039,146053,14285
228608,2413796,175045,146055,14292
228609,2413796,175051,146057,14292
228610,2413826,175070,146075,14292
228611,2413826,175056,146065,14298
228612,2413851,175081,146070,14302
228613,2413851,175067,146071,14306
228616,2413879,175093,146067,14314
228617,2413879,175101,146058,14319
228618,2413905,175105,146051,14326
228619,2413905,175104,146061,14327
228620,2413927,175121,146066,14318
228621,2413927,175123,146064,14331
228624,2413959,175142,146077,14340
228625,2413959,175156,146077,14341
228626,2413977,175157,146080,14355
228627,2413977,175154,146077,14356
228630,2414027,175186,146095,14362
228631,2414027,175198,146092,14370
228632,2414047,175199,146083,14373
228633,2414047,175200,146101,14384
228638,2414095,175253,146124,14404
228639,2414095,175258,146126,14408
228640,2414125,175263,146136,14409
228641,2414125,175250,146132,14415
228642,2414149,175256,146125,14415
228643,2414149,175230,146126,14430
228646,2414177,175182,146111,14407
228647,2414177,175151,146110,14409
228650,2414227,175096,146103,14367
228651,2414227,175083,146100,14350
228654,2414257,175067,146108,14336
228655,2414257,175065,146105,14323
228656,2414276,175061,146111,14321
228657,2414276,175059,146106,14315
228658,2414305,175066,146112,14304
228659,2414305,175059,146110,14298
228664,2414355,175056,146112,14276
228665,2414355,175058,146112,14257
228666,2414376,175054,146104,14257
228667,2414376,175060,146097,14256
228668,2414405,175058,146108,14250
228669,2414405,175065,146106,14251
228670,2414426,175062,146104,14248
228671,2414426,175054,146100,14248
228674,2414459,175042,146092,14247
228675,2414459,175046,146100,14246
228676,2414475,175036,146094,14240
228677,2414475,175033,146097,14227
228678,2414498,175023,146089,14243
228679,2414498,175026,146087,14238
228680,2414526,175015,146083,14227
228681,2414526,175017,146087,14223
228684,2414555,175017,146090,14225
228685,2414555,175016,146072,14205
228686,2414577,175012,146082,14203
228687,2414577,175015,146084,14201
228688,2414607,175010,146083,14203
228689,2414607,175019,146088,14197
228692,2414631,175035,146090,14201
228693,2414631,175035,146090,14196
228694,2414658,175032,146074,14206
228695,2414658,175040,146080,14206
228696,2414680,175042,146077,14208
228697,2414680,175047,146081,14207
228700,2414725,175085,146102,14221
228701,2414725,175084,146099,14220
228706,2414777,175133,146110,14230
228707,2414777,175132,146110,14242
228710,2414830,175141,146117,14249
228711,2414830,175137,146118,14251
228714,2414859,175159,146125,14254
228715,2414859,175164,146120,14263
228716,2414888,175166,146114,14260
228717,2414888,175167,146120,14261
228720,2414915,175185,146114,14261
228721,2414915,175182,146119,14275
228722,2414937,175203,146133,14273
228723,2414937,175206,146126,14277
228724,2414966,175203,146127,14287
228725,2414966,175205,146135,14286
228728,2414995,175212,146142,14299
228729,2414995,175227,146146,14302
228730,2415019,175230,146141,14308
228731,2415019,175231,146145,14310
228732,2415045,175232,146150,14315
228733,2415045,175224,146131,14314
228736,2415071,175162,146117,14318
228737,2415071,175139,146108,14311
228738,2415095,175115,146104,14303
228739,2415095,175098,146104,14297
228740,2415115,175075,146100,14276
228741,2415115,175056,146096,14274
228742,2415137,175039,146096,14258
228743,2415137,175020,146092,14244
228746,2415188,175012,146090,14213
228747,2415188,174993,146086,14214
228752,2415236,174986,146102,14181
228753,2415236,174992,146091,14168
228754,2415265,174997,146095,14163
228755,2415265,174988,146089,14162
228758,2415295,174982,146098,14142
228759,2415295,174990,146085,14144
228764,2415355,174967,146083,14127
228765,2415355,174968,146086,14126
228766,2415376,174953,146075,14122
228767,2415376,174954,146070,14120
228768,2415398,174944,146077,14119
228769,2415398,174956,146069,14114
228770,2415419,174955,146073,14108
228771,2415419,174942,146065,14102
228772,2415446,174944,146062,14108
228773,2415446,174944,146060,14098
228774,2415476,174941,146070,14098
228775,2415476,174942,146066,14096
228776,2415495,174945,146061,14094
228777,2415495,174943,146068,14093
228782,2415546,174953,146057,14093
228783,2415546,174961,146064,14088
228784,2415567,174958,146059,14094
228785,2415567,174969,146058,14096
228792,2415646,175002,146069,14121
228793,2415646,175013,146070,14120
228794,2415667,175013,146072,14134
228795,2415667,175022,146079,14133
228802,2415749,175035,146075,14146
228803,2415749,175039,146081,14159
228806,2415796,175051,146089,14156
228807,2415796,175066,146088,14160
228812,2415851,175077,146089,14188
228813,2415851,175075,146092,14193
228814,2415876,175083,146101,14198
228815,2415876,175089,146098,14200
228816,2415895,175088,146095,14208
228817,2415895,175085,146093,14215
228820,2415928,175115,146089,14228
228821,2415928,175140,146098,14245
228822,2415957,175124,146102,14244
228823,2415957,175151,146102,14256
228824,2415980,175145,146097,14266
228825,2415980,175142,146097,14264
228828,2416006,175088,146086,14279
228829,2416006,175068,146085,14270
228830,2416037,175039,146079,14267
228831,2416037,175025,146080,14250
228834,2416065,174952,146066,14214
228835,2416065,174931,146071,14203
228836,2416086,174937,146066,14188
228837,2416086,174915,146059,14180
228838,2416109,174899,146054,14170
228839,2416109,174897,146051,14160
228840,2416135,174890,146042,14150
228841,2416135,174892,146042,14136
228842,2416159,174881,146041,14133
228843,2416159,174872,146043,14122
228844,2416181,174876,146045,14117
228845,2416181,174861,146044,14112
228848,2416205,174862,146050,14089
228849,2416205,174863,146057,14077
228852,2416259,174857,146055,14063
228853,2416259,174855,146049,14064
228856,2416286,174861,146040,14054
228857,2416286,174856,146044,14052
228858,2416305,174853,146031,14050
228859,2416305,174870,146034,14051
228860,2416328,174854,146031,14044
228861,2416328,174842,146032,14045
228862,2416356,174843,146035,14035
228863,2416356,174844,146022,14039
228866,2416381,174831,146024,14028
228867,2416381,174830,146019,14023
228868,2416407,174826,146021,14025
228869,2416407,174832,146035,14026
228870,2416435,174817,146035,14038
228871,2416435,174824,146027,14021
228872,2416457,174822,146033,14020
228873,2416457,174826,146024,14017
228874,2416475,174817,146022,14021
228875,2416475,174831,146024,14031
228884,2416576,174860,146047,14040
228885,2416576,174868,146057,14043
228888,2416605,174875,146051,14050
228889,2416605,174887,146053,14056
228890,2416635,174889,146052,14058
228891,2416635,174897,146044,14063
228892,2416659,174897,146051,14068
228893,2416659,174902,146046,14073
228894,2416675,174897,146053,14072
228895,2416675,174905,146046,14076
228896,2416697,174911,146049,14077
228897,2416697,174909,146050,14085
228900,2416727,174934,146049,14094
228901,2416727,174928,146052,14105
228902,2416749,174943,146056,14109
228903,2416749,174946,146061,14107
228908,2416805,174985,146070,14132
228909,2416805,174985,146071,14138
228912,2416859,175004,146072,14150
228913,2416859,175009,146082,14169
228920,2416926,175056,146095,14213
228921,2416926,175068,146103,14219
228922,2416950,175070,146105,14230
228923,2416950,175070,146105,14230
228924,2416975,175071,146100,14231
228925,2416975,175074,146101,14239
228930,2417026,174987,146075,14233
228931,2417026,174959,146078,14227
228932,2417057,174935,146075,14219
228933,2417057,174915,146075,14213
228934,2417080,174886,146071,14193
228935,2417080,174860,146071,14181
228938,2417108,174846,146061,14155
228939,2417108,174821,146065,14151
228940,2417126,174811,146057,14134
228941,2417126,174816,146059,14138
228942,2417148,174811,146057,14129
228943,2417148,174810,146062,14125
228944,2417177,174820,146052,14117
228945,2417177,174813,146053,14113
228946,2417198,174810,146055,14107
228947,2417198,174798,146053,14103
228950,2417226,174773,146039,14087
228951,2417226,174771,146046,14089
228952,2417250,174768,146041,14082
228953,2417250,174763,146038,14081
228960,2417336,174742,146030,14063
228961,2417336,174747,146024,14057
228962,2417357,174747,146030,14054
228963,2417357,174731,146012,14050
228966,2417385,174738,146016,14048
228967,2417385,174729,146020,14044
228968,2417409,174725,146007,14051
228969,2417409,174734,146033,14047
228974,2417467,174772,146034,14053
228975,2417467,174771,146036,14049
228976,2417496,174768,146040,14053
228977,2417496,174781,146019,14056
228978,2417520,174791,146021,14063
228979,2417520,174784,146031,14055
228982,2417548,174801,146027,14074
228983,2417548,174800,146023,14072
228984,2417575,174802,146013,14076
228985,2417575,174800,146023,14083
228990,2417625,174820,146023,14103
228991,2417625,174820,146027,14106
228992,2417650,174826,146029,14111
228993,2417650,174831,146028,14116
229000,2417736,174859,146038,14147
229001,2417736,174862,146037,14147
229004,2417767,174883,146055,14166
229005,2417767,174886,146062,14169
229008,2417816,174902,146070,14187
229009,2417816,174906,146062,14193
229012,2417845,174920,146067,14209
229013,2417845,174913,146061,14215
229014,2417870,174930,146068,14218
229015,2417870,174934,146059,14227
229016,2417898,174950,146070,14235
229017,2417898,174954,146083,14243
229020,2417925,174973,146082,14253
229021,2417925,174980,146084,14262
229024,2417971,174986,146081,14267
229025,2417971,174994,146091,14279
229028,2418019,175004,146099,14300
229029,2418019,175013,146098,14301
229032,2418068,174967,146087,14307
229033,2418068,174953,146083,14310
229036,2418098,174879,146066,14298
229037,2418098,174857,146065,14283
229038,2418116,174833,146069,14279
229039,2418116,174820,146060,14273
229040,2418137,174810,146072,14269
229041,2418137,174796,146063,14259
229042,2418161,174787,146076,14235
229043,2418161,174781,146068,14243
229044,2418185,174779,146074,14223
229045,2418185,174772,146062,14215
229046,2418207,174775,146076,14218
229047,2418207,174779,146067,14202
229048,2418230,174761,146078,14196
229049,2418230,174767,146071,14197
229052,2418256,174751,146057,14173
229053,2418256,174755,146064,14170
229054,2418285,174748,146062,14171
229055,2418285,174752,146063,14161
229056,2418306,174748,146058,14167
229057,2418306,174736,146062,14155
229058,2418326,174741,146061,14160
229059,2418326,174733,146062,14153
229062,2418355,174738,146065,14152
229063,2418355,174760,146057,14148
229064,2418376,174747,146057,14156
229065,2418376,174746,146059,14147
229066,2418396,174753,146055,14141
229067,2418396,174751,146063,14145
229068,2418425,174755,146059,14144
229069,2418425,174751,146058,14147
229070,2418448,174747,146058,14144
229071,2418448,174750,146060,14146
229072,2418468,174745,146050,14147
229073,2418468,174758,146060,14135
229076,2418490,174730,146058,14145
229077,2418490,174744,146053,14132
229080,2418535,174749,146059,14143
229081,2418535,174760,146051,14132
229082,2418560,174762,146053,14137
229083,2418560,174764,146054,14145
229086,2418610,174780,146044,14145
229087,2418610,174787,146054,14144
229090,2418637,174811,146049,14149
229091,2418637,174811,146060,14151
229094,2418686,174816,146085,14159
229095,2418686,174840,146088,14164
229098,2418716,174849,146073,14177
229099,2418716,174862,146081,14173
229100,2418740,174866,146083,14180
229101,2418740,174882,146089,14183
229102,2418769,174864,146087,14186
229103,2418769,174879,146091,14188
229106,2418795,174889,146082,14199
229107,2418795,174885,146094,14209
229110,2418846,174905,146081,14211
229111,2418846,174909,146090,14211
229114,2418875,174927,146102,14221
229115,2418875,174924,146103,14223
229116,2418895,174939,146114,14230
229117,2418895,174947,146116,14235
229118,2418919,174949,146114,14239
229119,2418919,174946,146118,14243
229120,2418945,174956,146125,14247
229121,2418945,174965,146120,14242
229124,2418975,174971,146129,14259
229125,2418975,175002,146143,14262
229126,2418999,175005,146157,14270
229127,2418999,175013,146150,14271
229128,2419018,175003,146152,14278
229129,2419018,175011,146161,14277
229130,2419041,175021,146154,14285
229131,2419041,175009,146141,14292
229132,2419065,175000,146156,14294
229133,2419065,174988,146137,14288
229138,2419116,174897,146123,14260
229139,2419116,174883,146120,14251
229140,2419136,174865,146125,14234
229141,2419136,174877,146116,14229
229144,2419188,174844,146120,14197
229145,2419188,174849,146119,14196
229150,2419245,174854,146125,14167
229151,2419245,174835,146128,14160
229154,2419288,174840,146128,14154
229155,2419288,174844,146123,14150
229158,2419317,174842,146115,14149
229159,2419317,174843,146117,14150
229164,2419375,174818,146105,14151
229165,2419375,174828,146106,14144
229166,2419400,174819,146099,14133
229167,2419400,174815,146111,14131
229168,2419426,174815,146102,14127
229169,2419426,174810,146102,14131
229170,2419447,174819,146109,14125
229171,2419447,174810,146103,14117
229176,2419500,174815,146100,14108
229177,2419500,174812,146102,14116
229178,2419526,174824,146104,14119
229179,2419526,174825,146111,14114
229184,2419586,174847,146106,14127
229185,2419586,174851,146115,14129
229190,2419635,174891,146114,14154
229191,2419635,174884,146110,14147
229192,2419659,174892,146114,14140
229193,2419659,174896,146114,14163
229194,2419685,174891,146113,14165
229195,2419685,174897,146114,14160
229196,2419706,174898,146108,14168
229197,2419706,174907,146119,14171
229204,2419785,174923,146117,14185
229205,2419785,174922,146123,14187
229206,2419805,174925,146106,14189
229207,2419805,174930,146113,14199
229212,2419857,174960,146135,14219
229213,2419857,174952,146141,14222
229214,2419885,174978,146143,14217
229215,2419885,174964,146143,14229
229216,2419907,174969,146141,14236
229217,2419907,174992,146146,14237
229218,2419930,174999,146144,14243
229219,2419930,174992,146155,14246
229222,2419955,174965,146133,14242
229223,2419955,174933,146116,14250
229224,2419980,174915,146111,14247
229225,2419980,174891,146110,14234
229226,2420005,174868,146116,14234
229227,2420005,174836,146093,14217
229230,2420031,174810,146084,14183
229231,2420031,174797,146087,14169
229232,2420057,174784,146090,14162
229233,2420057,174784,146086,14158
229234,2420075,174779,146086,14154
229235,2420075,174774,146087,14142
229240,2420131,174754,146084,14110
229241,2420131,174759,146071,14106
229242,2420157,174751,146089,14102
229243,2420157,174745,146084,14090
229244,2420180,174751,146072,14089
229245,2420180,174749,146077,14091
229250,2420236,174743,146081,14080
229251,2420236,174749,146083,14074
229252,2420257,174742,146069,14069
229253,2420257,174739,146077,14070
229256,2420310,174730,146053,14059
229257,2420310,174729,146066,14053
229260,2420336,174731,146047,14053
229261,2420336,174716,146052,14049
229262,2420359,174724,146052,14051
229263,2420359,174718,146066,14046
229264,2420385,174722,146059,14052
229265,2420385,174727,146063,14047
229266,2420408,174729,146055,14049
229267,2420408,174734,146056,14055
229268,2420436,174734,146059,14046
229269,2420436,174738,146054,14053
229272,2420466,174748,146058,14047
229273,2420466,174756,146056,14076
229274,2420485,174750,146053,14050
229275,2420485,174765,146050,14062
229276,2420506,174768,146049,14060
229277,2420506,174774,146055,14073
229278,2420529,174777,146059,14083
229279,2420529,174776,146063,14084
229280,2420559,174787,146063,14091
229281,2420559,174791,146060,14092
229282,2420578,174799,146058,14093
229283,2420578,174798,146057,14100
229288,2420629,174813,146060,14108
229289,2420629,174807,146061,14110
229290,2420647,174825,146064,14107
229291,2420647,174813,146065,14106
229292,2420676,174823,146063,14123
229293,2420676,174826,146056,14126
229294,2420695,174828,146061,14132
229295,2420695,174831,146069,14132
229296,2420716,174845,146062,14131
229297,2420716,174835,146067,14143
229298,2420737,174828,146061,14144
229299,2420737,174845,146071,14147
229302,2420765,174865,146071,14159
229303,2420765,174867,146076,14166
229304,2420786,174883,146081,14183
229305,2420786,174887,146086,14187
229306,2420809,174881,146081,14185
229307,2420809,174904,146077,14191
229308,2420835,174914,146077,14200
229309,2420835,174907,146085,14210
229310,2420860,174915,146079,14207
229311,2420860,174922,146083,14217
229314,2420885,174899,146077,14236
229315,2420885,174856,146066,14233
229316,2420908,174843,146068,14236
229317,2420908,174805,146062,14227
229318,2420930,174785,146055,14214
229319,2420930,174768,146051,14213
229320,2420957,174730,146053,14195
229321,2420957,174700,146038,14172
229324,2420985,174671,146029,14140
229325,2420985,174665,146033,14135
229326,2421009,174667,146030,14124
229327,2421009,174667,146029,14109
229328,2421036,174650,146020,14105
229329,2421036,174643,146021,14098
229332,2421065,174623,146024,14080
229333,2421065,174620,146022,14074
229334,2421086,174614,146028,14060
229335,2421086,174611,146023,14056
229336,2421116,174613,146035,14045
229337,2421116,174610,146021,14039
229338,2421135,174610,146022,14038
229339,2421135,174610,146035,14034
229340,2421155,174623,146034,14033
229341,2421155,174622,146026,14024
229342,2421181,174624,146015,14022
229343,2421181,174634,146014,14028
229346,2421205,174607,145995,14014
229347,2421205,174615,146000,14012
229348,2421225,174604,146009,14006
229349,2421225,174593,145990,14002
229350,2421246,174587,145986,14003
229351,2421246,174580,145984,14012
229352,2421276,174587,145981,14005
229353,2421276,174589,145989,13997
229354,2421295,174586,145988,13995
229355,2421295,174592,145987,13990
229356,2421317,174600,145986,13991
229357,2421317,174592,145998,13990
229358,2421340,174596,145991,13999
229359,2421340,174604,145999,13992
229362,2421367,174612,146006,13993
229363,2421367,174616,146015,13999
229364,2421389,174620,146033,13992
229365,2421389,174623,146007,14000
229366,2421410,174619,146014,13998
229367,2421410,174629,146022,13994
229368,2421439,174625,146022,14000
229369,2421439,174639,146015,14004
229372,2421465,174649,146029,14007
229373,2421465,174652,146024,14013
229376,2421517,174672,146022,14024
229377,2421517,174667,146019,14024
229380,2421546,174672,146026,14032
229381,2421546,174687,146024,14042
229382,2421575,174686,146019,14041
229383,2421575,174688,146024,14042
229384,2421599,174694,146025,14052
229385,2421599,174704,146021,14050
229388,2421625,174716,146033,14069
229389,2421625,174714,146027,14067
229390,2421650,174729,146030,14075
229391,2421650,174731,146036,14078
229392,2421675,174743,146035,14078
229393,2421675,174739,146032,14089
229394,2421699,174748,146037,14084
229395,2421699,174751,146032,14096
229398,2421728,174767,146042,14106
229399,2421728,174777,146047,14132
229404,2421797,174809,146062,14155
229405,2421797,174818,146061,14163
229410,2421850,174843,146072,14180
229411,2421850,174850,146080,14187
229412,2421878,174851,146080,14200
229413,2421878,174853,146086,14195
229418,2421930,174784,146062,14197
229419,2421930,174740,146059,14190
229422,2421976,174660,146044,14154
229423,2421976,174661,146045,14144
229428,2422026,174623,146037,14101
229429,2422026,174615,146042,14086
229430,2422050,174612,146035,14083
229431,2422050,174614,146038,14069
229432,2422077,174598,146040,14078
229433,2422077,174598,146034,14065
229436,2422105,174566,146027,14051
229437,2422105,174575,146020,14036
229438,2422126,174556,146025,14030
229439,2422126,174564,146026,14032
229440,2422147,174559,146020,14023
229441,2422147,174563,146020,14017
229442,2422176,174562,146020,14016
229443,2422176,174570,146008,14014
229444,2422197,174556,146015,14005
229445,2422197,174565,146012,13998
229446,2422217,174576,146003,13995
229447,2422217,174561,145999,13995
229450,2422246,174559,146005,13988
229451,2422246,174564,146003,13983
229452,2422266,174561,146007,13985
229453,2422266,174560,146003,13980
229454,2422289,174560,146020,13982
229455,2422289,174560,146030,13977
229456,2422316,174568,146023,13981
229457,2422316,174575,146035,13975
229458,2422339,174581,146036,13975
229459,2422339,174590,146032,13973
229462,2422367,174590,146023,13979
229463,2422367,174586,146026,13981
229464,2422399,174594,146015,13973
229465,2422399,174597,146019,13978
229466,2422416,174600,146014,13984
229467,2422416,174599,146015,13983
229472,2422469,174619,146023,13992
229473,2422469,174624,146023,13992
229476,2422518,174627,146025,14013
229477,2422518,174644,146025,14015
229480,2422547,174637,146034,14024
229481,2422547,174666,146036,14030
229482,2422575,174663,146043,14034
229483,2422575,174675,146053,14039
229484,2422600,174676,146047,14043
229485,2422600,174678,146048,14042
229488,2422626,174700,146067,14058
229489,2422626,174710,146070,14059
229490,2422649,174718,146079,14063
229491,2422649,174721,146080,14063
229492,2422666,174722,146083,14069
229493,2422666,174730,146082,14074
229494,2422686,174740,146081,14081
229495,2422686,174745,146094,14084
229502,2422766,174778,146099,14114
229503,2422766,174784,146101,14123
229508,2422837,174810,146104,14144
229509,2422837,174807,146118,14142
229510,2422866,174833,146119,14144
229511,2422866,174841,146122,14147
229512,2422887,174839,146125,14162
229513,2422887,174851,146130,14169
229514,2422909,174857,146124,14162
229515,2422909,174850,146121,14172
229520,2422966,174764,146112,14164
229521,2422966,174748,146108,14155
229522,2422990,174717,146112,14155
229523,2422990,174697,146098,14145
229526,2423018,174669,146097,14110
229527,2423018,174666,146108,14083
229528,2423045,174651,146102,14086
229529,2423045,174645,146114,14071
229530,2423066,174646,146105,14073
229531,2423066,174642,146109,14054
229532,2423088,174643,146106,14034
229533,2423088,174631,146103,14030
229536,2423129,174627,146102,14012
229537,2423129,174618,146102,14006
229540,2423155,174596,146102,13983
229541,2423155,174594,146105,13973
229542,2423185,174594,146102,13969
229543,2423185,174598,146102,13972
229546,2423228,174601,146102,13953
229547,2423228,174584,146099,13951
229550,2423257,174594,146085,13939
229551,2423257,174582,146078,13928
229554,2423306,174591,146079,13914
229555,2423306,174590,146085,13908
229558,2423336,174581,146079,13901
229559,2423336,174565,146074,13903
229562,2423385,174571,146081,13894
229563,2423385,174583,146075,13891
229564,2423406,174594,146089,13877
229565,2423406,174590,146082,13883
229566,2423427,174590,146066,13877
229567,2423427,174587,146071,13878
229570,2423456,174616,146070,13880
229571,2423456,174609,146078,13882
229572,2423477,174622,146071,13881
229573,2423477,174621,146093,13884
229574,2423506,174635,146096,13887
229575,2423506,174633,146092,13890
229578,2423546,174637,146104,13899
229579,2423546,174662,146114,13899
229580,2423567,174671,146116,13899
229581,2423567,174669,146106,13897
229584,2423595,174693,146114,13912
229585,2423595,174699,146097,13912
229586,2423617,174707,146110,13917
229587,2423617,174703,146109,13927
229588,2423639,174711,146115,13923
229589,2423639,174710,146094,13932
229590,2423665,174720,146109,13940
229591,2423665,174717,146106,13939
229594,2423695,174732,146110,13946
229595,2423695,174728,146110,13955
229596,2423717,174734,146113,13958
229597,2423717,174740,146118,13965
229598,2423740,174734,146122,13963
229599,2423740,174744,146124,13965
229606,2423816,174784,146134,14004
229607,2423816,174792,146128,14006
229608,2423835,174796,146134,14019
229609,2423835,174777,146136,14018
229610,2423867,174754,146123,14023
229611,2423867,174744,146121,14019
229618,2423948,174622,146098,13952
229619,2423948,174603,146096,13941
229622,2423976,174592,146090,13913
229623,2423976,174590,146096,13905
229624,2423999,174578,146098,13897
229625,2423999,174580,146089,13891
229626,2424025,174577,146091,13888
229627,2424025,174566,146083,13876
229630,2424057,174562,146080,13863
229631,2424057,174551,146077,13852
229632,2424081,174557,146072,13847
229633,2424081,174550,146080,13843
229634,2424107,174554,146073,13842
229635,2424107,174556,146077,13838
229636,2424125,174553,146066,13835
229637,2424125,174551,146077,13838
229638,2424148,174550,146062,13827
229639,2424148,174543,146070,13836
229642,2424175,174533,146058,13837
229643,2424175,174534,146064,13830
229644,2424198,174536,146059,13836
229645,2424198,174516,146054,13817
229646,2424220,174528,146052,13825
229647,2424220,174527,146053,13834
229648,2424250,174518,146049,13831
229649,2424250,174516,146045,13816
229652,2424275,174512,146044,13827
229653,2424275,174516,146043,13821
229654,2424305,174525,146042,13818
229655,2424305,174528,146043,13818
229656,2424326,174528,146044,13817
229657,2424326,174532,146047,13824
229660,2424356,174523,146045,13830
229661,2424356,174545,146043,13831
229662,2424378,174548,146046,13836
229663,2424378,174540,146053,13842
229664,2424407,174545,146050,13842
229665,2424407,174550,146054,13853
229668,2424435,174582,146060,13866
229669,2424435,174577,146054,13867
229670,2424457,174589,146057,13871
229671,2424457,174611,146067,13879
229672,2424487,174614,146071,13891
229673,2424487,174625,146068,13883
229674,2424507,174623,146068,13898
229675,2424507,174634,146075,13907
229678,2424530,174629,146080,13924
229679,2424530,174642,146082,13929
229680,2424558,174641,146084,13924
229681,2424558,174631,146084,13931
229682,2424580,174646,146078,13935
229683,2424580,174654,146086,13937
229690,2424659,174680,146090,13970
229691,2424659,174691,146085,13980
229692,2424675,174693,146093,13979
229693,2424675,174700,146097,13991
229694,2424699,174704,146097,13994
229695,2424699,174711,146099,14004
229698,2424745,174734,146127,14020
229699,2424745,174731,146126,14029
229702,2424775,174771,146144,14044
229703,2424775,174790,146142,14047
229708,2424838,174783,146131,14079
229709,2424838,174755,146127,14083
229714,2424898,174629,146106,14034
229715,2424898,174597,146093,14024
229718,2424945,174555,146094,13993
229719,2424945,174550,146100,13975
229722,2424979,174512,146103,13950
229723,2424979,174514,146099,13945
229726,2425026,174493,146095,13918
229727,2425026,174480,146104,13910
229728,2425049,174485,146102,13908
229729,2425049,174473,146094,13896
229732,2425076,174447,146092,13873
229733,2425076,174463,146102,13866
229734,2425099,174450,146080,13866
229735,2425099,174454,146090,13865
229738,2425147,174457,146086,13854
229739,2425147,174458,146079,13854
229744,2425196,174442,146064,13843
229745,2425196,174441,146067,13840
229746,2425220,174441,146066,13835
229747,2425220,174433,146061,13841
229748,2425250,174433,146060,13838
229749,2425250,174437,146064,13835
229750,2425275,174446,146065,13828
229751,2425275,174435,146060,13828
229756,2425326,174457,146054,13828
229757,2425326,174456,146059,13832
229760,2425368,174470,146062,13837
229761,2425368,174479,146075,13850
229762,2425396,174483,146064,13855
229763,2425396,174489,146067,13857
229768,2425446,174520,146093,13886
229769,2425446,174519,146077,13886
229770,2425470,174525,146080,13894
229771,2425470,174533,146071,13893
229772,2425497,174535,146074,13887
229773,2425497,174546,146080,13895
229776,2425525,174552,146080,13901
229777,2425525,174558,146084,13905
229778,2425546,174555,146083,13911
229779,2425546,174557,146082,13909
229780,2425569,174573,146086,13912
229781,2425569,174556,146088,13926
229782,2425596,174574,146092,13933
229783,2425596,174577,146084,13941
229784,2425615,174571,146091,13940
229785,2425615,174581,146090,13944
229786,2425636,174586,146090,13955
229787,2425636,174592,146095,13959
229790,2425666,174617,146092,13978
229791,2425666,174619,146095,13986
229792,2425700,174635,146104,13985
229793,2425700,174647,146103,14002
229794,2425715,174648,146105,14007
229795,2425715,174667,146115,14015
229796,2425738,174661,146113,14021
229797,2425738,174671,146118,14034
229800,2425766,174669,146114,14043
229801,2425766,174701,146121,14049
229806,2425837,174706,146133,14087
229807,2425837,174718,146142,14095
229810,2425870,174730,146135,14108
229811,2425870,174742,146133,14115
229812,2425895,174745,146125,14116
229813,2425895,174742,146140,14129
229814,2425915,174752,146132,14137
229815,2425915,174743,146144,14136
229818,2425945,174699,146138,14137
229819,2425945,174658,146114,14137
229820,2425967,174649,146123,14125
229821,2425967,174618,146127,14122
229822,2425991,174598,146127,14111
229823,2425991,174575,146116,14108
229824,2426015,174565,146116,14091
229825,2426015,174557,146117,14075
229830,2426067,174516,146100,14045
229831,2426067,174515,146102,14038
229832,2426087,174515,146106,14034
229833,2426087,174505,146099,14024
229834,2426110,174485,146089,14030
229835,2426110,174478,146102,14023
229836,2426136,174479,146085,14011
229837,2426136,174480,146088,14008
229842,2426185,174477,146084,13991
229843,2426185,174483,146090,13989
229844,2426208,174475,146093,13990
229845,2426208,174470,146085,13987
229846,2426235,174478,146085,13987
229847,2426235,174474,146076,13981
229850,2426266,174461,146073,13980
229851,2426266,174461,146079,13980
229852,2426285,174458,146079,13987
229853,2426285,174442,146084,13978
229854,2426318,174447,146074,13980
229855,2426318,174455,146080,13977
229858,2426346,174450,146087,13978
229859,2426346,174454,146073,13977
229860,2426365,174454,146079,13977
229861,2426365,174443,146077,13985
229862,2426390,174457,146079,13988
229863,2426390,174462,146070,13990
229864,2426419,174466,146068,13989
229865,2426419,174474,146073,13992
229868,2426446,174489,146077,13999
229869,2426446,174500,146067,14011
229870,2426467,174490,146078,14007
229871,2426467,174492,146081,14016
229872,2426495,174498,146075,14022
229873,2426495,174509,146073,14023
229874,2426516,174518,146084,14024
229875,2426516,174526,146083,14025
229876,2426537,174530,146075,14034
229877,2426537,174527,146086,14041
229880,2426565,174546,146085,14051
229881,2426565,174548,146092,14056
229886,2426625,174573,146092,14083
229887,2426625,174589,146107,14096
229888,2426648,174588,146105,14101
229889,2426648,174591,146106,14118
229890,2426669,174596,146112,14121
229891,2426669,174603,146116,14125
229892,2426695,174600,146114,14123
229893,2426695,174608,146122,14114
229896,2426725,174640,146129,14139
229897,2426725,174636,146135,14140
229898,2426746,174640,146124,14141
229899,2426746,174648,146141,14149
229900,2426769,174652,146135,14156
229901,2426769,174652,146142,14164
229902,2426795,174668,146152,14159
229903,2426795,174665,146153,14173
229906,2426825,174673,146160,14191
229907,2426825,174683,146167,14201
229908,2426848,174689,146169,14201
229909,2426848,174709,146176,14206
229910,2426875,174709,146175,14209
229911,2426875,174734,146180,14221
229912,2426895,174750,146189,14228
229913,2426895,174747,146182,14228
229916,2426925,174749,146191,14251
229917,2426925,174767,146193,14257
229918,2426951,174786,146197,14263
229919,2426951,174789,146204,14277
229926,2427026,174731,146186,14301
229927,2427026,174715,146190,14288
229928,2427050,174683,146183,14284
229929,2427050,174665,146180,14280
229930,2427075,174637,146187,14266
229931,2427075,174615,146169,14249
229932,2427096,174611,146169,14239
229933,2427096,174591,146184,14232
229936,2427129,174583,146180,14205
229937,2427129,174591,146184,14197
229938,2427150,174577,146183,14197
229939,2427150,174582,146193,14197
229940,2427175,174580,146196,14190
229941,2427175,174588,146199,14180
229944,2427206,174561,146204,14178
229945,2427206,174585,146198,14172
229948,2427257,174588,146185,14165
229949,2427257,174586,146191,14163
229952,2427286,174599,146181,14168
229953,2427286,174601,146185,14159
229954,2427308,174575,146190,14167
229955,2427308,174575,146174,14159
229956,2427337,174579,146179,14155
229957,2427337,174581,146171,14155
229960,2427365,174575,146185,14146
229961,2427365,174573,146183,14143
229962,2427387,174568,146193,14141
229963,2427387,174566,146180,14136
229966,2427435,174577,146191,14138
229967,2427435,174577,146192,14135
229970,2427465,174583,146201,14137
229971,2427465,174579,146203,14135
229972,2427486,174598,146209,14139
229973,2427486,174606,146213,14140
229974,2427505,174604,146222,14138
229975,2427505,174622,146228,14144
229978,2427551,174633,146221,14154
229979,2427551,174641,146232,14150
229980,2427577,174651,146232,14159
229981,2427577,174661,146230,14156
229984,2427605,174672,146247,14159
229985,2427605,174672,146230,14166
229986,2427635,174685,146239,14163
229987,2427635,174688,146245,14170
229988,2427657,174698,146239,14164
229989,2427657,174698,146242,14166
229992,2427708,174715,146249,14178
229993,2427708,174731,146251,14178
229996,2427735,174732,146251,14183
229997,2427735,174750,146257,14194
229998,2427756,174752,146258,14181
229999,2427756,174754,146253,14192
230000,2427787,174755,146264,14201
230001,2427787,174768,146258,14193
230002,2427809,174775,146270,14200
230003,2427809,174780,146264,14205
230006,2427835,174794,146273,14227
230007,2427835,174802,146277,14228
230008,2427859,174809,146281,14229
230009,2427859,174812,146276,14240
230010,2427886,174818,146279,14244
230011,2427886,174822,146280,14247
230012,2427905,174836,146286,14259
230013,2427905,174837,146284,14259
230014,2427927,174845,146283,14258
230015,2427927,174857,146286,14270
230016,2427950,174867,146286,14269
230017,2427950,174867,146289,14278
230020,2427977,174867,146281,14288
230021,2427977,174876,146290,14300
230022,2427997,174869,146280,14291
230023,2427997,174848,146274,14302
230024,2428026,174833,146263,14300
230025,2428026,174808,146270,14300
230026,2428046,174779,146260,14292
230027,2428046,174768,146253,14282
230032,2428098,174689,146243,14252
230033,2428098,174673,146237,14245
230034,2428120,174662,146234,14237
230035,2428120,174689,146238,14237
230038,2428168,174672,146230,14228
230039,2428168,174675,146241,14232
230042,2428196,174681,146220,14221
230043,2428196,174678,146234,14227
230044,2428217,174668,146227,14223
230045,2428217,174678,146228,14225
230046,2428245,174680,146227,14224
230047,2428245,174669,146229,14217
230050,2428275,174681,146217,14221
230051,2428275,174669,146214,14213
230052,2428296,174673,146206,14221
230053,2428296,174660,146209,14212
230054,2428327,174655,146201,14219
230055,2428327,174667,146199,14215
230056,2428350,174659,146200,14216
230057,2428350,174657,146189,14211
230060,2428379,174649,146201,14222
230061,2428379,174658,146217,14222
230066,2428436,174684,146218,14228
230067,2428436,174673,146212,14220
230068,2428458,174684,146206,14229
230069,2428458,174689,146206,14232
230070,2428485,174698,146216,14233
230071,2428485,174701,146191,14239
230072,2428510,174695,146220,14249
230073,2428510,174697,146198,14253
230076,2428536,174707,146205,14262
230077,2428536,174722,146206,14262
230078,2428566,174728,146204,14265
230079,2428566,174730,146203,14278
230080,2428586,174738,146206,14280
230081,2428586,174728,146200,14282
230082,2428608,174736,146208,14280
230083,2428608,174743,146207,14295
230086,2428638,174765,146210,14308
230087,2428638,174769,146205,14312
230088,2428668,174781,146207,14319
230089,2428668,174772,146223,14323
230090,2428685,174792,146219,14330
230091,2428685,174793,146237,14331
230096,2428739,174821,146246,14359
230097,2428739,174828,146244,14363
230098,2428756,174827,146242,14369
230099,2428756,174836,146240,14373
230100,2428785,174833,146247,14386
230101,2428785,174850,146242,14383
230104,2428815,174856,146249,14403
230105,2428815,174857,146246,14404
230108,2428866,174881,146246,14424
230109,2428866,174882,146250,14428
230112,2428896,174901,146257,14454
230113,2428896,174908,146261,14449
230114,2428916,174914,146260,14459
230115,2428916,174912,146261,14464
230122,2428996,174793,146228,14451
230123,2428996,174763,146213,14443
230124,2429025,174747,146218,14426
230125,2429025,174732,146230,14428
230126,2429050,174723,146214,14408
230127,2429050,174705,146216,14411
230130,2429076,174677,146218,14390
230131,2429076,174684,146217,14390
230132,2429106,174687,146219,14387
230133,2429106,174678,146213,14382
230136,2429136,174659,146214,14376
230137,2429136,174662,146217,14363
230138,2429155,174654,146210,14364
230139,2429155,174647,146210,14351
230140,2429176,174651,146218,14355
230141,2429176,174651,146199,14341
230142,2429207,174656,146211,14349
230143,2429207,174658,146208,14342
230144,2429225,174650,146202,14341
230145,2429225,174650,146210,14342
230150,2429281,174634,146196,14339
230151,2429281,174626,146190,14338
230152,2429306,174620,146186,14337
230153,2429306,174622,146173,14329
230156,2429339,174637,146187,14334
230157,2429339,174638,146179,14340
230158,2429356,174644,146186,14338
230159,2429356,174644,146176,14352
230164,2429416,174666,146184,14347
230165,2429416,174662,146190,14354
230166,2429436,174662,146186,14366
230167,2429436,174663,146180,14363
230168,2429466,174686,146191,14366
230169,2429466,174672,146194,14357
230172,2429509,174695,146186,14369
230173,2429509,174699,146191,14368
230176,2429536,174699,146175,14380
230177,2429536,174704,146185,14382
230178,2429565,174706,146176,14388
230179,2429565,174710,146179,14385
230184,2429617,174725,146198,14419
230185,2429617,174734,146199,14420
230186,2429648,174734,146200,14418
230187,2429648,174738,146210,14429
230188,2429669,174760,146204,14427
230189,2429669,174763,146209,14432
230192,2429697,174780,146201,14448
230193,2429697,174776,146205,14460
230194,2429725,174778,146188,14454
230195,2429725,174780,146201,14465
230196,2429748,174801,146197,14466
230197,2429748,174795,146183,14472
230200,2429776,174804,146190,14485
230201,2429776,174812,146195,14493
230202,2429795,174816,146190,14496
230203,2429795,174825,146195,14499
230204,2429816,174826,146191,14507
230205,2429816,174831,146203,14504
230206,2429840,174835,146195,14517
230207,2429840,174834,146205,14521
230210,2429886,174860,146203,14538
230211,2429886,174869,146206,14546
230212,2429909,174866,146209,14551
230213,2429909,174881,146206,14556
230216,2429936,174881,146233,14569
230217,2429936,174868,146231,14574
230218,2429966,174848,146204,14575
230219,2429966,174838,146216,14577
230220,2429986,174810,146205,14565
230221,2429986,174780,146199,14568
230222,2430010,174754,146176,14553
230223,2430010,174723,146185,14553
230226,2430036,174664,146171,14516
230227,2430036,174651,146172,14515
230228,2430057,174642,146161,14501
230229,2430057,174645,146165,14492
230232,2430109,174632,146167,14479
230233,2430109,174626,146170,14466
230236,2430159,174625,146165,14461
230237,2430159,174614,146164,14455
230240,2430188,174616,146154,14452
230241,2430188,174608,146154,14433
230242,2430216,174616,146149,14439
230243,2430216,174622,146165,14431
230246,2430246,174635,146156,14428
230247,2430246,174621,146157,14442
230248,2430270,174624,146154,14443
230249,2430270,174627,146158,14440
230254,2430326,174614,146149,14440
230255,2430326,174610,146148,14436
230256,2430348,174618,146146,14440
230257,2430348,174609,146153,14439
230258,2430375,174604,146149,14430
230259,2430375,174620,146167,14420
230260,2430396,174619,146155,14421
230261,2430396,174617,146156,14422
230262,2430420,174622,146164,14431
230263,2430420,174622,146157,14426
230264,2430437,174625,146165,14426
230265,2430437,174622,146159,14422
230270,2430486,174647,146172,14433
230271,2430486,174649,146167,14432
230272,2430510,174640,146175,14435
230273,2430510,174648,146165,14437
230274,2430539,174659,146166,14438
230275,2430539,174676,146171,14444
230278,2430568,174685,146184,14453
230279,2430568,174712,146187,14460
230280,2430596,174719,146194,14477
230281,2430596,174731,146194,14467
230282,2430616,174728,146192,14474
230283,2430616,174732,146185,14477
230284,2430639,174728,146199,14479
230285,2430639,174741,146200,14480
230288,2430666,174748,146205,14491
230289,2430666,174755,146198,14496
230290,2430686,174766,146199,14494
230291,2430686,174756,146202,14495
230292,2430710,174768,146204,14497
230293,2430710,174763,146199,14502
230300,2430789,174801,146217,14518
230301,2430789,174809,146231,14523
230310,2430896,174871,146261,14560
230311,2430896,174896,146262,14557
230312,2430918,174880,146256,14564
230313,2430918,174893,146257,14570
230318,2430971,174851,146242,14566
230319,2430971,174825,146234,14561
230320,2430996,174818,146235,14559
230321,2430996,174794,146226,14540
230322,2431019,174769,146223,14534
230323,2431019,174767,146222,14519
230326,2431045,174722,146243,14499
230327,2431045,174732,146235,14484
230328,2431075,174735,146228,14465
230329,2431075,174729,146239,14460
230330,2431098,174737,146249,14455
230331,2431098,174741,146243,14443
230334,2431126,174736,146265,14427
230335,2431126,174725,146246,14423
230336,2431149,174735,146263,14414
230337,2431149,174727,146248,14416
230340,2431199,174729,146276,14396
230341,2431199,174740,146275,14389
230344,2431226,174743,146262,14382
230345,2431226,174729,146268,14376
230346,2431257,174736,146257,14370
230347,2431257,174726,146258,14370
230350,2431285,174720,146252,14358
230351,2431285,174721,146252,14351
230352,2431307,174717,146251,14348
230353,2431307,174728,146248,14343
230354,2431337,174719,146252,14338
230355,2431337,174732,146252,14328
230358,2431366,174734,146254,14315
230359,2431366,174739,146260,14323
230360,2431396,174748,146245,14312
230361,2431396,174742,146256,14311
230362,2431417,174746,146257,14310
230363,2431417,174756,146263,14305
230370,2431486,174771,146262,14315
230371,2431486,174781,146263,14310
230372,2431515,174781,146257,14313
230373,2431515,174786,146271,14303
230374,2431538,174798,146260,14319
230375,2431538,174798,146261,14315
230376,2431559,174809,146267,14314
230377,2431559,174817,146271,14317
230380,2431585,174821,146270,14310
230381,2431585,174823,146270,14301
230382,2431607,174820,146272,14315
230383,2431607,174830,146270,14308
230386,2431657,174840,146274,14313
230387,2431657,174843,146263,14317
230388,2431681,174844,146271,14316
230389,2431681,174847,146276,14319
230392,2431707,174858,146280,14326
230393,2431707,174860,146278,14322
230394,2431736,174860,146271,14334
230395,2431736,174867,146279,14329
230396,2431758,174885,146277,14329
230397,2431758,174890,146274,14339
230400,2431786,174929,146290,14355
230401,2431786,174916,146293,14345
230402,2431806,174913,146283,14351
230403,2431806,174910,146276,14362
230404,2431836,174901,146277,14346
230405,2431836,174879,146266,14358
230408,2431879,174823,146256,14341
230409,2431879,174798,146246,14324
230416,2431958,174749,146242,14234
230417,2431958,174735,146239,14221
230422,2432011,174736,146233,14184
230423,2432011,174732,146240,14176
230424,2432036,174729,146234,14172
230425,2432036,174721,146243,14162
230426,2432059,174730,146239,14160
230427,2432059,174729,146252,14154
230432,2432116,174725,146225,14140
230433,2432116,174725,146230,14130
230434,2432137,174732,146224,14129
230435,2432137,174724,146218,14119
230438,2432166,174701,146196,14112
230439,2432166,174703,146196,14103
230440,2432186,174683,146185,14099
230441,2432186,174684,146187,14099
230444,2432230,174687,146189,14091
230445,2432230,174681,146189,14093
230446,2432258,174682,146182,14082
230447,2432258,174700,146176,14091
230452,2432310,174697,146174,14094
230453,2432310,174701,146180,14088
230454,2432336,174715,146181,14089
230455,2432336,174714,146179,14097
230458,2432378,174722,146185,14097
230459,2432378,174718,146197,14105
230462,2432406,174731,146179,14110
230463,2432406,174746,146194,14118
230464,2432427,174748,146197,14114
230465,2432427,174757,146186,14123
230468,2432476,174762,146184,14141
230469,2432476,174766,146186,14139
230472,2432506,174779,146193,14153
230473,2432506,174792,146191,14151
230474,2432537,174782,146192,14154
230475,2432537,174797,146192,14160
230476,2432560,174797,146201,14164
230477,2432560,174800,146197,14169
230478,2432586,174803,146197,14174
230479,2432586,174804,146191,14177
230480,2432606,174801,146194,14187
230481,2432606,174813,146192,14183
230484,2432635,174830,146194,14198
230485,2432635,174822,146191,14207
230486,2432665,174829,146195,14206
230487,2432665,174804,146191,14209
230488,2432686,174780,146181,14201
230489,2432686,174766,146178,14195
230490,2432710,174750,146173,14193
230491,2432710,174735,146171,14193
230494,2432737,174680,146161,14172
230495,2432737,174669,146161,14146
230496,2432768,174654,146161,14142
230497,2432768,174641,146156,14133
230498,2432790,174643,146160,14121
230499,2432790,174629,146164,14109
230500,2432810,174623,146163,14090
230501,2432810,174618,146151,14085
230504,2432835,174604,146146,14063
230505,2432835,174603,146143,14049
230506,2432857,174597,146145,14033
230507,2432857,174584,146142,14019
230508,2432879,174584,146140,14018
230509,2432879,174573,146134,14006
230512,2432920,174568,146130,13987
230513,2432920,174561,146128,13982
230514,2432950,174555,146128,13975
230515,2432950,174555,146124,13976
230518,2432976,174578,146116,13966
230519,2432976,174557,146111,13962
230520,2432996,174564,146109,13958
230521,2432996,174554,146103,13957
230522,2433026,174552,146103,13948
230523,2433026,174545,146095,13960
230526,2433057,174545,146099,13952
230527,2433057,174527,146086,13955
230528,2433086,174535,146091,13949
230529,2433086,174519,146083,13937
230530,2433105,174529,146091,13942
230531,2433105,174527,146083,13947
230532,2433131,174526,146085,13937
230533,2433131,174540,146090,13936
230536,2433160,174535,146072,13934
230537,2433160,174537,146084,13930
230538,2433186,174532,146068,13936
230539,2433186,174549,146076,13944
230540,2433205,174547,146072,13941
230541,2433205,174546,146065,13940
230544,2433235,174548,146065,13956
230545,2433235,174567,146091,13958
230546,2433257,174554,146076,13961
230547,2433257,174570,146085,13961
230550,2433305,174585,146090,13970
230551,2433305,174592,146084,13978
230552,2433329,174587,146087,13976
230553,2433329,174606,146067,13991
230556,2433356,174624,146085,14003
230557,2433356,174635,146085,14005
230558,2433377,174624,146090,14010
230559,2433377,174634,146082,14012
230560,2433409,174640,146087,14021
230561,2433409,174636,146086,14022
230562,2433426,174634,146074,14031
230563,2433426,174637,146088,14034
230566,2433470,174657,146090,14044
230567,2433470,174653,146102,14069
230568,2433490,174665,146093,14062
230569,2433490,174666,146095,14066
230572,2433516,174682,146088,14082
230573,2433516,174696,146102,14084
230576,2433566,174704,146114,14108
230577,2433566,174700,146103,14110
230580,2433596,174693,146115,14120
230581,2433596,174665,146112,14124
230582,2433620,174653,146095,14125
230583,2433620,174637,146111,14118
230584,2433647,174604,146089,14109
230585,2433647,174599,146088,14101
230590,2433696,174511,146083,14037
230591,2433696,174510,146078,14034
230592,2433721,174503,146078,14019
230593,2433721,174502,146079,14006
230594,2433749,174488,146084,13998
230595,2433749,174485,146072,13989
230596,2433770,174480,146071,13984
230597,2433770,174467,146078,13975
230602,2433815,174432,146069,13929
230603,2433815,174435,146054,13919
230604,2433839,174429,146048,13919
230605,2433839,174438,146062,13903
230608,2433885,174434,146052,13890
230609,2433885,174441,146056,13890
230612,2433917,174419,146041,13885
230613,2433917,174416,146035,13893
230614,2433941,174413,146031,13879
230615,2433941,174413,146033,13894
230616,2433970,174413,146035,13886
230617,2433970,174404,146027,13877
230620,2433996,174397,146029,13866
230621,2433996,174395,146031,13878
230622,2434019,174405,146033,13872
230623,2434019,174400,146032,13861
230624,2434045,174404,146027,13859
230625,2434045,174408,146026,13855
230628,2434076,174411,146037,13861
230629,2434076,174411,146030,13866
230630,2434096,174408,146031,13860
230631,2434096,174425,146037,13863
230632,2434126,174412,146035,13870
230633,2434126,174412,146031,13861
230634,2434147,174415,146027,13871
230635,2434147,174413,146020,13882
230644,2434241,174467,146035,13919
230645,2434241,174473,146036,13933
230646,2434267,174478,146036,13934
230647,2434267,174483,146041,13930
230650,2434296,174483,146042,13957
230651,2434296,174491,146042,13965
230652,2434326,174490,146045,13956
230653,2434326,174500,146044,13971
230654,2434346,174495,146047,13974
230655,2434346,174505,146053,13974
230660,2434396,174530,146045,14000
230661,2434396,174539,146052,13998
230662,2434420,174543,146063,14012
230663,2434420,174547,146052,14016
230664,2434446,174557,146054,14020
230665,2434446,174561,146060,14028
230666,2434470,174558,146066,14030
230667,2434470,174577,146089,14042
230672,2434525,174609,146122,14068
230673,2434525,174631,146107,14085
230678,2434580,174657,146131,14102
230679,2434580,174662,146127,14112
230680,2434596,174663,146126,14119
230681,2434596,174658,146118,14117
230682,2434619,174638,146124,14119
230683,2434619,174627,146121,14119
230684,2434648,174605,146119,14107
230685,2434648,174582,146122,14108
230686,2434667,174562,146128,14098
230687,2434667,174545,146120,14077
230688,2434687,174529,146117,14072
230689,2434687,174522,146118,14055
230692,2434718,174488,146130,14018
230693,2434718,174472,146123,14010
230694,2434740,174471,146138,13994
230695,2434740,174480,146143,13988
230702,2434811,174450,146150,13921
230703,2434811,174438,146130,13909
230704,2434838,174440,146132,13895
230705,2434838,174438,146147,13888
230706,2434858,174430,146145,13883
230707,2434858,174446,146143,13878
230708,2434886,174437,146140,13873
230709,2434886,174436,146124,13870
230714,2434936,174427,146123,13851
230715,2434936,174427,146126,13843
230716,2434956,174420,146125,13835
230717,2434956,174416,146125,13834
230720,2435007,174414,146129,13814
230721,2435007,174410,146124,13809
230722,2435036,174413,146131,13807
230723,2435036,174429,146127,13802
230724,2435059,174424,146130,13799
230725,2435059,174431,146134,13805
230728,2435089,174429,146132,13793
230729,2435089,174420,146134,13789
230730,2435108,174437,146129,13789
230731,2435108,174443,146134,13798
230732,2435128,174450,146136,13790
230733,2435128,174446,146135,13803
230734,2435156,174449,146141,13806
230735,2435156,174456,146141,13813
230736,2435176,174465,146137,13816
230737,2435176,174463,146159,13820
230740,2435201,174481,146157,13809
230741,2435201,174479,146148,13824
230742,2435229,174484,146152,13826
230743,2435229,174487,146164,13824
230744,2435258,174498,146152,13823
230745,2435258,174501,146170,13818
230748,2435286,174510,146173,13829
230749,2435286,174513,146174,13834
230750,2435310,174520,146183,13842
230751,2435310,174516,146176,13842
230752,2435335,174525,146190,13849
230753,2435335,174525,146188,13853
230758,2435386,174573,146202,13868
230759,2435386,174586,146210,13870
230760,2435409,174599,146214,13882
230761,2435409,174611,146214,13885
230762,2435427,174610,146223,13898
230763,2435427,174617,146226,13892
230764,2435451,174629,146236,13900
230765,2435451,174632,146232,13913
230766,2435480,174636,146239,13905
230767,2435480,174648,146241,13915
230768,2435498,174652,146248,13921
230769,2435498,174656,146254,13932
230770,2435521,174662,146246,13927
230771,2435521,174657,146257,13936
230776,2435569,174682,146263,13957
230777,2435569,174681,146259,13951
230778,2435597,174687,146265,13955
230779,2435597,174694,146266,13959
230782,2435626,174648,146254,13955
230783,2435626,174625,146266,13950
230784,2435660,174603,146245,13941
230785,2435660,174595,146257,13926
230786,2435678,174576,146248,13909
230787,2435678,174573,146275,13893
230790,2435705,174531,146269,13866
230791,2435705,174530,146265,13854
230794,2435758,174534,146260,13830
230795,2435758,174544,146257,13820
230798,2435787,174540,146244,13801
230799,2435787,174537,146245,13795
230802,2435837,174536,146243,13783
230803,2435837,174531,146246,13781
230806,2435869,174529,146237,13770
230807,2435869,174518,146232,13769
230808,2435886,174521,146233,13760
230809,2435886,174511,146228,13765
230810,2435916,174509,146231,13752
230811,2435916,174507,146231,13752
230812,2435938,174503,146222,13750
230813,2435938,174503,146235,13753
230818,2435987,174502,146247,13733
230819,2435987,174502,146234,13739
230820,2436016,174498,146240,13733
230821,2436016,174497,146235,13740
230826,2436066,174524,146256,13737
230827,2436066,174522,146248,13743
230830,2436116,174536,146240,13752
230831,2436116,174535,146242,13746
230834,2436145,174551,146247,13758
230835,2436145,174555,146247,13758
230836,2436166,174559,146243,13761
230837,2436166,174559,146246,13774
230838,2436196,174569,146238,13771
230839,2436196,174570,146254,13778
230840,2436217,174587,146262,13790
230841,2436217,174588,146258,13785
230846,2436275,174592,146267,13810
230847,2436275,174603,146263,13816
230848,2436296,174611,146268,13815
230849,2436296,174617,146283,13822
230854,2436346,174640,146280,13866
230855,2436346,174647,146271,13848
230856,2436368,174652,146294,13868
230857,2436368,174665,146297,13881
230858,2436396,174664,146297,13895
230859,2436396,174667,146293,13886
230860,2436421,174676,146305,13895
230861,2436421,174682,146303,13900
230864,2436445,174695,146306,13921
230865,2436445,174699,146310,13931
230866,2436475,174710,146312,13923
230867,2436475,174713,146314,13936
230872,2436526,174668,146315,13951
230873,2436526,174656,146324,13952
230874,2436556,174637,146302,13940
230875,2436556,174616,146294,13933
230876,2436577,174588,146300,13930
230877,2436577,174585,146299,13915
230882,2436639,174539,146299,13864
230883,2436639,174539,146293,13865
230884,2436661,174531,146290,13851
230885,2436661,174537,146291,13849
230888,2436691,174520,146279,13837
230889,2436691,174518,146284,13826
230890,2436715,174509,146284,13821
230891,2436715,174502,146284,13822
230894,2436746,174480,146274,13803
230895,2436746,174484,146277,13803
230898,2436786,174495,146264,13797
230899,2436786,174486,146269,13795
230900,2436815,174484,146269,13795
230901,2436815,174480,146246,13795
230902,2436836,174475,146261,13800
230903,2436836,174472,146253,13793
230904,2436858,174466,146241,13791
230905,2436858,174472,146243,13789
230908,2436881,174471,146262,13793
230909,2436881,174464,146257,13795
230910,2436907,174456,146254,13783
230911,2436907,174476,146264,13790
230912,2436928,174470,146261,13786
230913,2436928,174486,146271,13795
230918,2436985,174489,146265,13808
230919,2436985,174498,146254,13809
230920,2437009,174508,146254,13814
230921,2437009,174503,146252,13812
230924,2437057,174515,146245,13827
230925,2437057,174517,146251,13828
230928,2437089,174536,146247,13851
230929,2437089,174535,146251,13853
230930,2437120,174533,146253,13860
230931,2437120,174544,146254,13870
230934,2437146,174556,146269,13888
230935,2437146,174562,146260,13883
230936,2437169,174571,146267,13895
230937,2437169,174578,146268,13907
230938,2437196,174577,146268,13912
230939,2437196,174585,146285,13909
230940,2437219,174588,146274,13920
230941,2437219,174606,146288,13922
230944,2437246,174622,146288,13945
230945,2437246,174624,146293,13945
230946,2437276,174628,146294,13961
230947,2437276,174644,146311,13965
230948,2437298,174644,146296,13973
230949,2437298,174653,146310,13975
230952,2437327,174663,146304,14001
230953,2437327,174674,146312,14007
230954,2437350,174674,146312,14018
230955,2437350,174690,146321,14021
230956,2437376,174696,146313,14034
230957,2437376,174703,146304,14029
230958,2437401,174703,146319,14039
230959,2437401,174714,146319,14047
230960,2437425,174713,146333,14057
230961,2437425,174720,146318,14067
230964,2437457,174748,146341,14084
230965,2437457,174746,146337,14097
230966,2437476,174749,146328,14102
230967,2437476,174753,146332,14102
230968,2437500,174755,146335,14116
230969,2437500,174737,146333,14103
230970,2437525,174722,146329,14117
230971,2437525,174692,146326,14129
230972,2437546,174678,146315,14111
230973,2437546,174647,146309,14097
230976,2437571,174587,146300,14088
230977,2437571,174566,146289,14065
230980,2437616,174535,146301,14043
230981,2437616,174523,146302,14046
230984,2437660,174515,146300,14021
230985,2437660,174510,146300,14008
230986,2437686,174504,146300,14013
230987,2437686,174499,146293,13995
230988,2437710,174492,146293,13990
230989,2437710,174479,146292,13990
230992,2437736,174477,146288,13968
230993,2437736,174469,146290,13966
230996,2437786,174475,146287,13961
230997,2437786,174473,146289,13968
230998,2437809,174471,146292,13968
230999,2437809,174483,146287,13965
231002,2437838,174484,146272,13965
231003,2437838,174461,146279,13972
231016,2437972,174474,146258,13994
231017,2437972,174476,146256,13993
231018,2438000,174473,146253,13990
231019,2438000,174477,146251,13996
231026,2438081,174516,146252,14027
231027,2438081,174528,146261,14039
231028,2438106,174527,146267,14038
231029,2438106,174538,146253,14042
231032,2438131,174555,146284,14064
231033,2438131,174564,146282,14067
231034,2438156,174582,146291,14078
231035,2438156,174579,146293,14083
231036,2438176,174583,146281,14090
231037,2438176,174589,146284,14089
231040,2438229,174612,146283,14108
231041,2438229,174614,146286,14120
231044,2438258,174627,146288,14135
231045,2438258,174629,146290,14142
231046,2438288,174632,146294,14148
231047,2438288,174641,146294,14162
231052,2438335,174670,146303,14185
231053,2438335,174667,146301,14191
231054,2438359,174679,146308,14202
231055,2438359,174692,146311,14203
231056,2438379,174696,146307,14212
231057,2438379,174692,146313,14218
231058,2438405,174693,146317,14222
231059,2438405,174712,146324,14234
231062,2438435,174735,146316,14253
231063,2438435,174736,146338,14261
231066,2438490,174761,146337,14281
231067,2438490,174759,146350,14283
231072,2438532,174732,146320,14313
231073,2438532,174719,146326,14316
231074,2438559,174688,146305,14307
231075,2438559,174677,146304,14310
231076,2438587,174647,146296,14301
231077,2438587,174605,146285,14293
231080,2438620,174547,146278,14260
231081,2438620,174527,146274,14250
231082,2438648,174518,146274,14240
231083,2438648,174517,146276,14234
231084,2438670,174515,146274,14236
231085,2438670,174510,146287,14222
231088,2438696,174510,146269,14215
231089,2438696,174490,146268,14204
231090,2438720,174493,146270,14202
231091,2438720,174485,146274,14197
231096,2438775,174483,146271,14190
231097,2438775,174481,146267,14207
231098,2438798,174492,146261,14205
231099,2438798,174486,146261,14200
231100,2438829,174488,146267,14212
231101,2438829,174485,146267,14214
231104,2438857,174486,146259,14201
231105,2438857,174487,146253,14213
231106,2438880,174488,146265,14212
231107,2438880,174479,146260,14203
231108,2438909,174479,146257,14204
231109,2438909,174466,146262,14207
231114,2438959,174477,146269,14203
231115,2438959,174473,146270,14208
231116,2438987,174465,146270,14209
231117,2438987,174487,146270,14213
231120,2439029,174505,146265,14220
231121,2439029,174501,146269,14225
231124,2439058,174533,146278,14238
231125,2439058,174547,146281,14251
231126,2439086,174548,146272,14245
231127,2439086,174550,146280,14265
231128,2439109,174556,146286,14256
231129,2439109,174568,146286,14263
231132,2439137,174569,146277,14275
231133,2439137,174573,146281,14285
231134,2439168,174567,146275,14279
231135,2439168,174575,146279,14290
231136,2439186,174581,146286,14300
231137,2439186,174589,146280,14300
231142,2439232,174617,146282,14312
231143,2439232,174625,146288,14314
231144,2439257,174625,146286,14325
231145,2439257,174635,146290,14327
231146,2439277,174645,146294,14331
231147,2439277,174646,146301,14338
231148,2439308,174652,146323,14339
231149,2439308,174662,146307,14347
231150,2439326,174671,146317,14346
231151,2439326,174682,146333,14359
231152,2439349,174692,146335,14362
231153,2439349,174694,146332,14368
231158,2439406,174739,146361,14391
231159,2439406,174760,146350,14391
231160,2439427,174748,146361,14402
231161,2439427,174774,146359,14403
231162,2439449,174773,146355,14410
231163,2439449,174785,146356,14419
231164,2439471,174787,146362,14418
231165,2439471,174788,146362,14427
231178,2439596,174664,146341,14434
231179,2439596,174649,146335,14425
231180,2439612,174630,146336,14414
231181,2439612,174618,146339,14400
231182,2439636,174608,146338,14392
231183,2439636,174597,146336,14381
231186,2439688,174592,146358,14363
231187,2439688,174593,146349,14368
231190,2439718,174591,146358,14350
231191,2439718,174591,146369,14345
231192,2439746,174606,146371,14340
231193,2439746,174594,146357,14338
231196,2439776,174605,146364,14332
231197,2439776,174613,146359,14320
231198,2439806,174612,146366,14324
231199,2439806,174609,146369,14330
231200,2439836,174616,146367,14323
231201,2439836,174605,146357,14323
231204,2439881,174605,146360,14314
231205,2439881,174606,146363,14316
231208,2439908,174602,146362,14307
231209,2439908,174602,146362,14302
231210,2439931,174597,146360,14292
231211,2439931,174601,146349,14291
231212,2439957,174599,146357,14296
231213,2439957,174601,146357,14293
231216,2439998,174598,146351,14307
231217,2439998,174605,146348,14312
231220,2440027,174618,146348,14303
231221,2440027,174624,146354,14318
231222,2440057,174628,146355,14315
231223,2440057,174624,146353,14320
231224,2440078,174639,146348,14318
231225,2440078,174637,146352,14325
231228,2440106,174663,146353,14317
231229,2440106,174664,146350,14325
231230,2440126,174670,146343,14333
231231,2440126,174673,146348,14328
231232,2440156,174668,146347,14334
231233,2440156,174677,146349,14341
231234,2440176,174671,146357,14339
231235,2440176,174681,146352,14345
231240,2440227,174698,146354,14368
231241,2440227,174702,146355,14378
231242,2440252,174719,146365,14379
231243,2440252,174730,146363,14382
231244,2440278,174717,146365,14388
231245,2440278,174731,146358,14387
231246,2440300,174751,146352,14400
231247,2440300,174744,146364,14402
231252,2440350,174772,146363,14433
231253,2440350,174774,146358,14438
231254,2440376,174769,146360,14448
231255,2440376,174760,146364,14450
231256,2440390,174772,146357,14454
231257,2440390,174775,146366,14453
231258,2440417,174778,146367,14456
231259,2440417,174796,146358,14464
231262,2440449,174796,146359,14482
231263,2440449,174788,146360,14473
231264,2440468,174775,146337,14478
231265,2440468,174758,146333,14483
231266,2440496,174737,146322,14475
231267,2440496,174718,146343,14477
231268,2440517,174704,146320,14473
231269,2440517,174676,146327,14467
231272,2440547,174632,146335,14427
231273,2440547,174623,146330,14418
231274,2440568,174613,146318,14400
231275,2440568,174596,146334,14401
231276,2440596,174603,146329,14393
231277,2440596,174613,146318,14393
231278,2440618,174601,146333,14383
231279,2440618,174609,146327,14376
231282,2440648,174598,146309,14367
231283,2440648,174593,146298,14367
231284,2440670,174590,146312,14366
231285,2440670,174596,146305,14361
231286,2440696,174604,146303,14358
231287,2440696,174596,146298,14359
231288,2440719,174615,146315,14357
231289,2440719,174612,146297,14359
231292,2440746,174604,146301,14361
231293,2440746,174602,146293,14365
231294,2440767,174602,146293,14353
231295,2440767,174592,146305,14371
231296,2440796,174596,146284,14356
231297,2440796,174591,146283,14355
231300,2440837,174582,146290,14356
231301,2440837,174581,146284,14350
231304,2440866,174580,146274,14354
231305,2440866,174579,146279,14350
231306,2440886,174585,146295,14353
231307,2440886,174584,146288,14349
231308,2440916,174575,146290,14352
231309,2440916,174585,146292,14362
231310,2440938,174596,146284,14361
231311,2440938,174600,146285,14362
231314,2440966,174609,146281,14370
231315,2440966,174616,146285,14379
231316,2440992,174624,146285,14382
231317,2440992,174629,146279,14385
231318,2441016,174625,146284,14384
231319,2441016,174633,146270,14391
231320,2441037,174638,146275,14397
231321,2441037,174642,146275,14400
231324,2441066,174663,146281,14416
231325,2441066,174659,146287,14417
231326,2441090,174666,146288,14425
231327,2441090,174673,146287,14423
231330,2441137,174674,146284,14429
231331,2441137,174690,146286,14443
231334,2441166,174704,146282,14458
231335,2441166,174704,146288,14467
231336,2441186,174705,146288,14463
231337,2441186,174716,146297,14484
231338,2441219,174716,146297,14479
231339,2441219,174725,146287,14485
231340,2441236,174720,146289,14497
231341,2441236,174729,146293,14504
231346,2441291,174759,146304,14531
231347,2441291,174758,146301,14535
231350,2441322,174784,146303,14538
231351,2441322,174784,146308,14550
231352,2441346,174780,146300,14554
231353,2441346,174794,146307,14553
231354,2441366,174788,146314,14561
231355,2441366,174783,146298,14560
231356,2441391,174764,146294,14563
231357,2441391,174746,146292,14563
231358,2441419,174720,146280,14555
231359,2441419,174692,146267,14554
231364,2441476,174593,146254,14505
231365,2441476,174573,146257,14483
231366,2441499,174554,146251,14475
231367,2441499,174559,146247,14475
231370,2441528,174552,146248,14451
231371,2441528,174537,146242,14454
231372,2441546,174547,146250,14449
231373,2441546,174540,146246,14445
231374,2441576,174534,146249,14437
231375,2441576,174520,146245,14438
231378,2441606,174509,146234,14415
231379,2441606,174500,146239,14405
231384,2441676,174505,146219,14406
231385,2441676,174492,146218,14399
231390,2441729,174482,146196,14388
231391,2441729,174470,146202,14389
231392,2441756,174471,146196,14383
231393,2441756,174489,146213,14387
231396,2441787,174492,146210,14389
231397,2441787,174494,146210,14381
231398,2441816,174497,146204,14389
231399,2441816,174507,146205,14389
231400,2441836,174506,146201,14392
231401,2441836,174492,146199,14389
231404,2441866,174514,146195,14391
231405,2441866,174520,146196,14393
231406,2441890,174506,146189,14398
231407,2441890,174521,146188,14398
231408,2441911,174514,146196,14404
231409,2441911,174531,146187,14411
231410,2441936,174521,146182,14412
231411,2441936,174519,146188,14412
231414,2441968,174519,146187,14433
231415,2441968,174529,146178,14428
231420,2442036,174555,146172,14445
231421,2442036,174552,146198,14456
231422,2442061,174555,146179,14458
231423,2442061,174568,146190,14463
231426,2442086,174578,146193,14473
231427,2442086,174583,146195,14476
231428,2442108,174578,146182,14482
231429,2442108,174582,146188,14487
231430,2442130,174582,146190,14491
231431,2442130,174582,146186,14497
231432,2442159,174586,146178,14504
231433,2442159,174587,146185,14504
231436,2442186,174599,146176,14515
231437,2442186,174607,146177,14524
231438,2442210,174604,146172,14531
231439,2442210,174606,146184,14534
231440,2442236,174621,146175,14543
231441,2442236,174617,146190,14544
231442,2442257,174627,146181,14548
231443,2442257,174632,146181,14557
231446,2442306,174652,146176,14560
231447,2442306,174649,146195,14565
231448,2442328,174657,146179,14582
231449,2442328,174661,146191,14578
231452,2442356,174650,146177,14588
231453,2442356,174632,146168,14586
231454,2442376,174606,146164,14588
231455,2442376,174581,146161,14582
231456,2442407,174561,146155,14574
231457,2442407,174538,146143,14561
231458,2442426,174507,146143,14563
231459,2442426,174480,146143,14539
231460,2442447,174466,146137,14526
231461,2442447,174455,146144,14526
231462,2442467,174435,146130,14514
231463,2442467,174423,146134,14504
231466,2442491,174407,146128,14474
231467,2442491,174401,146122,14465
231468,2442516,174392,146121,14456
231469,2442516,174392,146118,14453
231470,2442536,174385,146113,14441
231471,2442536,174390,146113,14438
231472,2442561,174383,146116,14433
231473,2442561,174377,146114,14417
231474,2442589,174361,146119,14420
231475,2442589,174369,146113,14411
231480,2442647,174357,146111,14397
231481,2442647,174352,146112,14405
231482,2442660,174358,146115,14400
231483,2442660,174362,146117,14389
231492,2442759,174365,146098,14379
231493,2442759,174366,146093,14384
231494,2442776,174366,146100,14388
231495,2442776,174352,146096,14381
231498,2442826,174380,146096,14375
231499,2442826,174361,146106,14384
231500,2442849,174372,146102,14381
231501,2442849,174374,146107,14378
231504,2442876,174391,146095,14389
231505,2442876,174389,146106,14389
231506,2442896,174395,146106,14383
231507,2442896,174409,146092,14391
231510,2442946,174424,146102,14404
231511,2442946,174432,146108,14398
231512,2442966,174424,146111,14406
231513,2442966,174429,146105,14407
231516,2442996,174440,146131,14424
231517,2442996,174440,146123,14421
231518,2443019,174464,146135,14425
231519,2443019,174478,146130,14432
231520,2443040,174484,146120,14434
231521,2443040,174487,146121,14432
231522,2443066,174491,146134,14439
231523,2443066,174494,146130,14445
231524,2443087,174501,146121,14438
231525,2443087,174509,146137,14444
231528,2443116,174506,146129,14456
231529,2443116,174519,146133,14459
231530,2443137,174528,146140,14461
231531,2443137,174524,146139,14463
231534,2443181,174533,146139,14470
231535,2443181,174543,146145,14471
231536,2443207,174548,146144,14480
231537,2443207,174559,146142,14484
231538,2443229,174557,146151,14487
231539,2443229,174568,146158,14495
231544,2443287,174604,146166,14510
231545,2443287,174603,146180,14517
231548,2443311,174607,146187,14525
231549,2443311,174597,146175,14531
231552,2443366,174560,146174,14521
231553,2443366,174538,146160,14508
231556,2443396,174474,146142,14477
231557,2443396,174463,146148,14460
231558,2443421,174447,146143,14448
231559,2443421,174440,146143,14441
231562,2443458,174417,146145,14408
231563,2443458,174426,146143,14394
231564,2443476,174406,146147,14389
231565,2443476,174413,146147,14388
231566,2443496,174425,146145,14378
231567,2443496,174411,146152,14368
231568,2443522,174410,146150,14356
231569,2443522,174411,146155,14351
231570,2443548,174413,146150,14339
231571,2443548,174406,146152,14336
231574,2443577,174410,146148,14326
231575,2443577,174418,146154,14317
231576,2443596,174412,146151,14313
231577,2443596,174405,146147,14313
231580,2443646,174401,146148,14309
231581,2443646,174401,146148,14315
231584,2443676,174398,146149,14299
231585,2443676,174391,146145,14294
231586,2443706,174387,146135,14280
231587,2443706,174392,146131,14281
231590,2443736,174394,146139,14256
231591,2443736,174394,146144,14258
231592,2443758,174391,146135,14252
231593,2443758,174396,146146,14246
231596,2443807,174407,146139,14247
231597,2443807,174396,146136,14240
231598,2443829,174404,146137,14240
231599,2443829,174397,146139,14247
231602,2443860,174418,146131,14248
231603,2443860,174417,146130,14239
231604,2443881,174431,146131,14255
231605,2443881,174423,146144,14258
231606,2443908,174446,146136,14255
231607,2443908,174443,146139,14257
231608,2443931,174463,146141,14257
231609,2443931,174465,146132,14255
231614,2443990,174484,146134,14270
231615,2443990,174481,146138,14277
231616,2444011,174473,146131,14285
231617,2444011,174495,146131,14270
231620,2444036,174488,146129,14287
231621,2444036,174488,146125,14293
231624,2444088,174490,146127,14298
231625,2444088,174500,146124,14297
231630,2444141,174527,146127,14304
231631,2444141,174543,146135,14316
231632,2444167,174542,146137,14314
231633,2444167,174551,146141,14313
231634,2444187,174546,146131,14321
231635,2444187,174551,146145,14339
231636,2444208,174543,146141,14329
231637,2444208,174545,146154,14332
231642,2444258,174490,146117,14309
231643,2444258,174474,146107,14306
231644,2444281,174453,146102,14292
231645,2444281,174426,146098,14274
231646,2444306,174421,146096,14259
231647,2444306,174407,146096,14247
231648,2444327,174387,146083,14235
231649,2444327,174388,146087,14217
231652,2444356,174371,146076,14193
231653,2444356,174361,146073,14186
231654,2444376,174366,146074,14178
231655,2444376,174368,146073,14173
231656,2444409,174356,146070,14162
231657,2444409,174351,146066,14165
231658,2444430,174352,146072,14155
231659,2444430,174349,146063,14148
231662,2444458,174353,146064,14137
231663,2444458,174354,146070,14138
231666,2444497,174348,146060,14127
231667,2444497,174343,146058,14126
231668,2444526,174324,146040,14114
231669,2444526,174331,146055,14116
231670,2444546,174341,146046,14109
231671,2444546,174337,146056,14112
231674,2444576,174324,146042,14110
231675,2444576,174320,146036,14097
231676,2444601,174316,146027,14102
231677,2444601,174323,146028,14100
231678,2444630,174318,146048,14097
231679,2444630,174326,146031,14098
231680,2444651,174321,146029,14094
231681,2444651,174331,146030,14089
231684,2444676,174343,146028,14097
231685,2444676,174363,146020,14103
231686,2444697,174347,146035,14099
231687,2444697,174356,146035,14096
231688,2444719,174361,146033,14101
231689,2444719,174366,146035,14108
231690,2444741,174371,146031,14108
231691,2444741,174378,146037,14115
231692,2444767,174392,146034,14112
231693,2444767,174378,146032,14119
231694,2444789,174394,146038,14113
231695,2444789,174399,146035,14123
231696,2444817,174400,146031,14125
231697,2444817,174414,146035,14132
231700,2444848,174422,146047,14135
231701,2444848,174424,146035,14152
231704,2444896,174434,146043,14163
231705,2444896,174429,146033,14173
231706,2444917,174440,146031,14179
231707,2444917,174450,146026,14184
231710,2444949,174444,146017,14202
231711,2444949,174450,146023,14203
231712,2444966,174447,146027,14212
231713,2444966,174438,146025,14198
231714,2444996,174448,146019,14222
231715,2444996,174454,146014,14215
231716,2445020,174453,146006,14223
231717,2445020,174447,146001,14228
231722,2445066,174441,145991,14258
231723,2445066,174441,145991,14265
231724,2445086,174442,145985,14274
231725,2445086,174422,145974,14277
231726,2445109,174404,145969,14277
231727,2445109,174396,145950,14281
231728,2445131,174364,145954,14269
231729,2445131,174339,145947,14271
231730,2445157,174325,145941,14259
231731,2445157,174284,145935,14251
231736,2445201,174231,145937,14203
231737,2445201,174224,145920,14196
231740,2445257,174203,145930,14176
231741,2445257,174195,145919,14167
231742,2445280,174205,145918,14164
231743,2445280,174184,145917,14163
231744,2445301,174180,145908,14147
231745,2445301,174171,145905,14141
231750,2445349,174169,145894,14115
231751,2445349,174168,145896,14115
231752,2445371,174181,145894,14111
231753,2445371,174162,145883,14114
231754,2445390,174161,145882,14118
231755,2445390,174152,145888,14122
231756,2445417,174147,145882,14117
231757,2445417,174144,145869,14111
231762,2445467,174137,145873,14106
231763,2445467,174148,145871,14111
231768,2445526,174143,145843,14114
231769,2445526,174135,145854,14117
231770,2445547,174148,145838,14120
231771,2445547,174134,145835,14123
231772,2445566,174135,145834,14129
231773,2445566,174141,145830,14129
231774,2445599,174148,145827,14133
231775,2445599,174147,145821,14141
231776,2445619,174154,145827,14136
231777,2445619,174145,145824,14150
231778,2445640,174151,145814,14156
231779,2445640,174161,145822,14162
231782,2445667,174169,145818,14170
231783,2445667,174165,145824,14174
231784,2445687,174164,145832,14181
231785,2445687,174171,145820,14192
231786,2445717,174159,145823,14190
231787,2445717,174179,145820,14203
231790,2445747,174182,145834,14215
231791,2445747,174185,145836,14219
231794,2445787,174190,145825,14233
231795,2445787,174191,145837,14239
231798,2445836,174205,145834,14257
231799,2445836,174209,145825,14263
231804,2445888,174226,145835,14291
231805,2445888,174231,145843,14292
231806,2445906,174243,145831,14297
231807,2445906,174247,145839,14300
231808,2445928,174253,145847,14319
231809,2445928,174264,145844,14319
231810,2445957,174270,145846,14322
231811,2445957,174267,145846,14330
231812,2445981,174278,145843,14338
231813,2445981,174283,145849,14341
231816,2446006,174298,145853,14357
231817,2446006,174301,145854,14365
231818,2446028,174293,145851,14361
231819,2446028,174294,145848,14374
231820,2446046,174282,145842,14379
231821,2446046,174265,145838,14377
231826,2446106,174149,145818,14364
231827,2446106,174131,145810,14344
231828,2446129,174107,145801,14340
231829,2446129,174087,145804,14331
231830,2446152,174086,145803,14319
231831,2446152,174084,145808,14302
231834,2446200,174061,145815,14272
231835,2446200,174046,145800,14272
231840,2446247,174026,145794,14241
231841,2446247,174016,145787,14232
231842,2446270,174009,145789,14236
231843,2446270,174010,145785,14234
231844,2446300,174001,145786,14219
231845,2446300,174018,145791,14225
231848,2446327,174015,145794,14229
231849,2446327,174021,145788,14221
231850,2446349,174037,145786,14228
231851,2446349,174025,145787,14221
231852,2446379,174040,145783,14228
231853,2446379,174040,145788,14233
231856,2446406,174032,145790,14225
231857,2446406,174040,145785,14226
231858,2446428,174035,145785,14229
231859,2446428,174030,145791,14225
231862,2446478,174024,145792,14220
231863,2446478,174033,145787,14233
231866,2446506,174034,145791,14229
231867,2446506,174037,145796,14223
231868,2446527,174036,145792,14234
231869,2446527,174032,145792,14230
231870,2446551,174040,145792,14234
231871,2446551,174060,145793,14233
231872,2446570,174051,145787,14239
231873,2446570,174057,145797,14240
231874,2446597,174064,145790,14245
231875,2446597,174069,145784,14254
231878,2446638,174091,145808,14265
231879,2446638,174091,145798,14267
231880,2446660,174104,145825,14266
231881,2446660,174098,145821,14277
231884,2446691,174140,145816,14290
231885,2446691,174130,145816,14292
231886,2446706,174140,145824,14300
231887,2446706,174140,145821,14300
231888,2446729,174139,145829,14307
231889,2446729,174150,145825,14312
231892,2446781,174156,145815,14323
231893,2446781,174155,145817,14333
231896,2446817,174181,145831,14343
231897,2446817,174183,145842,14345
231898,2446832,174188,145849,14349
231899,2446832,174192,145840,14353
231900,2446858,174193,145837,14354
231901,2446858,174197,145847,14364
231902,2446877,174205,145844,14374
231903,2446877,174215,145849,14369
231906,2446906,174224,145871,14390
231907,2446906,174241,145867,14391
231910,2446957,174256,145879,14405
231911,2446957,174264,145886,14410
231912,2446981,174265,145885,14416
231913,2446981,174272,145896,14418
231916,2447002,174294,145902,14437
231917,2447002,174294,145894,14434
231918,2447032,174290,145895,14449
231919,2447032,174273,145905,14449
231920,2447058,174262,145891,14450
231921,2447058,174241,145874,14443
231922,2447078,174224,145868,14434
231923,2447078,174201,145882,14425
231924,2447100,174178,145872,14421
231925,2447100,174157,145871,14408
231928,2447130,174108,145862,14367
231929,2447130,174100,145856,14362
231930,2447146,174095,145862,14349
231931,2447146,174088,145858,14341
231932,2447176,174084,145861,14332
231933,2447176,174086,145868,14317
231934,2447197,174078,145865,14316
231935,2447197,174085,145870,14313
231936,2447218,174084,145871,14298
231937,2447218,174080,145874,14300
231938,2447246,174076,145876,14286
231939,2447246,174071,145858,14287
231940,2447270,174072,145872,14272
231941,2447270,174065,145874,14274
231946,2447326,174081,145870,14258
231947,2447326,174080,145870,14266
231948,2447350,174075,145874,14269
231949,2447350,174067,145871,14261
231950,2447371,174074,145877,14257
231951,2447371,174078,145869,14252
231958,2447446,174050,145857,14220
231959,2447446,174059,145865,14221
231964,2447496,174057,145872,14221
231965,2447496,174068,145871,14220
231966,2447518,174059,145871,14218
231967,2447518,174068,145862,14217
231968,2447542,174083,145871,14222
231969,2447542,174078,145864,14220
231972,2447587,174105,145871,14238
231973,2447587,174107,145862,14227
231974,2447609,174125,145866,14233
231975,2447609,174129,145871,14246
231976,2447631,174135,145871,14245
231977,2447631,174140,145881,14248
231980,2447658,174146,145872,14264
231981,2447658,174142,145874,14270
231982,2447686,174144,145870,14273
231983,2447686,174153,145871,14280
231984,2447707,174159,145871,14278
231985,2447707,174162,145871,14280
231986,2447730,174153,145869,14284
231987,2447730,174167,145867,14292
231990,2447759,174161,145869,14287
231991,2447759,174178,145869,14296
231994,2447807,174192,145874,14308
231995,2447807,174188,145870,14307
231996,2447827,174193,145873,14313
231997,2447827,174198,145879,14318
231998,2447850,174218,145897,14321
231999,2447850,174215,145902,14329
232000,2447872,174234,145893,14331
232001,2447872,174221,145899,14340
232004,2447896,174235,145914,14350
232005,2447896,174261,145904,14357
232006,2447918,174264,145912,14358
232007,2447918,174274,145904,14374
232008,2447947,174281,145908,14374
232009,2447947,174266,145895,14378
232010,2447967,174273,145900,14381
232011,2447967,174262,145902,14389
232014,2447996,174198,145874,14378
232015,2447996,174178,145863,14367
232016,2448020,174158,145870,14365
232017,2448020,174133,145862,14346
232018,2448047,174117,145848,14333
232019,2448047,174098,145852,14321
232020,2448066,174092,145855,14314
232021,2448066,174082,145857,14295
232024,2448096,174061,145848,14268
232025,2448096,174052,145847,14266
232028,2448147,174054,145861,14251
232029,2448147,174045,145854,14247
232032,2448177,174039,145832,14234
232033,2448177,174043,145849,14229
232038,2448248,174050,145843,14220
232039,2448248,174047,145849,14217
232042,2448277,174040,145827,14214
232043,2448277,174043,145834,14214
232044,2448296,174029,145827,14212
232045,2448296,174038,145828,14208
232048,2448339,174028,145819,14208
232049,2448339,174021,145816,14210
232050,2448366,174026,145805,14213
232051,2448366,174029,145810,14204
232054,2448396,174033,145812,14205
232055,2448396,174037,145820,14211
232056,2448417,174036,145808,14205
232057,2448417,174038,145807,14208
232058,2448438,174050,145810,14210
232059,2448438,174049,145816,14212
232060,2448470,174053,145822,14214
232061,2448470,174056,145812,14220
232064,2448497,174072,145817,14250
232065,2448497,174076,145815,14239
232066,2448526,174087,145814,14246
232067,2448526,174082,145811,14266
232068,2448547,174096,145815,14266
232069,2448547,174098,145807,14270
232072,2448577,174117,145823,14291
232073,2448577,174119,145818,14295
232074,2448598,174127,145824,14291
232075,2448598,174131,145827,14303
232076,2448626,174132,145824,14299
232077,2448626,174144,145823,14299
232078,2448648,174155,145821,14303
232079,2448648,174148,145836,14305
232082,2448677,174153,145828,14329
232083,2448677,174177,145826,14325
232084,2448698,174172,145833,14339
232085,2448698,174181,145838,14340
232086,2448719,174175,145838,14341
232087,2448719,174182,145837,14348
232088,2448752,174191,145845,14354
232089,2448752,174196,145841,14353
232092,2448778,174220,145850,14373
232093,2448778,174228,145852,14383
232094,2448799,174233,145854,14386
232095,2448799,174256,145855,14391
232100,2448858,174279,145866,14432
232101,2448858,174298,145866,14449
232102,2448887,174289,145867,14447
232103,2448887,174283,145866,14456
232104,2448909,174293,145868,14471
232105,2448909,174283,145863,14469
232110,2448958,174167,145824,14449
232111,2448958,174136,145821,14446
232112,2448987,174110,145815,14423
232113,2448987,174083,145807,14417
232116,2449016,174037,145802,14377
232117,2449016,174030,145796,14371
232118,2449039,174032,145803,14357
232119,2449039,174033,145803,14349
232120,2449061,174027,145816,14352
232121,2449061,174026,145799,14335
232122,2449091,174026,145811,14335
232123,2449091,174019,145809,14327
232128,2449146,173998,145808,14302
232129,2449146,174010,145807,14296
232130,2449162,174001,145801,14289
232131,2449162,174012,145801,14300
232132,2449187,174008,145794,14299
232133,2449187,174010,145791,14294
232134,2449206,174025,145798,14295
232135,2449206,174017,145794,14295
232138,2449238,174005,145776,14284
232139,2449238,174006,145780,14294
232140,2449266,174003,145786,14289
232141,2449266,173993,145769,14286
232146,2449316,173987,145776,14291
232147,2449316,173995,145783,14286
232148,2449340,173999,145784,14293
232149,2449340,173994,145789,14288
232154,2449397,174016,145797,14300
232155,2449397,174032,145795,14304
232156,2449416,174031,145797,14299
232157,2449416,174033,145796,14306
232160,2449467,174047,145803,14323
232161,2449467,174050,145799,14324
232164,2449497,174059,145802,14341
232165,2449497,174069,145791,14339
232166,2449517,174074,145795,14344
232167,2449517,174081,145788,14351
232168,2449540,174080,145799,14355
232169,2449540,174079,145796,14358
232170,2449567,174094,145787,14369
232171,2449567,174095,145795,14369
232172,2449586,174107,145794,14378
232173,2449586,174102,145800,14370
232174,2449611,174115,145796,14382
232175,2449611,174117,145800,14381
232182,2449697,174163,145817,14418
232183,2449697,174161,145815,14423
232184,2449721,174168,145816,14432
232185,2449721,174173,145813,14431
232188,2449746,174198,145828,14448
232189,2449746,174206,145827,14470
232190,2449769,174215,145826,14471
232191,2449769,174217,145831,14485
232192,2449798,174223,145832,14502
232193,2449798,174234,145837,14505
232196,2449826,174257,145843,14512
232197,2449826,174266,145851,14519
232198,2449852,174263,145854,14514
232199,2449852,174278,145857,14523
232200,2449876,174277,145851,14533
232201,2449876,174291,145852,14538
232206,2449931,174303,145869,14562
232207,2449931,174310,145872,14567
232210,2449962,174268,145851,14584
232211,2449962,174245,145839,14580
232212,2449986,174218,145835,14574
232213,2449986,174193,145821,14568
232214,2450011,174169,145821,14568
232215,2450011,174152,145824,14562
232216,2450037,174133,145813,14549
232217,2450037,174096,145806,14536
232218,2450061,174089,145809,14514
232219,2450061,174080,145809,14507
232222,2450089,174053,145805,14480
232223,2450089,174043,145805,14482
232224,2450116,174041,145807,14472
232225,2450116,174034,145810,14472
232228,2450146,174016,145803,14460
232229,2450146,174010,145799,14453
232230,2450172,174004,145802,14440
232231,2450172,173997,145794,14441
232232,2450202,174001,145793,14433
232233,2450202,173993,145791,14432
232236,2450237,174014,145791,14424
232237,2450237,174004,145785,14424
232238,2450258,174003,145783,14422
232239,2450258,174000,145788,14427
232240,2450279,173999,145803,14421
232241,2450279,174004,145790,14415
232242,2450301,174008,145807,14419
232243,2450301,174012,145814,14415
232248,2450350,174004,145804,14410
232249,2450350,174013,145805,14403
232250,2450369,174008,145801,14404
232251,2450369,174029,145799,14408
232252,2450388,174035,145810,14406
232253,2450388,174026,145795,14406
232254,2450416,174027,145794,14408
232255,2450416,174035,145797,14409
232256,2450438,174046,145813,14410
232257,2450438,174042,145812,14412
232262,2450486,174075,145815,14424
232263,2450486,174074,145813,14427
232264,2450509,174076,145816,14435
232265,2450509,174082,145812,14435
232266,2450537,174096,145812,14439
232267,2450537,174101,145824,14441
232270,2450561,174115,145829,14451
232271,2450561,174124,145845,14451
232272,2450586,174138,145844,14458
232273,2450586,174128,145832,14469
232274,2450608,174136,145843,14469
232275,2450608,174144,145833,14479
232276,2450631,174156,145863,14476
232277,2450631,174147,145843,14482
232278,2450660,174155,145862,14488
232279,2450660,174160,145851,14491
232280,2450681,174164,145850,14495
232281,2450681,174171,145862,14495
232284,2450709,174183,145858,14507
232285,2450709,174193,145857,14515
232288,2450757,174208,145861,14526
232289,2450757,174210,145856,14526
232290,2450778,174224,145871,14534
232291,2450778,174216,145866,14540
232292,2450798,174234,145867,14545
232293,2450798,174248,145882,14554
232294,2450820,174251,145864,14553
232295,2450820,174258,145882,14560
232298,2450847,174268,145895,14573
232299,2450847,174283,145892,14573
232300,2450877,174294,145899,14578
232301,2450877,174294,145898,14581
232302,2450898,174306,145901,14588
232303,2450898,174302,145904,14599
232306,2450928,174325,145908,14609
232307,2450928,174345,145920,14608
232308,2450949,174345,145929,14624
232309,2450949,174343,145916,14626
232318,2451047,174188,145887,14611
232319,2451047,174173,145883,14589
232320,2451069,174151,145882,14580
232321,2451069,174144,145882,14564
232322,2451089,174121,145880,14549
232323,2451089,174106,145873,14535
232324,2451117,174112,145878,14532
232325,2451117,174095,145880,14520
232326,2451140,174104,145878,14523
232327,2451140,174095,145886,14511
232334,2451217,174090,145884,14479
232335,2451217,174080,145883,14469
232336,2451236,174098,145882,14470
232337,2451236,174104,145882,14470
232338,2451258,174120,145888,14465
232339,2451258,174101,145882,14475
232342,2451287,174105,145876,14485
232343,2451287,174111,145880,14467
232344,2451306,174103,145878,14478
232345,2451306,174110,145876,14456
232348,2451357,174086,145882,14465
232349,2451357,174083,145869,14458
232350,2451376,174077,145870,14453
232351,2451376,174086,145870,14456
232352,2451398,174079,145866,14454
232353,2451398,174081,145872,14448
232356,2451428,174090,145868,14441
232357,2451428,174092,145862,14438
232358,2451458,174087,145854,14438
232359,2451458,174089,145859,14445
232362,2451482,174109,145868,14433
232363,2451482,174107,145887,14449
232364,2451507,174104,145874,14440
232365,2451507,174117,145875,14444
232366,2451531,174134,145877,14448
232367,2451531,174133,145881,14452
232368,2451557,174135,145872,14457
232369,2451557,174136,145884,14455
232372,2451587,174161,145866,14473
232373,2451587,174169,145881,14468
232374,2451610,174169,145872,14473
232375,2451610,174185,145875,14476
232376,2451637,174195,145875,14482
232377,2451637,174189,145871,14483
232378,2451660,174201,145866,14483
232379,2451660,174199,145876,14485
232380,2451681,174197,145866,14490
232381,2451681,174207,145870,14497
232386,2451727,174232,145879,14519
232387,2451727,174238,145875,14522
232388,2451757,174237,145884,14522
232389,2451757,174251,145877,14526
232390,2451778,174249,145885,14538
232391,2451778,174264,145884,14532
232392,2451800,174265,145891,14535
232393,2451800,174267,145892,14538
232398,2451859,174286,145909,14565
232399,2451859,174299,145915,14564
232400,2451881,174308,145916,14571
232401,2451881,174320,145911,14573
232404,2451908,174322,145908,14595
232405,2451908,174319,145914,14592
232406,2451931,174310,145898,14593
232407,2451931,174286,145900,14603
232408,2451957,174259,145883,14601
232409,2451957,174256,145879,14591
232410,2451980,174223,145868,14579
232411,2451980,174200,145863,14575
232416,2452036,174109,145850,14517
232417,2452036,174100,145840,14505
232418,2452062,174091,145841,14492
232419,2452062,174094,145843,14494
232420,2452090,174090,145849,14489
232421,2452090,174090,145844,14469
232424,2452116,174091,145838,14454
232425,2452116,174083,145838,14448
232426,2452136,174078,145826,14452
232427,2452136,174077,145831,14442
232428,2452168,174077,145830,14444
232429,2452168,174081,145834,14452
232430,2452187,174079,145826,14438
232431,2452187,174078,145824,14450
232434,2452216,174078,145827,14447
232435,2452216,174078,145822,14445
232436,2452240,174081,145814,14453
232437,2452240,174080,145815,14445
232438,2452267,174087,145817,14442
232439,2452267,174074,145813,14436
232440,2452289,174069,145812,14440
232441,2452289,174066,145816,14432
232442,2452310,174058,145802,14423
232443,2452310,174060,145803,14425
232446,2452339,174064,145797,14422
232447,2452339,174061,145807,14414
232450,2452386,174070,145812,14415
232451,2452386,174076,145808,14420
232458,2452467,174125,145807,14445
232459,2452467,174132,145809,14457
232460,2452488,174143,145806,14457
232461,2452488,174154,145805,14453
232464,2452518,174163,145809,14475
232465,2452518,174178,145799,14479
232466,2452549,174166,145803,14496
232467,2452549,174173,145800,14486
232472,2452591,174186,145791,14503
232473,2452591,174193,145799,14511
232474,2452617,174188,145805,14511
232475,2452617,174200,145805,14514
232476,2452648,174209,145804,14532
232477,2452648,174214,145801,14524
232478,2452671,174226,145801,14529
232479,2452671,174222,145816,14538
232482,2452697,174242,145801,14551
232483,2452697,174246,145804,14558
232484,2452717,174252,145822,14561
232485,2452717,174258,145827,14566
232486,2452746,174277,145821,14571
232487,2452746,174271,145830,14578
232488,2452769,174282,145831,14583
232489,2452769,174288,145832,14589
232492,2452792,174317,145835,14603
232493,2452792,174323,145837,14611
232494,2452816,174332,145831,14615
232495,2452816,174346,145828,14613
232496,2452846,174349,145835,14630
232497,2452846,174337,145838,14640
232498,2452867,174360,145835,14639
232499,2452867,174343,145827,14643
232502,2452892,174282,145800,14640
232503,2452892,174255,145790,14633
232506,2452947,174169,145773,14598
232507,2452947,174143,145776,14587
232512,2452998,174086,145773,14526
232513,2452998,174076,145772,14511
232514,2453019,174062,145784,14508
232515,2453019,174071,145780,14496
232516,2453048,174063,145785,14488
232517,2453048,174058,145786,14485
232518,2453070,174061,145761,14477
232519,2453070,174055,145779,14471
232522,2453098,174047,145776,14458
232523,2453098,174034,145774,14451
232524,2453130,174032,145772,14454
232525,2453130,174043,145770,14443
232528,2453156,174054,145761,14439
232529,2453156,174058,145775,14440
232532,2453207,174046,145763,14436
232533,2453207,174043,145757,14427
232534,2453228,174037,145750,14429
232535,2453228,174040,145751,14431
232538,2453258,174034,145747,14423
232539,2453258,174039,145751,14426
232540,2453279,174038,145746,14420
232541,2453279,174042,145740,14422
232542,2453310,174028,145739,14418
232543,2453310,174039,145747,14418
232544,2453332,174039,145745,14428
232545,2453332,174049,145747,14418
232548,2453358,174066,145745,14429
232549,2453358,174065,145758,14427
232550,2453381,174078,145747,14432
232551,2453381,174079,145743,14437
232552,2453407,174081,145744,14442
232553,2453407,174088,145750,14455
232554,2453427,174095,145741,14453
232555,2453427,174094,145750,14466
232558,2453458,174113,145744,14480
232559,2453458,174121,145744,14484
232560,2453477,174119,145739,14473
232561,2453477,174123,145741,14485
232562,2453507,174135,145744,14487
232563,2453507,174148,145745,14490
232564,2453528,174150,145738,14495
232565,2453528,174151,145751,14506
232566,2453549,174146,145745,14503
232567,2453549,174149,145744,14503
232570,2453577,174164,145748,14522
232571,2453577,174170,145756,14520
232572,2453598,174167,145751,14526
232573,2453598,174176,145751,14529
232574,2453628,174186,145760,14544
232575,2453628,174192,145749,14540
232576,2453650,174189,145769,14554
232577,2453650,174202,145760,14560
232580,2453680,174208,145769,14576
232581,2453680,174244,145771,14581
232582,2453707,174254,145770,14590
232583,2453707,174262,145772,14593
232584,2453730,174257,145767,14603
232585,2453730,174271,145774,14612
232590,2453780,174288,145782,14638
232591,2453780,174289,145780,14644
232592,2453807,174289,145777,14650
232593,2453807,174297,145777,14643
232596,2453836,174307,145777,14665
232597,2453836,174317,145786,14672
232598,2453860,174304,145776,14672
232599,2453860,174306,145768,14676
232600,2453881,174271,145761,14676
232601,2453881,174252,145754,14678
232602,2453906,174223,145737,14673
232603,2453906,174189,145738,14661
232604,2453926,174170,145739,14659
232605,2453926,174138,145740,14637
232606,2453951,174120,145740,14631
232607,2453951,174090,145726,14615
232610,2453976,174033,145727,14569
232611,2453976,174044,145730,14558
232614,2454019,174037,145706,14538
232615,2454019,174029,145723,14531
232616,2454047,174030,145720,14522
232617,2454047,174033,145715,14517
232618,2454067,174032,145705,14516
232619,2454067,174012,145702,14506
232620,2454090,174025,145703,14500
232621,2454090,174016,145703,14495
232624,2454122,174014,145698,14486
232625,2454122,174020,145692,14484
232626,2454147,174011,145702,14481
232627,2454147,174018,145702,14478
232628,2454170,174014,145692,14484
232629,2454170,174013,145697,14478
232632,2454196,174010,145691,14470
232633,2454196,173998,145693,14477
232636,2454247,174001,145672,14471
232637,2454247,174001,145700,14470
232640,2454277,173995,145697,14463
232641,2454277,173998,145696,14466
232642,2454299,174002,145697,14466
232643,2454299,174010,145702,14463
232644,2454317,174016,145701,14468
232645,2454317,174007,145704,14462
232646,2454347,174020,145702,14470
232647,2454347,174024,145697,14471
232652,2454400,174043,145686,14489
232653,2454400,174046,145681,14493
232658,2454471,174070,145677,14509
232659,2454471,174082,145682,14514
232662,2454521,174100,145681,14530
232663,2454521,174105,145684,14536
232666,2454549,174120,145684,14546
232667,2454549,174121,145676,14554
232668,2454570,174129,145683,14559
232669,2454570,174129,145689,14563
232670,2454591,174139,145695,14576
232671,2454591,174146,145690,14572
232674,2454638,174160,145702,14589
232675,2454638,174166,145693,14609
232678,2454666,174180,145701,14625
232679,2454666,174187,145701,14630
232680,2454690,174196,145701,14640
232681,2454690,174204,145708,14632
232682,2454708,174198,145710,14639
232683,2454708,174217,145706,14643
232688,2454768,174235,145717,14659
232689,2454768,174246,145713,14668
232690,2454786,174245,145715,14671
232691,2454786,174237,145715,14686
232692,2454816,174245,145722,14688
232693,2454816,174257,145716,14697
232694,2454836,174260,145720,14700
232695,2454836,174282,145732,14709
232696,2454858,174279,145728,14711
232697,2454858,174296,145738,14724
232698,2454878,174305,145730,14722
232699,2454878,174299,145727,14729
232700,2454899,174302,145728,14739
232701,2454899,174304,145722,14748
232708,2454971,174106,145669,14704
232709,2454971,174081,145670,14687
232710,2455000,174045,145664,14667
232711,2455000,174052,145661,14658
232712,2455020,174029,145650,14652
232713,2455020,174003,145659,14625
232716,2455049,173981,145650,14604
232717,2455049,173996,145645,14585
232720,2455097,173972,145633,14577
232721,2455097,173964,145637,14567
232726,2455146,173969,145634,14551
232727,2455146,173978,145647,14544
232728,2455176,173975,145650,14549
232729,2455176,173980,145645,14548
232732,2455221,173990,145650,14545
232733,2455221,173983,145638,14546
232736,2455246,173985,145627,14540
232737,2455246,173984,145616,14537
232738,2455276,173985,145622,14540
232739,2455276,173982,145617,14540
232742,2455310,173974,145611,14537
232743,2455310,173967,145607,14540
232744,2455327,173975,145610,14538
232745,2455327,173984,145614,14541
232746,2455349,173981,145611,14544
232747,2455349,173985,145609,14543
232748,2455379,173990,145602,14544
232749,2455379,173998,145619,14547
232752,2455407,174000,145625,14556
232753,2455407,174022,145632,14555
232756,2455449,174039,145636,14572
232757,2455449,174042,145631,14575
232758,2455470,174064,145638,14581
232759,2455470,174064,145639,14588
232760,2455490,174068,145634,14590
232761,2455490,174062,145647,14599
