:020000040100F9
:10000000909500214DC302018B34030139C30201D5
:1000100039C3020139C3020139C3020100000000E3
:10002000000000000000000000000000F9C4020110
:1000300039C3020100000000B9C4020139C3020142
:100040007DC602017DC602017DC602017DC6020198
:100050007DC602017DC602017DC602017DC6020188
:10006000753B03017DC602017DC602017DC602010A
:10007000273B03017DC602017DC602017DC6020148
:100080007DC602015B3B03017DC602017DC6020104
:100090007DC602017DC602017DC602017DC6020148
:1000A0007DC602017DC602017DC602017DC6020138
:1000B0007DC602017DC602012DE9F00791E8F8072F
:1000C000B2E802105B1854EB0C04B2E802104D4188
:1000D00056EB0C06B2E802104F4158EB0C08B2E8A0
:1000E000021059EB01095AEB0C0A80E8F80780412D
:1000F0000130BDE8F00770472DE9F00791E8F807F7
:10010000B2E802105B1A74EB0C04B2E802108D41E5
:1001100076EB0C06B2E802108F4178EB0C08B2E8DF
:10012000021079EB01097AEB0C0A80E8F8078041AC
:100130004042BDE8F00770472DE9F007524290E8D1
:100140007800B1E880071740DB1918EA020854EB81
:10015000080419EA020955EB09051AEA020A56EBE6
:100160000A0678C090E87800B1E8800717407B4124
:1001700018EA020854EB080419EA020955EB0905CC
:100180001AEA020A56EB0A0678C080410130BDE83F
:10019000F00770472DE9F007524290E87800B1E887
:1001A00080071740DB1B18EA020874EB080419EA01
:1001B000020975EB09051AEA020A76EB0A0678C00D
:1001C00090E87800B1E880071740BB4118EA0208C0
:1001D00074EB080419EA020975EB09051AEA020A28
:1001E00076EB0A0678C080414042BDE8F0077047D0
:1001F0002DE9F00152424FF0040890E8300091E8F8
:10020000C000A31B1340E41AF618EB1B1340ED1AB1
:10021000FF1830C0C0C1B8F10108EED1BDE8F0014F
:10022000704700BF00B592E8DC072DE9DC07B1E8B4
:10023000805702B4A7FB02510A95A8FB020B0918CC
:100240000020E7FB03105BEB000B00204041E9FBC3
:1002500002B00B91A8FB0351401800214941EAFB71
:1002600002011BEB050B0025E7FB04B568410025E7
:10027000E7FB0605694100256D41E8FB0615CDF851
:1002800030B0A9FB03B689190026EAFB03167541B5
:1002900000267641ECFB035610EB0B005FF0000BE1
:1002A000E8FB040B51EB0B015FF0000BE9FB041BB7
:1002B00055EB0B055FF0000BEAFB045B56EB0B06FE
:1002C0005FF0000B5BEB0B0BECFB046B0D90ACFBDE
:1002D0000230059C2D180020EEFB02504641002004
:1002E000E9FB04605BEB000B00204041EAFB04B03B
:1002F0005B180021E7FB04314D410021E8FB04516C
:10030000069C4E410021E8FB04615BEB010B0021E0
:10031000E9FB04B1484100214941EAFB04010E9385
:10032000A7FB0432079CB6180022E7FB04625BEBD4
:10033000020B0022E8FB04B250410022E9FB040258
:10034000514100225241EAFB0412049CED180023A3
:10035000E9FB04535E410023EAFB0463089C5BEB6A
:10036000030B0023E7FB04B358410023E8FB04031D
:1003700059410023E9FB04135A4100235B41EAFB86
:1003800004230F955DF8049B99E80006DDF80080D2
:10039000A9FB08541BEB040B0024EAFB08B4DDF8AE
:1003A000108060410024ECFB080461410024EEFB56
:1003B000081462410024E9FB0824634100246441DD
:1003C000EAFB0834DDF8048076190025EEFB0865A9
:1003D0005BEB050B0025E9FB08B568410025EAFB4E
:1003E0000805DDF8148069410025ECFB08156A4119
:1003F0000025EEFB08256B410025E9FB08356C4123
:1004000000256D41EAFB08450F96DDF80880AEFB3C
:10041000087680190026E9FB080671410026EAFBF0
:100420000816DDF8188072410026ECFB082673419F
:100430000026EEFB083674410026E9FB08467541AC
:1004400000267641EAFB0856DDF80C801BEB070B13
:100450000027ECFB08B778410027EEFB080779413D
:100460000027E9FB08177A410027EAFB0827DDF897
:100470001C807B410027ECFB08377C410027EEFB0A
:1004800008477D410027E9FB08577E4100277F414F
:10049000EAFB086708B000BD2DE9F14F87B0FFF710
:1004A000C1FEDDF81C8008F1200888E8FF00FFBCD1
:1004B00087E87F08BDE8F08F00B591E84C57A2FBB4
:1004C00002410194A2FB034524190020E2FB0650DF
:1004D0006D417F41641802940021E2FB0801A3FBF7
:1004E000034B654103950024E3FB060440417F4133
:1004F000091900246441E2FB0914FF0750EB0B00CB
:1005000004900025E2FB0A455FF0000BE3FB081BAB
:1005100049415FEA370714EB0B045FF0000BE3FB84
:10052000094B55EB0B055FF0000B5BEB0B0BE2FB94
:100530000C5BFF0F0020E2FB0EB000225141E6FBF6
:10054000061205910021E6FB084164417F416D18C8
:100550000021E3FB0A515BEB010B0021E3FB0CB133
:10056000484100214941E3FB0E010023E6FB09530A
:100570001BEB030B0023E6FB0AB358410023E6FB09
:100580000C03594100235B41E6FB0E13FF07544166
:1005900006946D417F41A8FB08265541079500222E
:1005A000E8FB09B25BEB0B0B7F4180180022E8FBF4
:1005B0000A0251410022E8FB0C125A4100235B4120
:1005C000E8FB0E230024E9FB0E340025E9FB0A15A5
:1005D00052190025E9FB0C256B410025EAFB0C357F
:1005E0006C4100256D41EAFB0E45FF075BEB060BF6
:1005F0000026ECFB0E564041494152415B416441AB
:100600006D417641AEFB0EE848F100087F00A9FB82
:100610000979784151EB0901AAFB0A7A7A4153EB37
:100620000A03ACFB0C7C7C4155EB0C0556EB0E062B
:1006300048F1000700BD00BF2DE9F14F87B0FFF77B
:100640003BFFDDF81C8008F1200888E8FF00FFBCB4
:1006500087E87F08BDE8F08F30B44FF0000310F852
:10066000014B11F8015B013A84EA050443EA0403F3
:10067000F5D1A3F101034FEAD37030BC704700BF3E
:100680004FF0000310F8012B013943EA0203F9D1BE
:10069000A3F101034FEAD370704700BF30B411F8E3
:1006A000014B12F8015B6C4000F8014B013BF6D1A5
:1006B00030BC70472DE9F00791E8F807B2E8021066
:1006C0005B1854EB0C04B2E802104D4156EB0C06DB
:1006D000B2E802104F4158EB0C08B2E8021059EB97
:1006E00001095AEB0C0A8941B3F1FF3374F1FF346D
:1006F00075F1FF3576F1000677F1000778F1000813
:1007000079F101097AF1FF3A51F100015B184C418E
:100710004D4156F1000657F1000758F1000859EB1A
:10072000D1795AEB010A80E8F807BDE8F007704775
:100730002DE9F00791E8F807B2E802105B1A74EBB4
:100740000C04B2E802108D4176EB0C06B2E8021000
:100750008F4178EB0C08B2E8021079EB01097AEBD3
:100760000C0A89415B184C414D4156F1000657F186
:10077000000758F1000859EBD1795AEB010A80E8DB
:10078000F807BDE8F007704718EB040859EB0509B6
:100790005AEB060A5BEB070B5FF0000C4CF1000C08
:1007A00018EB050859EB06095AEB070A5BEB070B38
:1007B00050EB0C005FF0000C51EB0C0152EB0C0203
:1007C00063414CF1000CB8EB070879F100097AF1AC
:1007D000000A7BEB040BA841B141A241B3416CF18B
:1007E000000CBBEB050BB041B941AA41BB416CF118
:1007F000000C4CF001068CF0020718EB060859EBD0
:100800006C095AEB6C0A7BEB6C0B70EB6C0471EBB4
:100810006C0572EB670653EB6C076CEB6C0C18EB1A
:100820000C0059EB0C015AEB0C025BF1000354F184
:10083000000455F1000556EBDC7657EB0C077047CA
:100840002DE9F14F87B0FFF7EDFCDDF81080DDF802
:100850001490DDF818A0FFF797FFBDE8000FFFF731
:1008600093FF03B05DF8048B88E8FF00BDE8F08FCC
:100870002DE9F14F87B0FFF71FFEDDF81080DDF89E
:100880001490DDF818A0FFF77FFFBDE8000FFFF719
:100890007BFF03B05DF8048B88E8FF00BDE8F08FB4
:1008A0001FB50B4B01A901934FF4B873ADF8083095
:1008B00008238DF80A30837803208DF80B30FF234E
:1008C0008DF80C3001F074F805B05DF804FB00BF42
:1008D000FD8A02011FB50B4B01A901934FF442732E
:1008E000ADF8083008238DF80A30437802208DF8DF
:1008F0000B3000238DF80C3001F05AF805B05DF88C
:1009000004FB00BFB58F02011FB5002301A9012020
:1009100003930193084B0293084B1B78002B14BFE1
:10092000022301238DF80B30FF238DF80C3001F0EA
:100930003FF805B05DF804FB40010800C80900213C
:100940001FB50A4B01A901934FF42673ADF8083087
:1009500008238DF80A30037800208DF80B308DF8CD
:100960000C0001F025F805B05DF804FB5D92020172
:100970001FB50A4B01A901939023ADF80830082355
:100980008DF80A30C37804208DF80B30FF238DF8E2
:100990000C3001F00DF805B05DF804FB679302011F
:1009A0001FB50A4B01A90193A823ADF8083008230D
:1009B0008DF80A30037905208DF80B3001238DF86E
:1009C0000C3000F0F5FF05B05DF804FB65A00101F7
:1009D0001FB50B4B01A901934FF40873ADF8083014
:1009E00008238DF80A30837D09208DF80B30002311
:1009F0008DF80C3000F0DCFF05B05DF804FB00BFA3
:100A000061B400011FB50A4B01A9427D019378230F
:100A10008DF80B200222ADF8083008238DF80C2049
:100A200018468DF80A3000F0C3FF05B05DF804FBEE
:100A3000B1BA00011FB5002301A901930393054B2F
:100A40000293037E0B208DF80B3000F0B1FF05B050
:100A50005DF804FB080108001FB50B4B01A90193C9
:100A60004FF48C73ADF8083008238DF80A30C37D3D
:100A70000A208DF80B30FF238DF80C3000F098FF22
:100A800005B05DF804FB00BFF19E02011FB5002315
:100A900001A901930393054B0293437E0C208DF82B
:100AA0000B3000F085FF05B05DF804FB080108007D
:100AB0001FB50023427801A903930193074B0293CA
:100AC00003780F2013448DF80B30FF238DF80C3082
:100AD00000F06EFF05B05DF804FB00BF8800080061
:100AE0001FB572B6194B5D68E5B9BFF34F8F184952
:100AF000184BCA6802F4E0621343CB60BFF34F8F18
:100B000000BFFDE7B4FBF6F4D3B20132002CF9D1FB
:100B100003F110026A4402F80C4C0A2233B901A80E
:100B2000A847E2E7044600220A26EDE7013BDBB2D4
:100B300003F110040DEB0406B0FBF2F402FB140009
:100B4000303006F80C0C2046E8E700BFC809002149
:100B500000ED00E00400FA0513B5114C6846237C53
:100B60008DF80130E37B8DF80030A37BADF80430C5
:100B7000637BADF8023010F065F918B1DE21032077
:100B8000FFF7AEFFA07E10F0C9F908B1E121F6E74A
:100B9000607E10F0BDF908B1E221F0E702B010BDAF
:100BA000C80900212DE9F34104460D4671B91C4BDB
:100BB00093F82E3053B9012101A80193FFF7F2FFFA
:100BC00020B94FF403710320FFF78AFF2368002D3B
:100BD000144F4FF0000603F10703DFF84C800CBF01
:100BE0002046002023F00703236000F0B9FE57F8E9
:100BF000043B0BB1404698470136102EF7D100F068
:100C000027FF031E09DB206818440DB1002804DB10
:100C10002060012002B0BDE8F0810020FAE700BFAB
:100C2000C809002158000021D00900212DE9FF4109
:100C3000B0FA80F60546039003A876093146FFF71F
:100C4000B1FF20B96FF00B0004B0BDE8F0818F4C0C
:100C5000A17B607B0331237CE27B033022F02DFEFD
:100C6000011EEFDB0398002D237A627A00F1030066
:100C7000134420F0030003FB01F1039008BF0020A0
:100C800001F044F8039B0DB9C342DBD41844A37AA6
:100C90000390C3B1E17D1944E37A1944FF29D1DC03
:100CA0000330002D628AC9B220F00300039008BF10
:100CB000002001F09BF8031EC4DB039818440DB913
:100CC0000028BFDB0390724F7B68F3B1617CE1B118
:100CD00094F82F300398002B00F1070014BF402335
:100CE000252320F0070014BF4FF481722822002D25
:100CF000039008BF002006F0BBFE031EA2DB039892
:100D000018440DB900289DDB0390217DC1B1A37A61
:100D10001BB97B68A3B1637C93B10398002D00F1EC
:100D2000070020F00700039008BF002013F0FCFB31
:100D3000031E87DB039818440DB9002882DB03905B
:100D4000544B1B68B3B1217BA1B10398002D627D88
:100D500000F1030020F00300039008BF0020984733
:100D6000031EFFF66FAF0398184415B90028FFF66D
:100D700069AF0390484B1B68ABB1A17D99B1039853
:100D8000002D00F1030020F00300039008BF0020B5
:100D90009847031EFFF656AF0398184415B900286C
:100DA000FFF650AF03903D4BD3F80080B8F1000F31
:100DB00019D0E17DB9B10398002DA37E00F10300A5
:100DC000227E009320F00300637E039008BF002082
:100DD000C047031EFFF636AF0398184415B9002824
:100DE000FFF630AF0390FB69BBB1217BA9B103983B
:100DF000002D227F00F1030020F00300039008BFC4
:100E0000002001F065F9031EFFF61CAF039818449B
:100E100015B90028FFF616AF039094F82700C0B16B
:100E2000039A94F821300332A17F22F0070219447B
:100E3000334642F00402C9B2039201F08BF9031E5B
:100E4000FFF600AF0398184415B90028FFF6FAAE74
:100E5000039094F82810002975D0039F002D628D0F
:100E600007F1070708BF002027F0070718BF38461B
:100E7000039722F088FD031EFFF6E4AE03981844A2
:100E800075B90028FFF6DEAE0AE000BFC8090021F0
:100E90005800002198000021A00000219C000021A2
:100EA00003901DB1618D38461DF0A6FA94F822100A
:100EB00000294AD094F82630002B46D00398002D04
:100EC000A28C00F1070002F1240220F0070092B288
:100ED000039008BF002022F056FD021EFFF6B2AEBE
:100EE000039F3A4415B9002AFFF6ACAE033294F8DA
:100EF0002030A17F22F0070294F8260019443346DF
:100F000042F00402C9B2039201F016F9031EFFF683
:100F100099AE0398184415B90028FFF693AE0390D4
:100F20003DB1A28C384694F82210083292B21DF0DE
:100F3000E5FC236BA3B1039B05B123632833039323
:100F40004DB1002080E60F46ABE7002DF1D0002226
:100F500011461046EBE7002BFFF674AE039873E6DC
:100F6000002DEED1FAE700BF38B50546002844D081
:100F700021F0BAF810B94FF0FF3038BD2AF001FB6C
:100F8000B0F5FA7FF7D81F4C1F486560002500F0C8
:100F9000C7FB402229461D4884F82E5021F0C8FC8A
:100FA0002622294604F10800257084F82F50256375
:100FB00021F0BEFC1B2240F20113627340F21B328F
:100FC00023810123E28140F20232A37222821F2296
:100FD0002377F72362824FF40272A384FB23A28259
:100FE00044F6011263852283EFF3108472B601F098
:100FF000EBF82CB962B62046BFE76FF01500BCE7EE
:101000002846BAE7C8090021590B00015800002101
:1010100010B5002840F0AB80564C94F82E30032BCE
:1010200000F0A280A1B1002A70D00139142900F289
:101030009E80DFE801F00B1C1F2F575F783562653B
:10104000733B414E537D808E9195850013782372BA
:101050000020FFF7EBFD0028B7BF012302236FF04C
:101060000B0084F82E30A8BF84F82E3010BD137802
:101070006372EDE79378002B48D0D378002B45D0EE
:1010800013781A2B42D953781A2B3FD91368C4F816
:101090000D30DDE71378E27A934237D3A372D7E7B6
:1010A0001378A27A934231D8E372D1E71378A27A07
:1010B00093422BD8E375CBE713783BB35378013BCE
:1010C000DBB2F82B22D81388927823832A4B9A70AC
:1010D000BEE71078E07618F01BFEB9E71378ABB1E5
:1010E0002377B5E71378254A52680AB1012B0DD949
:1010F0006374ADE713886382AAE713782373A7E7C5
:101100001E491378C96921B9012B04D86FF0150065
:10111000ACE7002BFAD01378637599E71378082BA6
:10112000F4D8A37594E71388FF2BEFD823758FE7C6
:10113000137863778CE713780E2BE7D8A37787E7CC
:1011400013680F49C4F8223053684B6013890B8130
:101150007EE71378E3777BE7137884F8213077E72D
:10116000137884F8203073E74FF0FF307EE76FF09C
:101170002C007BE7C8090021E0090021580000216C
:10118000EA090021F8B50D46074660B359B311F0DE
:10119000070428D1154E96F82E30012B02D16FF09E
:1011A0000B00F8BD032B02D14FF0FF30F9E700F040
:1011B000EBF90028F8D02846FFF738FD0028EEDBD1
:1011C000384621F005F986F834001BF073FA96F8DA
:1011D0003400316B11F00CF9FFF7BEFC03232046FD
:1011E00086F82E30DDE76FF01500DAE7C809002138
:1011F00010B5084C94F82E30032B05D111F014F9DA
:1012000094F8340021F000F922F05CFD002084F80D
:101210002E0010BDC809002150B1074B03F1140284
:1012200053F8041B934240F8041BF9D10020704787
:101230006FF01500704700BF375E0301074B10B514
:1012400093F82E4034B910F0D7FF054B054A2046DD
:10125000DA6010BD4FF0FF30FBE700BFC809002186
:1012600058000021A1080001074B10B593F82E404B
:1012700034B910F0D5FF054B054A20469A6010BDE1
:101280004FF0FF30FBE700BFC809002158000021E4
:10129000D508000138B5094D95F82E405CB910F01D
:1012A000E1FF074B074A20465A60074A1A600123AC
:1012B00085F82F3038BD4FF0FF30FBE7C80900211B
:1012C000580000210909000141090001054B10B532
:1012D00093F82E401CB924F084FF204610BD4FF037
:1012E000FF30FBE7C8090021054B10B593F82E40ED
:1012F0001CB924F079FF204610BD4FF0FF30FBE70A
:10130000C8090021054B10B593F82E401CB924F0F4
:101310006EFF204610BD4FF0FF30FBE7C8090021EB
:10132000054B10B593F82E401CB924F062FF2046FF
:1013300010BD4FF0FF30FBE7C8090021074B10B587
:1013400093F82E4034B910F0A9FF054B054A20460A
:101350001A6110BD4FF0FF30FBE700BFC809002144
:1013600058000021710900010A4B10B593F82E4076
:1013700064B910F0ADFF084B084A20465A61084B8B
:10138000084A1A60084B094A1A6010BD4FF0FF3036
:10139000FBE700BFC809002158000021A109000196
:1013A00098000021FDA70101A000002141200001BB
:1013B000054B10B593F82E401CB923F0F8FF2046DA
:1013C00010BD4FF0FF30FBE7C8090021054B10B5F9
:1013D00093F82E401CB923F0F2FF204610BD4FF0C9
:1013E000FF30FBE7C8090021084B10B593F82E40E9
:1013F00044B910F085FF064B064A20461A62064A99
:101400005A6210BD4FF0FF30FBE700BFC809002152
:1014100058000021050A0001D1090001094B10B54F
:1014200093F82E4054B910F089FF24F0D2FE064BF9
:10143000064A20461A62064A5A6210BD4FF0FF3033
:10144000FBE700BFC809002158000021050A000180
:10145000D1090001084B10B593F82E4044B910F0A3
:101460008BFF064B064A20469A62064ADA6210BD96
:101470004FF0FF30FBE700BFC809002158000021F2
:10148000590A0001350A0001084B10B593F82E40A7
:1014900044B910F08FFF064B064A20469A62064A6E
:1014A0001A6310BD4FF0FF30FBE700BFC8090021F1
:1014B00058000021590A00018D0A0001074B10B5A0
:1014C00093F82E4034B910F0ADFD054B054A204687
:1014D000DA6310BD4FF0FF30FBE700BFC809002101
:1014E00058000021B10A0001074B10B593F82E40B7
:1014F00034B910F0AFFD054B054A2046DA6310BD44
:101500004FF0FF30FBE700BFC80900215800002161
:10151000B10A0001074B10B593F82E4034B910F012
:10152000C7FD054B054A2046DA6310BD4FF0FF307A
:10153000FBE700BFC809002158000021B10A0001E3
:10154000074B10B593F82E4034B910F09BFD054BB6
:10155000054A2046DA6310BD4FF0FF30FBE700BFBD
:10156000C809002158000021B10A000102680020CA
:10157000014B1A60704700BF000A0021014B1B6835
:10158000184700BF000A0021024B1868003818BF36
:1015900001207047000A0021F7B504462D4E071DB3
:1015A0002C48376011F0E0FF0228054606D1294992
:1015B000204621F098FA284603B0F0BD042842D115
:1015C0003378092B0AD0252B1ED03146204621F036
:1015D00006FBB0F5817F2DD3722112E005213E205C
:1015E00021F054FA0028F0D1F37801A93279684645
:1015F00043EA0223ADF8003021F091FE0028CFD05D
:1016000053210820FFF76CFA1A213E2021F03EFA00
:101610000028DAD17368694601A8C3F30F23ADF837
:10162000043011238DF8063021F0DBFE0028B7D0FE
:101630006521E6E70028B3D0A178207821F026FACA
:101640000028B8D1ACE70828B5D10249204621F0DE
:1016500082FAB0E7040A0021074B4FF0FF3141F650
:10166000FF72C3E9001205490022C1E900221F21CF
:10167000C3E90212704700BF00000021080B0021DF
:101680003F280CD801380B4BC0F3421200F01F006A
:1016900053F8223023FA00F000F001007047FF28D1
:1016A00006D04038044BC0F3421200F01F00EFE7B1
:1016B0000120704700000021080B0021074B014664
:1016C000006849681A4603C240F48C221A6041F04F
:1016D000107242F4FF625A60704700BF00000021A0
:1016E0000246024B0068516803C37047080B002193
:1016F0000246024B0068516803C37047080000218E
:101700000138064BC0F3421200F01F0003EB8203C6
:101710009B6823FA00F000F00100704700000021F0
:10172000014B1860704700BF100B002110B5FFF788
:1017300093FF22F089FF034B04461B6803B19847CF
:10174000204610BD100B002138B5274B0446D3F8B6
:10175000A022D3F8A412013106D1D3F8A8324FF653
:10176000FF719BB28B423DD0D3073BD51E4DD5F8C0
:10177000A422D5F8A832C4F80120A4F80530C3F398
:10178000072363F03F03A371D5F89032013323D0D0
:10179000D5F8943201331FD0D5F8983201331BD0DD
:1017A000D5F89C32013317D0002010F0B5FF98B95E
:1017B000D5F89002D5F89412D5F89822D5F89C3235
:1017C000C4F80700C4F80B10C4F80F20C4F8133095
:1017D00001230020237038BD10220021E01D21F0DC
:1017E000A7F8F5E70023F4E70000FF0170B5274DE7
:1017F000102200210446D5F8A06221F099F81022A9
:101800000021A01821F094F8D5F8803201330BD1D3
:10181000D5F88432013307D1D5F88832013303D1AA
:10182000D5F88C3201330BD0D5F88002D5F884126C
:10183000D5F88822D5F88C3220616161A261E3611C
:10184000002010F069FF08B9F3071CD40F4BD3F840
:10185000902201320BD1D3F89422013207D1D3F870
:101860009822013203D1D3F89C2201320BD0D3F855
:101870009002D3F89412D3F89822D3F89C322060C7
:101880006160A260E360002070BD00BF0000FF0146
:1018900070B50C88C27CA6B2C4F30E04931C0588F4
:1018A00004F114021D44825AADB21A4443882A44FA
:1018B000013AB2FBF5F202FB054292B29342044BAD
:1018C0008BBF3340B34313439BB20B8070BD00BF4B
:1018D0000080FFFF4A1E062A08B50346084604D8C2
:1018E0004FF4D1711520FFF7FBF8094A914202D954
:1018F00040F2A311F6E711B903B1196008BD2BB18D
:101900001B680022C3E901211A1D1A600430F5E7A3
:10191000FAFFFF7F10B5114B00EB41041A78638981
:10192000B3FBF2F303FB0223013A1A44B2F5706FE2
:10193000027928BF00231A448378B2FBF3F01944DC
:1019400003FB1020091AB1FBF3F003FB101313443F
:101950006FEA43436FEA5343638110BD140B0021C8
:10196000124B10B5E0B15A78022A04D040F22B1184
:101970001720FFF7B5F803225A70026812F007012A
:1019800002D04FF49871F3E75C685A602244BDE8D6
:101990001040026003F10C009A60402220F0C8BFA2
:1019A0000122C3E901005A7010BD00BF140B0021D1
:1019B0002DE9F041254E96F801E00EF0FD0CBCF14A
:1019C000010F04D040F245111720FFF789F891F874
:1019D0000680B8F1080F02D940F24711F4E7CF7939
:1019E00097B345467B1D7268022D4FEA430402EB14
:1019F000430338BF02256A1E6D421344C8F100023A
:101A00002B408D884544013D2A40B2F5803F02D3EA
:101A10004FF4A971D8E7BEF1030F12D106EB800095
:101A20001C1BC56815B140F25711CDE7C460A77003
:101A3000228084F803C0087A09682071080C21818B
:101A4000E08007FB02337360BDE8F081140B0021D6
:101A50002DE9F047364C6378012B65D0032B04D079
:101A600040F267111720FFF73BF8D4E901329A42A0
:101A700002D04FF4B571F5E7002325460F221E462C
:101A8000994605F80C3B55F82200013A58B190F8F8
:101A900004808178B8F1FF0F2FD180F804908E4236
:101AA0003CBFCEB20123511CEDD103B126700F26ED
:101AB00040F6FF6955F826709FBB013EFAD2042319
:101AC00000206370BDE8F08755F82CE0BEF1000FF0
:101AD00006D09EF804A0C24504BF9EF802E07744F9
:101AE0000CF1FF3CBCF1000FEEDA3944FF2907D9B5
:101AF00003B126704FF48371B4E794460027F1E7F1
:101B00000771CCE707EB410308F101083846A3F859
:101B10000A90FFF7FFFE5FFA88F1BB788B42F1D89D
:101B2000CBE74FF00008F6E7022360686370C9E76F
:101B3000140B0021034B03EB8003D86800B18078BD
:101B4000704700BF140B0021F8B54FF6FF73054630
:101B50000380184B03EB8103D868B8B1867803790A
:101B6000B3FBF6F206FB1233DBB219460A1D00EB9B
:101B70004202B2F902705488002F09DB0131B1FB37
:101B8000F6F206FB1211C9B28B42EFD10020F8BD6C
:101B9000FF29FBD0C4F30E03C4782B8024B94FF483
:101BA000D9711720FEF79CFF5380BDE8F84021F063
:101BB0003FBE00BF140B00211D4B03EB810370B52A
:101BC000DC68054644B3030404D54FF4E0711720E4
:101BD000FEF786FF0146204621F00DFEFF28014654
:101BE00004D02046BDE8704021F022BEA078B5FBAD
:101BF000F0F300FB1353DBB219460A1D04EB420657
:101C0000B6F90260002E09DB0131B1FBF0F200FBF6
:101C10001211C9B28B42F0D1002070BDFF29FBD058
:101C20008B4204EB42021CBF0023E3705580D8E7CF
:101C3000140B0021094B03EB8103014610B5DC684E
:101C4000204621F0D8FDFF28014604D02046BDE8FB
:101C5000104021F0EDBD002010BD00BF140B00218D
:101C6000F8B5104B074603EB81030146DC682046BC
:101C700021F0C1FDFF28054611D0E688238953EAEB
:101C8000064606D00146204621F0D2FD01463846E0
:101C9000B04720462946FFF73DFE0020F8BD05204D
:101CA000FCE700BF140B002138B50E4B04468279C7
:101CB00003EB8203D86808B9052038BD8278E17942
:101CC0009142F9D24B1CE37100EB41035D89B3F9FA
:101CD0000A30002BF3DBA58021F0AAFD2060002054
:101CE000EBE700BF140B002108B5074B03EB8103A2
:101CF0000146D86821F07FFDFF2804D140F226215B
:101D00001720FEF7EDFE08BD140B002170B5044648
:101D100010F003000E4603D04F211820FEF7E0FE1E
:101D2000FFF7D8FD054624B1034831460460FFF7AC
:101D3000D1FD284670BD00BF600B00212DE9F14F99
:101D4000DFF870B01E4607460D46DBF800309046BF
:101D50009DF828A09DF82C901BB961211820FEF752
:101D6000BFFE52460921404621F0B5FB4A4684B2E7
:101D70000921304621F0AFFB81B2DBF8000021449D
:101D800021F00EFD386018B9286001B0BDE8F08F71
:101D900004445346414609222C60386821F047FB31
:101DA0004B4609223146286801B0BDE8F04F21F0CA
:101DB0003EBB00BF600B002170B50E46044621F00B
:101DC0009DFB0546304621F099FB044B2A1821461D
:101DD0001868BDE8704021F007BD00BF600B00210E
:101DE000014B186821F0D0BC600B00211F2AF8B508
:101DF000044613460ED89200033222F00303B3F5D3
:101E0000803F2DD2184DACB1A00710D05F21092022
:101E1000FEF766FEFF2B4FEA420204D9FF339A42D7
:101E2000A8BF1A46E8E77C2AB8BF7C22E4E72970FD
:101E30006C602B8122F0030228230127120403FB8C
:101E400001F06B680025120CEEB28E4200D3F8BD93
:101E500014B126181F705E60104401352833F3E773
:101E60004FF0FF30F3E700BF640B0021144A00215C
:101E700038B553681478C8B2844203D8AB2109201E
:101E8000FEF72EFE1846013128330578002DF2D0DA
:101E900000218170012412898161051D447092081E
:101EA000C16100F12001446821F8022B994245F8F4
:101EB000044B1444F8D100234361037038BD00BFC4
:101EC000640B00210A4B1B89B3F5FF7F4FEA930097
:101ED00006D25A089B1A9BB2984238BF18467047E0
:101EE000B3F5EE6F01D8FF22F4E740F27263F3E737
:101EF000640B00212DE9F8434B7880460C4602F034
:101F0000040602F0FB07D3B1DFB12E4BD4F80490E6
:101F10001D89B7BB0123AD084A46211D637004F13A
:101F2000280004F12003A761E76123F8025B9842CF
:101F300041F8042B2A44F8D10023636101E0002F0B
:101F4000E3D0FF23A370002E18BF0226A3191B7D28
:101F5000032B03D1022F1CBF0136F6B2A3190122B5
:101F60001A7506F10C02002304EB860624F81230E1
:101F70007268A3704046C8F80020A8F80430BDE895
:101F8000F883002114226170A01820F0D1FCB5F56F
:101F9000FF7F0FD26B08ED1AADB209EB0502C4F852
:101FA00004902584A2606384C4F80C90A584226107
:101FB000E384C6E7B5F5EE6F4FF0FF03EBD940F2CF
:101FC0007265EAE7640B0021F7B5D2000B684000A8
:101FD000002502F07802CDF8013000F006008B8871
:101FE0000243ADF805300D4B42F001021E785F68E8
:101FF0008DF80020EBB29E4201D800240AE0C5EB28
:10200000C5040722694601353C44204620F0B4FB54
:102010000028EFD1204603B0F0BD00BF700B0021B7
:10202000014B1878704700BF700B0021034B002153
:102030001A785868C2EBC20220F07ABC700B0021FB
:1020400010B50C4650B1830703D020214120FEF784
:1020500047FD044B58601970FFF7E8FFC4EBC4005C
:1020600010BD00BF700B0021F8B504460D461646A2
:10207000FFF7AAFF034630BB144A92F800C0576826
:10208000DAB2944501D807201CE0C3EBC302013348
:10209000B85CB918024610F00100F1D1630022F0DB
:1020A0007F02F60003F0060306F0780643F0010312
:1020B000334313430A4602F8013B2B68C1F8013051
:1020C000AB889380F8BD1220FCE700BF700B0021A5
:1020D0002DE9F84305460C46F7200521914621F0ED
:1020E000FAF9061E22DB1DB906FB04F0BDE8F883F1
:1020F00015F0030703D098211920FEF7F1FCDFF853
:102100003480C8F81050A5B2A8F81460BBB29D4244
:10211000EAD9B8F814C04B46D8F810000522F721C8
:1021200007FB0C00013721F082F9EFE74FF0FF3099
:10213000DCE700BF780B002107B5CDE900230B4693
:1021400003490246081D21F06BFD03B05DF804FB56
:10215000900B002113B5064CCDE900230B46024637
:1021600004F1080104F10C0021F05AFD02B010BD89
:10217000900B0021024B0146186821F043BD00BFBF
:10218000900B0021024BD3E9002121F06FBD00BF6D
:10219000900B0021034B1B28D3E9022138BF1B20E1
:1021A00021F064BD900B0021024B0146D3E90020D1
:1021B00021F01ABB900B0021024B0146D3E902200B
:1021C00021F012BB900B0021144B012200214FF093
:1021D000FF309A60C3F80012C3F80803C3F8001573
:1021E000C3F804259A60C3F808034FF48040C3F88D
:1021F0000015C3F8042503F5805341F6F872084929
:10220000C3F80825C1F88000BFF34F8FBFF36F8F6D
:10221000C1F88001C3F80825704700BF00E0004105
:1022200000E100E08C463022064B00B50CF8032B91
:102230008E4607CBCEF80300CCF80410CCF808206B
:102240005DF804FBAC0B002110B5154C1BF0A2FA95
:102250001AF0DAFB0021636A608C9847237E9BB9F1
:10226000104B628C93E8030012F0E8F9E36A1888D7
:1022700012F00EF9636B94F8301094F8310098471F
:10228000002384F8383010BD94E8070004F10C03F3
:1022900083E80700044904F1190025F03EFCDFE75C
:1022A000A00B0021C80B002125220001034B93F84D
:1022B000383003B97047FFF7C7BF00BFA00B00213C
:1022C00040F21F41062008B5FEF70AFC08B5094B8D
:1022D00093F83820022A07D1DA7A42F00102DA7242
:1022E000BDE80840FFF7B0BF40F253212720FEF7BA
:1022F000F7FB00BFA00B002138B5364D044695F81A
:1023000028300BB1C2071FD4012924D82B6C2046DA
:10231000984700B395F83000E8B995F82820E2B165
:102320008CB995F84430D806C3F300142ED4EB6C66
:1023300023B30123AAB16A8F910713D5EB6BD87829
:10234000023818BF012038BD6B8F1B07DCD5EB6B43
:10235000DB78022BD8D1012038BD002CE1D12046FA
:1023600038BD6A8F002AF6D16A6D107803EA101022
:102370002043C0F1010000F0010038BDB5F8503035
:10238000B3FA83F35B09002AEBD0D4E7E96B0B784F
:1023900003F00303032B02D1CB78022B18D0A86CD7
:1023A00021F055F948B9EB6B1B7803F00303032BBD
:1023B00006D195F828200446B9E795F82820B6E715
:1023C00010F06CF980F0010095F82820C4B2AEE757
:1023D0000024ACE7A00B0021F8B5234C0646E56AC3
:1023E000636D95F8A42005F1900794F85C00A3654F
:1023F0000AB1031DD8B2FF2895F87D1004D11EB98B
:1024000095F87C30994202D01AF0E6FC3A7D22B36E
:10241000206E1BF0D3FA94F82830216E003BA06D9B
:1024200018BF012384F88030D7E91E23C4E91E2396
:102430001AF088FA46B995F87D30033B012B94BF1A
:10244000282000201BF058FB95F87C1000201BF082
:1024500047FC022384F83830F8BDA06D1BF0AEFABB
:102460001AF0D2FAE6E700BFA00B00212DE9F041F7
:10247000394C82B006460F4694F83830E56A012B95
:102480005FFA83F805F190055ED12B796BB1638F0C
:102490000021042043F0040329716387636A98478D
:1024A00094F828300BB185F80680E16B0B7803F0C7
:1024B0000303032B31D04B7863B30223AB722B7D24
:1024C000DBB194F82830003B18BF012384F880303A
:1024D000D5E91E23C4E91E23E36A94F85C2093F82F
:1024E0007D30013BDBB2032B33D81C490020CB5C91
:1024F000009001201A491AF0BBF9012F05D126B925
:1025000031463046FFF7F8FEC8B102B0BDE8F041F1
:10251000FFF79ABE0123AB72D1E7AB7A63B9638F41
:10252000022043F002036387636A9847E16B0B78EC
:1025300003F00303032BBED10323AB72BFE702B04A
:10254000BDE8F041FFF748BF40F2A4412720FEF765
:10255000C7FAFFF7B5FE00BFA00B00215C540301D2
:10256000080C002170B5804C002382B0E56A8DF81C
:10257000053095F8A42005F1900694F85C300AB176
:102580000433DBB2FF2B11D180B995F87D3095F87B
:102590007C108B4202D0FF201AF01EFCB37A032B72
:1025A00000F2DD80DFE803F0051F817195F87C10F3
:1025B000F1E794F8C2306D48ADF80630A5F86C30FC
:1025C00010F046F8002840F095800DF105020DF15D
:1025D0000601A06C20F0BAFFE06320B196F85130FC
:1025E000002B00F09E80624B1846E363F37ADB0019
:1025F00003F00802037803F0F3031343327B9200E5
:1026000002F00402134303F0EF0203F00303032B71
:10261000027002D1C378022B11D0A06C21F017F800
:1026200048B9E06B027802F00303032B07D010F0E7
:1026300035F800286ED1E06B027842F0100202708B
:10264000F37C13B14378002B41D11BF0B7F91AF09A
:10265000DBF9E66B11F070F820B1337803F0030377
:10266000032B5AD095F87D1001201BF039FBE26B4B
:10267000012340491088927884F8C430A4F84400BB
:1026800084F838308A7002B070BD38480FF0E0FF2F
:1026900000285AD0E06BC3781B2B14D1012105F11F
:1026A00010001AF0C9FBE06B0DE0B5F86C300DF1CD
:1026B00005020DF10601A06CADF8063020F046FFD2
:1026C000E063002846D0012384F8C3308EE7206EF3
:1026D0001BF074F994F82810206ED6E91C23B1FA87
:1026E00081F6E16B7609C4E91E2384F880601AF054
:1026F00029F9AEE7638F4FF48070E16B43F4807388
:10270000626A638790470121E06B7171C3781B2B6C
:10271000D9D1C4E7E06B027891E701201CF066FF95
:10272000A0E79DF8053043B1BDF8061025F0B9F9D2
:102730000123E06B84F8C33058E7038001218370E4
:10274000E06B24F02FFFE06BEEE740F2FD21272045
:10275000FEF7C6F940F2F3212720FEF7C1F940F257
:102760000B312720FEF7BCF9A00B0021DC0B002168
:10277000300C0021E40B00210D4B0E4A70B50E4CBD
:102780001A6094F838301BB1E1212720FEF7A8F930
:1027900003F0FF0206460D46227611F047FF0121A5
:1027A00004F1900024F0FEFE6665256670BD00BF52
:1027B000A4000021B4300001A00B0021074A10B58D
:1027C00092F8383013B10C24204610BD03F0FF04FA
:1027D000147611F02BFF204610BD00BFA00B002186
:1027E000024B012283F8C520704700BFA00B0021D7
:1027F0002DE9F04184B0BC4C02AD85E8030094F8AB
:1028000038100A98002940F0A081002B18BF002A38
:1028100000F09B81B0FA80F14909002800F0958111
:10282000236404F12803606384F8C51084F8301031
:1028300084F8C61084F8311084F8C41084F8C310EA
:1028400061876184626295E8030083E80300E56ABA
:102850001AF026FB1AF0D8F895F9800005F19006D9
:102860001AF02AFCA86B1BF08DF8286A1AF02AFCD3
:1028700096F824001AF030FC94F82870EA6941F6C2
:102880004B53002F00F0B6809A4200F228814D2071
:102890001AF0F8F901201AF089FD732195F87D20CE
:1028A00001201AF0A5FD914B18681BF071F8D5E9CD
:1028B0000523A264C4F8C83095F88B303BB9D5F82D
:1028C000843023B1F18F32898A4200F02881D6F812
:1028D0008410D6F88C30864FD6F88000D6F8882041
:1028E0000FC7D6F8903094F82810C4F88130D6F885
:1028F0009430C7F80D30002940F0BB80E36A93F8AC
:102900009E20263A012A40F2848093F89F20262AAE
:102910007FD093F87C70032F08BF042705F144088B
:102920003946404625F068F9394624F0FEF9B5F8F5
:102930005030024695F87D104046934228BF13461A
:1029400084F8C23025F025F995F87D1096F81480AA
:102950000429B5F8587008BF032124F0E6F9B8F14E
:10296000000F01D1043080B2B84228BF3846C7B248
:1029700084F8CC7010F0E0FE10B12B2F38BF2B275D
:1029800094F8280084F85C70002857D1F37CDBB100
:10299000012395F87C1084F880300139D6E91C2396
:1029A000C9B2C4E91E23EA6941F64B539A4298BF63
:1029B0000420032900F2CE8000224E4B0092FB221D
:1029C0005B5C4B4919F054FF0120FFF7CBFD00235E
:1029D00096F82400C4E90033A360D5F88C302A8827
:1029E00031892071618022800BB101221A6004B00C
:1029F000BDE8F0819A427FD84D201AF043F938465D
:102A00001AF0D4FC7D2195F87C2000201AF0F0FC0F
:102A100049E793F87C7093F84232002B3FF47EAF85
:102A2000FA1E012A40F28880DA1E012A40F28480D0
:102A3000012F72D0012B70D002276FE7337DA3B135
:102A400095F87D100120013984F88000C9B2D6E9DB
:102A50001E230329C4E91E237CD8264B3A465B5C1F
:102A600000210091224919F003FF0120FFF7B4FC77
:102A7000ADE7E26A92F89E30A3F12600012827D93B
:102A800092F89F70262F23D0A3F12100134601282E
:102A900001D8242F4AD100293FF43BAF242F7FF4E3
:102AA00038AF92F84E3192F87C7092F8752013404E
:102AB0005A0741D413F0010240D19B077FF52EAF96
:102AC000FB1EDBB2012B37D9012F18BF022725E7E8
:102AD00092F8D63292F87C70002BA1D11EE7962096
:102AE0001AF0D0F89C21D9E6A00B0021A400002107
:102AF000080C00215C54030196201AF0C3F8164B11
:102B000095F87C2003EB42039988144B01F5FA7188
:102B1000A3FB013189097D3177E70127FEE6B5F88E
:102B200088100A44F28701221A60D0E692F84E31EA
:102B300092F87C705907BDD50427EFE6FB1EDBB287
:102B4000012B8CBF17460427E8E640F26F112720BF
:102B5000FDF7C6FFFFF7B4FB5C540301D34D6210D1
:102B600008B5124B93F8382092B193F8282022B977
:102B700093F83830012B14D108BD93F83820022A7D
:102B80000AD1DB6AD3F81802BDE808401AF04EBF3C
:102B9000BDE80840FFF758BB40F235212720FDF77C
:102BA0009FFF40F231212720FDF79AFFA00B002163
:102BB000FFF74ABB014B1876704700BFA00B0021FE
:102BC000014B93F8C4007047A00B0021034B93F80E
:102BD000C30010B9588CC0F300307047A00B00211F
:102BE000024B588CC0F3C020704700BFA00B0021DF
:102BF000014B93F8C6007047A00B00212DE9F0416E
:102C00001E4F820782B00546FC6A0E4604F190040E
:102C100011D4EB070CD5217BD4E91E32013342F1EC
:102C200000020129C4E91E320CBF002301232373D3
:102C300002B0BDE8F081FB6CDBB1B7F8502018465C
:102C4000B96D033291F801801FF0FCFD0DF1020215
:102C500001A9B865D7F8C80020F08CFD019820F0D4
:102C600073FD012230604146D7F8C80020F039FDDD
:102C7000CFE740F295412720FDF732FFA00B00215E
:102C80002DE9F04F0023B74C87B00646E56A884629
:102C9000CDE9043394F8383005F19007022B40F069
:102CA000F781638C13F0400106D1636A4020984796
:102CB000638C43F040036384002E5BD03B7D002B8C
:102CC00040F02B81D4F858B09BF8013099B2A4F8A9
:102CD0005010002940F039810023E3649BF80090F4
:102CE000638CF97AC9F3800243F4007391426384E0
:102CF00000F0D380E26A94F8280002F1900A9AF872
:102D00000A20EAB1022A00F0988100218AF80A100C
:102D100020B19AF80630002B40F085819AF80530F2
:102D2000002B40F031819AF80B30D4F858B0012BC9
:102D30000CBF002301238AF80B30638C9BF80090B2
:102D4000397BC9F3C00243F400634FF0000A91429B
:102D5000638400F0A9804FF0000910F0EDFCF0B1A1
:102D60009BF8003003F00303032B18D101201CF063
:102D70003DFC14E03A7D002A40F0EF8043F480638C
:102D80004FF00009638494F8C630013384F8C630EC
:102D900095F87D30033B012B40F2B180CA46FB7CA5
:102DA00003B394F8283095F87C10B3FA83F3E869FC
:102DB00001395B09C9B284F8803041F64B5398421F
:102DC00094BF042000200329D7E91C23C4E91E2353
:102DD00000F263810022644B0092FB225B5C63493A
:102DE00019F046FDB8F1000F08D194F8C610012083
:102DF000FFF782FA0546002800F0BC8001251AF092
:102E0000A9FFB9F1000F38D1BAF1000F08D094F83A
:102E10002830002B78D1B4F809300133A4F80930F8
:102E200086B3B4F805300022013384F8C620A4F834
:102E300005304F4811F01AFB049830B120F084FCA3
:102E4000E16A0022027210F0CDFB059B33B1E16A0A
:102E500000221A720C22059810F0A4FBC5B9638CED
:102E60001B0607D4636A294680209847638C43F089
:102E70008003638407B0BDE8F08F05A90220FFF747
:102E8000BDFEC1E7B4F807300133A4F80730D0E73E
:102E9000FFF7DAF907B0BDE8F08F397BC9F3C0025C
:102EA000B24691427FF457AF09F00301E26A032969
:102EB00002F1900265D143F48053012059460392F8
:102EC00063844FF00009638F107143F0010363873F
:102ED000636A9847D4F858B0039A137B013B18BF34
:102EE000012313739BF80130002B3FF436AF936F2F
:102EF00001339367D36F43F10003D3672DE70120BC
:102F0000CA461CF073FB4AE7B4F80530B4F8071062
:102F10003A890B43134383D07DE719F0B9FD19F0CB
:102F20009BFDD4F858B000287FF4CEAE9BF801107A
:102F3000002946D09BF800303A7BC3F3C0039A4285
:102F400000F08E8089B2A4F85010D4F8C80020F0A8
:102F50009FFBD4F858B0E064C0E619F0D3FD638C51
:102F60000CE700BFA00B00215C540301080C0021FA
:102F7000C80B0021FFF7F6FAB9F1000F3FF444AF98
:102F80007BE709BB8946A8E74FF000098AF805905E
:102F90000FF06EFB002800F08280638F4946082006
:102FA00043F008036387636A9847DAF870300133A7
:102FB000CAF87030DAF8743043F10003CAF874309C
:102FC000B1E6A4F8501087E69BF801100029D9D08B
:102FD00043F4805392F814900392638419F06CFECA
:102FE000042894F8CC30039A07D1B9F1000F14BF2C
:102FF0001B211F218B4228BF0B46D4F858B09BF8E9
:103000000110994232D8E36C002B3FD094F8C530C0
:10301000002B39D0636A002120204FF00009984727
:10302000D4F858B099E6638F10208AF8061043F060
:1030300010036387636A984770E604A9A06C20F0C8
:10304000A7FA88B3DAF8703094F828000133CAF888
:103050007030DAF8743043F10003CAF8743054E683
:10306000012384F83130FFF7EFF803E794F83030AC
:1030700001204FF0000943F0100384F830301CF0B9
:10308000B5FAD4F858B068E6B14626E7994664E642
:103090004FF4A3612720FDF723FDFFF711F940F25C
:1030A00025412720FDF71CFD40F20E412720FDF7AA
:1030B00017FD00BFCD220001812C00016D2400010D
:1030C000AD2200012DE9F843002800F0E38004461A
:1030D000072900F2D380DFE801F0AB2525A7D12036
:1030E0009ECD0146204625F013FDD4F84C3100F169
:1030F000EC059D4240F2C680E81A0321402838BF03
:1031000040201EF061FC0346C4F84C5120461D4689
:1031100025F0C2FD002D00F09C802046BDE8F8435C
:1031200025F0BBBD25F043FD0023D4F81C21054646
:103130000E4684F8483184F85131BAB150EA01039F
:1031400014D0CA00C30042EA50721B1A62EB01029B
:10315000D4F838115B18D4F83C1142EB0102D4E9E1
:103160005601834272EB0103C0F09280022304F502
:10317000A47784F8503138461DF072FE002800F024
:103180008D8094F8683103F0FF01002B6AD16FF055
:103190000043D4E958029A4208BFB0F1FF3F12D071
:1031A0002046D4E9569825F0B3FCD4F86031EC30D1
:1031B000D4F86421B3EB090362EB08021B1A62F135
:1031C0000002002A4BDB394694F818011DF034FF49
:1031D00000286DD0D4E95601D4E94C32834272EB19
:1031E00001071FD255EA06071CD0C01A334661EB0F
:1031F00002012A461FF0E2F905FB01F1A5FB00538D
:1032000000FB0616D4E94C213344551943EB010366
:10321000C4E94C5306E090F818011DF0F9FD0023B5
:1032200084F84031BDE8F883BDE8F8431AF0A6BD44
:1032300013F096F8D4F84C01DC381EF023FB90B361
:10324000204625F0F6FC00283FF44BAF204625F041
:1032500023FDD4E95623C4E94E23BDE8F883204674
:1032600013F086F894F818011DF0D2FD002384F8BD
:103270004031AFE7F4213020FDF732FCF821302057
:10328000FDF72EFC2046C4F84C5125F005FDE0E783
:1032900001236CE7D7213020FDF722FC40F2926138
:1032A0003020FDF71DFC40F251213020FDF718FCC5
:1032B00040F296613020FDF713FC00BF2DE9F04F7E
:1032C000044689B000201F460E46914694F87DA022
:1032D000049023F0CFF894F800320B2B00F21883FF
:1032E000704A94F89F8032F8135089F00103284403
:1032F000029385B2B9F1000F1AD0B4F8901204F518
:103300001879B4F898B0711AA6EB0B0B09B20FFA42
:103310008BFB0029C0F24982384694F84432032BD3
:1033200000F21083DFE813F0BD018301C4003A000E
:1033300094F84432032BE0D1B8F10E0FDDD1B4F88C
:10334000D432B342D9D1B4F81C222046B4F8923218
:103350001344C4F84032D4F84C32C4F83832E3692C
:10336000C4F83C3214F0F2F9D4F8DC32E2699A4243
:1033700005D004F1280027F016F9D4F8DC32E36117
:10338000D4F8D832E363B4F8D632A4F84030D4F895
:10339000E0326362022384F84432AEE7E36903FB60
:1033A00001F20492002F00F00A82B4F81C52002DA2
:1033B00040F0058284F85B52D4F84CC294F89E30F9
:1033C0000CFB1121262B049100F0088294F89F3009
:1033D000262B00F0038200283CD0002D3AD1D4E9FE
:1033E000A0E0D4E99E237245834180F0A68294F840
:1033F0007D00C31E012B40F2808203911AF0FCFE77
:103400004AF2A13CD4F88032274D8444A3F18301D1
:1034100094F87D00A5FB0C3CA0F1030ED4E99E239B
:10342000BEF1010FA1EB020303991944A1EB9C111A
:1034300040F27D8203911AF0DFFE00F2E730D4F80B
:103440004CC20399A5FB0030B4F81C52800901441A
:1034500010390491AB44AAF103030CFB0BFBDBB264
:103460000BF1300B012B4FEA4B0B40F2FF81504622
:103470000D4D1AF0C1FE4AF2A1330344A5FB03230C
:103480009D0950461AF0B0FE0BF1730341F64B5202
:103490001D44E36928449342044D286040F2218290
:1034A000049A6FE06C540301D34D6210700C00213C
:1034B000E36B2946D4F83C02184428F05AF8294610
:1034C000C4F84802E06928F054F841F64B53E26929
:1034D00094F87DA09A42C74D98BF0230C4F84C02C0
:1034E00050461AF089FEAAF1030A4DF64171BAF16D
:1034F000010F01442046A5FB013194BF282300237E
:1035000003EB9111803124F0DFFBB4F81C3213B9C6
:10351000002F40F0AD81D4F83C32E26B94F87DB0DE
:103520001344D4F84802ABF103011B1AC9B2049347
:10353000D4F838320129D4F84022B4F840A002FB74
:1035400003050AF1730A05F130054FEA450540F21B
:103550003D8158461AF050FE4AF2A1330344A54873
:10356000A0FB03239B095846039355441AF03CFEE5
:10357000039B049A1D44A04B28441860012384F83F
:103580004432E369D4F84C52D4F888125D1B6FF4CE
:10359000B3731D44D4F88C32854228BF0546891880
:1035A00004F1440043F10003C4F81852C4F8701247
:1035B000C4F87432002384F8603224F0E8FA284416
:1035C000A4F89062C4F86402D4E99C23C4E9A2235D
:1035D00013F004FB20B1D4F864321E33C4F8643213
:1035E000B4F8081200238E1B84F8683236B29E426B
:1035F00002DD022384F86832B8F10E0F00F0FE807D
:10360000002F40F0FE8094F84432002B40F01981E6
:10361000494694F85C021DF00FFD002800F07D8102
:10362000029B84F85832002009B0BDE8F08FD4F82E
:103630004C02E269D4F84052B4F81C32121AB4F8C1
:1036400040A09B4402FB01F1D4F84832EA430AF15E
:10365000730A049130339344D4F8382202FB0535C1
:1036600094F87D20D31E00FB0B55012B4FEA450536
:1036700040F2AE80104603921AF0BEFD4AF2A1332A
:1036800003445C48A0FB0323039A4FEA931B554471
:1036900010461AF0A9FD584B5D44049A284418605E
:1036A00081E094F87D1094F8160223F065FB8246C1
:1036B000E06B2946DFF83CB1504427F05AFF294619
:1036C000C4F84802E06927F054FFE26941F64B5321
:1036D00005A99A4298BF0230C4F84C0206A81AF015
:1036E00041FB059B0093DDE90623D4E9A2011EF00E
:1036F000C5FB94F87D300546184603931AF07CFD0F
:10370000039B4DF64171033B01442046012BABFB6B
:10371000013194BF2823002303EB9111803124F061
:10372000D3FAD4F89432E26B94F87D0004930392B8
:103730001AF062FD4AF2A133039AC318D4F8480282
:10374000ABFB0331049B933B13441B1A5344B4F863
:1037500040A05B1B00F130050AF1950AA3EB911321
:103760006D00049394F87D30DA1E012A33D918468F
:1037700003931AF041FD00F52340A130ABFB003B61
:10378000039B4FEA9B1B184655441AF02DFD049AE3
:10379000D4F894325D441849D31A2844B3F5A07F75
:1037A0000860C0F0BF80E369ECE6002359460120C1
:1037B00084F85B32D4E99E23C4E9A223ADE594F8F2
:1037C0005B52002D4FD00C490868DBE66523CAE642
:1037D0004FF0650B5BE74FF0650BD4E7B4F8D432DC
:1037E000F31A1A043FF5F7AD94F8D732002B18BF3F
:1037F0009A46F0E5D34D6210700C0021002F3FF483
:1038000007AFB4F83022CAB1B4F8320294F83412D7
:1038100000FB011101308A427FF7FAAE002B3FF422
:10382000F7AE0023A4F8320284F868320FF08AFF62
:1038300000F00700013084F83402E9E6A4F83222EF
:10384000E6E6D4F84C324846E169C91A23F03CFA5E
:1038500083B2002B3FF4DCAE129A0120002A3FF421
:10386000E3AE1380E0E6B4F81C52A5E5652508E652
:10387000E26BD4F83C3294F87D0003EB020A1AF0B4
:10388000BBFC4AF2A13394F87DB0AAF1930A034439
:10389000ABF10301D4F84802A5FB0323C9B2D4F865
:1038A0008022AAEB000A9B09012992440393D4E9E0
:1038B0009E23AAEB020A29D958461AF09DFC94F8D7
:1038C0007DB000F2E732D4F84802ABF10301A5FB6A
:1038D0000235C9B2AD09039BAAEB03022A44049244
:1038E00026E618462A4604AB594623F062FA049AA3
:1038F00084F85B02E369286844E6AEF1E80E3C20F8
:10390000D4E99E23AEEB020E7144A0E53C25E2E72C
:1039100040F2B5310620FDF7E3F840F27B5130204C
:10392000FDF7DEF840F2C6413020FDF7D9F8B4F8D3
:103930001C523C20D4F84CC289E540F21A51302088
:10394000FDF7CEF840F232513020FDF7C9F800BF44
:10395000F0B585B0002800F015810446072900F273
:103960000081DFE811F09200080008007B00FE00F3
:1039700080008800FA001BF037FED4E99E23801AED
:1039800061EB0301012871F10003C0F20D816FF0BA
:103990000102002382428B41C0F20181E3690BB135
:1039A000B0FBF3F394F89F200E2A00F0CF80B4F818
:1039B0009810B4F856220B449BB2D11A0D0454BF90
:1039C000531C01339BB2A4F8563294F85932B4F820
:1039D000561223B9B4F80C328B4200F0C680B4F80A
:1039E000D40002ADB4F89830B4F892220344B4F88D
:1039F000D20001326F4E013BA4F892221B1A9FB2F3
:103A0000336853B101390022204689B29847B4F88F
:103A10005612014489B2A4F856127B1A18046ED4C7
:103A20000023204600951A46FFF748FC00284AD19B
:103A3000D4F884303BB3B4F8CE20B4F856329B1A95
:103A40001BB2002B1FDDB4F888100B44013BB3FB05
:103A5000F1F303FB0123A4F8CE3014E005B0BDE878
:103A6000F0401AF08BB901201BF0C0FD05B0BDE895
:103A7000F040FFF79DB890F84432042B40F08B8063
:103A8000002380F8443205B0F0BD90F8583253B3AB
:103A9000B0F85632B0F8982093426BD09A1AA0F83A
:103AA0009830A0F80E222046D4E99C23C4E99E2336
:103AB00013F03AFD94F81332002BE4D005B0BDE8C2
:103AC000F04025F09CBA012860D1B4F85612B4F841
:103AD0000832CA1A12042FD4BDF80830194489B22A
:103AE000A4F856128CE7B0F85432B0F89810B0F839
:103AF00054225B1AA0F89820A0F80E32D3E794F86D
:103B0000A220012328460394002A8DF808300CBF18
:103B10003E23082384F8C13010F02AFA204625F00D
:103B200070FA002394F85C0284F844321DF070F9B6
:103B3000202384F85C32A6E7BDF80820114489B23E
:103B40007A1A12F4004F18BF1946C9E7B4F8561292
:103B5000013189B2A4F8561241E7CB213020FCF79D
:103B6000BFFFCF213020FCF7BBFF013189B2A4F8A1
:103B7000561234E7B0F80C22D31AA0F89820A0F817
:103B80000E3290E7A6213020FCF7AAFF40F25461E4
:103B90003020FCF7A5FFC5213020FCF7A1FF40F243
:103BA00007613020FCF79CFF40F206613020FCF7F3
:103BB00097FF00BFA80000212DE9F043D0F81C3189
:103BC000002683B0054680F820610F46D0E956896B
:103BD00083F8162280F840610121D0F81C010FF013
:103BE000A7F9D5F81C41324631462046C4E99E89E2
:103BF00095F81831C4F8947284F85C32334684F82E
:103C00004462A4F89062C4E9A2890096FFF756FBCB
:103C1000D0B90123C4F84002C4F8380284F8443211
:103C2000A4F85602A4F8540284F85902B4F8983063
:103C3000A4F89202013BA4F8983019F035FE03B0C5
:103C4000BDE8F0431CF06EBF40F2F3113020FCF7EA
:103C500047FF00BFD0F81C01704700BF2DE9F043BB
:103C6000002385B00322FF26CDE900338DF806201E
:103C70006846FEF719F8044620BB009D95F84031D0
:103C8000002BF5D085F868610121284625F007F85A
:103C900095F84031002BEBD095F818011DF028FC69
:103CA00095F818011DF0B4FF95F818011DF0B0F853
:103CB00000283CD085F840416846FDF7F5FF0446F2
:103CC0000028DAD0DFF87C800123002502264FF699
:103CD000FF7788F804301AE0029BE3B193F85C2286
:103CE000202A18D01888B8421BD00221FDF7A2FF65
:103CF000814608B390F85C021DF08AFF99F85C02D7
:103D000089F844421DF084F8202389F85C32CDE91B
:103D100002558DF80E6002A8FDF7C6FF0446002884
:103D2000DAD0002388F8043005B0BDE8F08340F213
:103D3000DF113020FCF7D4FE40F22B113020FCF7CD
:103D4000CFFE00BF700C0021044B002242F2107124
:103D50005A71D9801A71FFF781BF00BF700C002122
:103D60002DE9F84390F84031002B76D1044688467F
:103D700001465648154603F0FF071DF01DF82028A0
:103D800006466AD05822394604F58C701EF0D0FDE4
:103D900084F81861C4F81C81FF2384F84031B8F11D
:103DA000000F06D00FF0E6FC00F00700013088F8A5
:103DB000340202234FF00008A4F8503184F84881FF
:103DC00027F0E1FB00F1BC062046B6B224F031FF3B
:103DD000002846D022F04EFB00F5CD6128464FF07A
:103DE000010989B227F0C5FB2844C4F84C011BF037
:103DF000FBFB3018A4F8268041F10001C4F85801FB
:103E000084F820912046C4F85C1124F028FF002893
:103E100045D0A5F59D654946204624F079FE2D1A2A
:103E2000C4F824514FF0FF326FF00043C4E9582327
:103E300004F5A47194F818011DF0FEF800283FD095
:103E400020460021D4E95623C4E94C23C4E94E237B
:103E500024F025FF3846BDE8F8830C273846BDE836
:103E6000F8830146204624F053FEDFF86480EC30EE
:103E7000C4F84C01B8F8060008B1E08CB8B90644A3
:103E80001BF0B2FB361841F10001C4E95661002D68
:103E9000C8D0AE1941F10001C4E95861C8E7EC3D52
:103EA000484624F0CCFF2D1AC4F82451BAE70FF08D
:103EB00061FCB8F80630B0FBF3F202FB1300DEE75A
:103EC00040F2C1113020FCF70BFE00BFC5300001ED
:103ED000700C002190F840310BB90020704710B5EC
:103EE0000446FF2380F86831012124F0D8FE94F8BD
:103EF00040310BB9002010BD94F818011DF0F8FAFC
:103F000094F818011DF084FE94F818011CF080FF4D
:103F100020B1002384F84031002010BD40F2DF11B1
:103F20003020FCF7DDFD00BF014B5871704700BF2A
:103F3000700C002190F8682182B910B502F0FF04DE
:103F400090F8202112B90122104610BDD0E9493164
:103F50009942F9D912F00CFA2246F5E700221046F0
:103F6000704700BF10B5044618F0CAFE074B9A68A8
:103F7000824208D3E16941F64B52914203D9187944
:103F800080F0010010BD002010BD00BF700C0021AA
:103F900040F20B2108B523F09FFEB0F5296F28BF32
:103FA0004FF4296080B208BD90F81332002B73D112
:103FB000F0B503F0FF0590F8443285B00446032BBA
:103FC00001D005B0F0BD1BF00FFBD4E99E23801A91
:103FD00061EB0301012871F10003F2DB6FF00103D3
:103FE000834275EB01035ADBE369B4F89820002B98
:103FF00053D0B0FBF3F080B20132B4F80C3210446D
:1040000080B2A4F85402B4F854229B1A1BB2002BBD
:10401000D7DD94F85C021DF06BFA0028D1D0FF23A5
:1040200084F85932B4F898500DF10E06B4F8D42043
:10403000B4F8D23015441F4F013DED1A3B68ADB2C4
:1040400063B1B4F8541200222046013989B298476E
:10405000B4F85432184480B2A4F85402B4F854327C
:10406000EB1A1B04ADD4B4F85412002301222046ED
:1040700089B20096FFF722F90028A2D0012813D1B7
:10408000B4F85432BDF80E2013449BB2A4F8543255
:104090003B68002BD5D1E1E770471846ACE740F20A
:1040A000AF513020FCF71CFD40F2F6513020FCF7F8
:1040B00017FD00BFA80000212DE9B043044682B0DF
:1040C000062900F29780DFE801F0041D0A1A232A6E
:1040D0006D004B4B1B7903F0FF02002B7CD00423B7
:1040E00084F8443219F0E0FB1CF01CFD0023B4F806
:1040F0009820A4F89232A4F8562284F8593202B0DB
:10410000BDE8B083032380F8443202B0BDE8B08339
:1041100018F01AFEC4E9A00102B0BDE8B08390F81F
:104120007D30C569033BD0F84C12DFF8D480012BF9
:1041300098F8053094BF4FF4BD794FF4A9798D42BA
:104140008CBF6D1A00251BB9436C9D4228BF1D46CC
:10415000D4F8187204F1440023F019FD074402203A
:104160001DF0DEFB0221ED1B25EAE575854228BF27
:10417000054628461DF028FC00B92F444A4639461A
:10418000204623F08EFDE269D4F81832C8F8080002
:10419000D0181DF077FB0028B1D140F279313020E2
:1041A000FCF79EFC90F87D502846033D1AF024F859
:1041B0004DF641710246134B012D20461144A3FBDD
:1041C000013194BF2823002303EB9111803102B009
:1041D000BDE8B04323F078BDB0F80C120123009283
:1041E000FFF76CF800283FF47DAF40F2CA61302041
:1041F000FCF776FC40F265713020FCF771FC00BFE3
:10420000700C0021D34D6210012A70B5064609D00A
:10421000022A14460D461ED04AB140F28F7130205A
:10422000FCF75EFC18F06CFDC6F8940270BD18F047
:1042300067FD224601462846FFF7BEFC32460F497D
:1042400095F818011BF0BCF90028EFD14FF4EF618D
:104250003020FCF745FCD0F8941201222846FFF7E5
:10426000ABFC3246054995F818011BF0A9F9002866
:10427000DCD140F289713020FCF732FC5139000169
:10428000F8B5044651B1012960D1002380F82031EE
:1042900019F00AFBBDE8F8401CF044BCC58C002DA9
:1042A0004CD12046D4E94C7624F081FC40194FF0E3
:1042B000000341F10001C01984F848314FF00203B6
:1042C00046EB0101C4F85801C4F83001C4F85C1190
:1042D000A4F85031C4F8341194F8683103F0FF01A8
:1042E000002BD5D16FF00043D4E958029A4208BFA1
:1042F000B0F1FF3F0CD104F5A47194F818011CF043
:104300009BFE0028C4D140F2E9613020FCF7E8FBB5
:104310002046D4E9565624F0FBFBD4F86031EC304B
:10432000D4F864215B1B62EB06021B1A62F10002E7
:10433000002AE0DA204612F01BF8A9E70FF002FA93
:10434000E58CB0FBF5F303FB1505AAE740F29F717E
:104350003020FCF7C5FB00BF90F84001003818BFC3
:1043600001207047014BD880704700BF700C0021BE
:1043700006220B4603F8032BB0F809C0C27AA1F855
:1043800003C09A70704700BF18230B70704700BFBE
:1043900040F2A921322008B5FCF7A2FB70B5002835
:1043A00044D0437A04460E467BB300214089FDF792
:1043B00041FC054600283ED000880EF009F9002196
:1043C0002888FDF74DFC00283AD11321334604F12B
:1043D0000902293403F8031BD2F800C0103252F846
:1043E0000C5C103352F8080C52F8041CA24243F83B
:1043F00010CC43F80C5C43F8080C43F8041CEBD1D8
:10440000107800221870B27170BD036DD0F80E20C4
:10441000C3F80320428AA3F80720427B036D12F001
:10442000FD0F14BF012200229A70CEE740F2F22164
:104430003220FCF755FB40F2FE213220FCF750FB06
:1044400040F202313220FCF74BFB00BF044B00224C
:104450001B68A3F8BA2083F8BC2083F8702070474B
:104460007C0C002108B50EF01FFE034B187019F0EC
:1044700091F9032008BD00BF1000002108B50EF01F
:1044800013FE024B024601201A7008BD10000021E5
:1044900038B50D4D2C6894F8893063B9002301219B
:1044A000204684F87010A4F8BA3084F8BC30BDE817
:1044B000384005F0DBB919F069FB18F045F9002325
:1044C00084F889302C68E9E77C0C002138B5114C60
:1044D000002003F061FB256803F0F2FA2368E86727
:1044E000D86F60B103F028FB70B119F067FA0020B3
:1044F00019F002FB2368042283F8702038BD40F2D3
:10450000B6413220FCF7ECFA4FF497613220FCF709
:10451000E7FA00BF7C0C002108B50EF0C5FD044B86
:10452000024600201A7003F08DFC012008BD00BF78
:104530001000002170B53D4C0646236893F87020AA
:10454000032A34D093F87020042A30D093F85430E2
:104550009B0731D16568002D4FD0236893F8542014
:10456000002A40D06EB3284622F0E5FF18B928464D
:1045700022F0FCFF20B3236893F87020022A4BD965
:1045800093F87020082A4CD893F870102846A26837
:10459000274B12690B4452F8233098470C2827D830
:1045A000A368DB68BDE8704053F820301847D86F27
:1045B00003F0C2FA0546CEE703F0D6FA0546CAE78D
:1045C000236893F87020022A1CD993F87020082AD7
:1045D0001DD893F87010A268154B52690B4452F81D
:1045E00023309847DAE741F291313220FCF778FA2C
:1045F00041F2A4313220FCF773FA41F28B313220C0
:10460000FCF76EFA41F271313220FCF769FA41F29F
:1046100072313220FCF764FA41F211313220FCF79A
:104620005FFA41F212313220FCF75AFA7C0C002179
:10463000FDFFFF3F38B5144C236893F854309B07B7
:1046400019D16568DDB12368FF2093F8B91018F01F
:10465000C3FB284619F0B2F9236893F8B930033B3D
:10466000012B94BF2820002019F046FA2368072266
:1046700083F8702038BD03F077FA0546E2E740F290
:10468000DD413220FCF72CFA7C0C0021F0B5514CB6
:1046900000220E460546236841F2707083B0196D02
:1046A0005A72CA69B1F800C0A3F80AC0A2F57A7CB0
:1046B000844540F281804848A0FB0202C2F38F2269
:1046C0001A848A8C5A84CA8C9A844FF47F42DA8482
:1046D0004FF6FF721A85002D64D00121304622F07A
:1046E0004CFE3278D209236893F8481009B1002AA9
:1046F00036D193F8860000210828596119833CD0EF
:1047000003F10E0203F10D010EF054FA00285BD004
:1047100023685A7B03F11A0742F002025A73002DF4
:104720003AD103F1980002683A608288BA8093F91E
:104730005810186D0EF09CFC2068284923F0E4F90D
:10474000236827491A6D03F12A001488A3F833401F
:1047500092F8A62083F8352023F0DFF903B0F0BDEE
:10476000427902F0C002402AC3D102685A618288AD
:1047700093F886001A830828C2D193F89E10D3F8C4
:104780009820B3F89C0059730021C3F80E2058827A
:10479000C3F81A10D983CAE70021304622F0EDFD94
:1047A0002368C0E76068694622F09AFC636868463F
:1047B0001A78C2F3801296E70A48A0FB0202920917
:1047C00002F5506292B27BE741F2DA313220FCF717
:1047D00087F900BF7C0C00215917B7D19D43000118
:1047E00071430001D34D621008B5002003F000FBB7
:1047F0000EF05AFC024B024601201A7008BD00BFA1
:1048000010000021034A0223106880F8703004F081
:10481000B1BE00BF7C0C002140F25A31322008B5F5
:10482000FCF75EF930B504788DB004F00F0402A9EE
:10483000224603F09DFC18F0ADFF0EF035FC204B36
:10484000042C187002D003200DB030BD1D49054660
:10485000039A0868147890F898108C42F3D1547831
:1048600090F899108C42EED1947890F89A108C427E
:10487000E9D1D47890F89B108C42E4D1147990F867
:104880009C108C42DFD1517990F89D209142DAD171
:104890009DF8191090F89E209142D4D17F2D0CD014
:1048A0007F2202A97C301A7090F82C30827A009511
:1048B00003F0B8FB03200DB030BDFFF7ADFF00BF24
:1048C000100000217C0C00212DE9F04F044687B038
:1048D00006290CD8DFE801F0AC34110B0B0B0400F7
:1048E000BA4D286890F88C30002B40F0CD8018F03D
:1048F00051FF032007B0BDE8F08F18F04BFFB34B1A
:10490000186890F854309D07F3D090F88C30002B45
:10491000EFD0AF4B93F900207F2A00F0098202927A
:10492000FF2590F886107F22CDE900511A702146AC
:1049300000F1420302227C3003F0C8FA0320D9E7D9
:10494000A24D867C2968012E91F88C3091F88D90CB
:10495000059391F8483083F0010B00F0B4800026F5
:1049600091F85420374612F0040000F0B48091F81A
:104970004D30002B00F0AF8091F88880B8F1080F1F
:1049800040F0AC8091F841800027C44620B36268B3
:1049900091F85B0092F800E0864500F062814FF0EC
:1049A000000A91F88520082A05D091F888009042E5
:1049B00008BF4FF0010A002F40F0F280BBF1000F5A
:1049C00040F048813846B9F1000F40F0EB8018F014
:1049D000E1FE2B6893F8542093078AD018F0DAFE92
:1049E000059B002B85D02868A36800F14201A27CBA
:1049F00090F8410022F0DEF817B9002800F06E812F
:104A0000734A92F900307F2B00F092810293214685
:104A1000286890F8864000F14203CDF800807C3091
:104A200001947F241470012203F050FA032061E7FF
:104A3000664D286890F854305F071BD590F88D308C
:104A4000002B5DD0636890F85B201978914200F0EC
:104A5000DC8090F85630012B00F0B38090F888305D
:104A6000082B04D090F885209A4200F0AA8018F014
:104A700091FE286890F88C30002B46D190F88D304C
:104A8000002B7FF436AF32E790F85430990769D5A0
:104A90004F4A92F900307F2B00F04A810293214661
:104AA00090F886307F240193FF23009300F14203A6
:104AB00014707C30062203F009FA2B6800220920CA
:104AC00083F8A82016E78268527902F0C002402AD3
:104AD0007FF445AF44E791F885804FE740460DF0FD
:104AE00077FF002818BF8346002F40F0E780296831
:104AF00091F8418091F85420C44602F0040045E743
:104B000090F88C30002B3FF4F2AE90F854309E07B2
:104B100060D4D8077FF5EDAE590700F102812C4B28
:104B200093F900207F2A00F003817F200292FF2664
:104B3000002218702146286890F88630CDE900637D
:104B400000F142037C3003F0C1F92B68032093F895
:104B50008D20002A7FF4CEAE93F88C30002B7FF4AA
:104B6000C9AEC4E6DA077FF5C2AE5B0700F1D680B6
:104B7000174B93F900207F2A00F0DA802868FF2580
:104B800002927F2290F88610CDE900511A702146DA
:104B900000F1420306227C3003F098F90320A9E6D5
:104BA000012010E72B6893F85630012B06D0002B1C
:104BB0007FF40DAFBAF1000F3FF409AF00283FF4C6
:104BC00006AF0A2007B0BDE8F08F00BF7C0C0021C3
:104BD00010000021574A92F900307F2B00F0A88086
:104BE0000293214690F886307F240193FF2300939F
:104BF00000F1420314707C30002203F067F92B6847
:104C00000122092083F8A820A1E7597890F85C20B8
:104C100091427FF41EAF997890F85D2091427FF425
:104C200018AFD97890F85E2091427FF412AF1979CD
:104C300090F85F2091427FF40CAF5A7990F8603081
:104C40009A427FF406AF627C90F85A309A427FF421
:104C500000AFB6E742316046A368A27C21F0AAFF0C
:104C6000B1E692F801E091F85C0086457FF497AEDA
:104C700092F802E091F85D0086457FF490AE92F8DC
:104C800003E091F85E0086457FF489AE92F804E077
:104C900091F85F0086457FF482AE507991F86020EC
:104CA00090427FF47CAE94F811A091F85A20AAEBC0
:104CB0000202D2F1000A4AEB020A72E6A1684046FB
:104CC0000EF090F82968074691F841C091F85420F9
:104CD00050B34CF0020802F0040057E6286890F840
:104CE0005530023B012B3FF604AE002E3FF401AEDF
:104CF000104B93F900207F2A1AD00292FE2590F8DB
:104D000086107F22CDE900511A70214600F142033E
:104D100001227C3003F0DAF80320EBE518F03AFDCD
:104D200026E718F037FDFAE6E04602F004002DE62B
:104D3000FFF772FD1000002130B5184C85B094F9D2
:104D400000307F2B27D00A467F21217014490C6840
:104D500094F87010032916D094F8701006290CBF2F
:104D600003210121CDE9023194F88650014604F176
:104D70004203019594F8B9000090002002F032FF40
:104D800018B905B030BD0021ECE7002005B0BDE842
:104D9000304003F02DB8FFF73FFD00BF10000021A9
:104DA0007C0C00210F4A136810B593F8701002298B
:104DB0000ED993F8701008290FD893F870109268E4
:104DC000094B92680B44BDE8104052F82330184755
:104DD00041F291413220FBF783FE41F292413220B1
:104DE000FBF77EFE7C0C0021FDFFFF3F38B51C4D1C
:104DF0002B6893F87020022A2DD8027C044683F891
:104E000084201A44C168596792F8BD2083F8B920FC
:104E10004268C3F88020037A022B0ED018F040F8C5
:104E200018F0B4FE17F090FC0E4818F0B1FD0E48D3
:104E300018F0A8FD0D4818F045F9637C03B938BD9A
:104E40002868643021F0ACFE2B68DB6E002BF6D0B6
:104E500001221A6038BD40F6AC013220FBF740FE5B
:104E60007C0C00215C01002155555500D6BE898E71
:104E700038B505460C460DF01DFB420704D4A37857
:104E800003F0E003402B0DD00DF014FB830704D496
:104E9000A37803F0E003202B04D0237803F03F0332
:104EA000242B01D9002038BD17F00CFF94F90030F5
:104EB00094F802C0002B62780CF01F03ACBF1E21D7
:104EC0004FF4967142EA032301FB03F31A1AB2F579
:104ED000877FE7D39842E5D8054A2946238810689A
:104EE000A0F8BA3080F8BCC0BDE8384004F0DABAA7
:104EF0007C0C002170B5334E84B0336893F88C502D
:104F00007DB30A4693F8A810044631B90178002908
:104F10000CBF0121022183F8A81093F87010062914
:104F2000C8B241D0072814BF01250225264991F9AE
:104F300000007F2843D04233CDE9020593F84400B6
:104F4000019093F8770000907F20087021460020A0
:104F500002F048FE40B9022D28D00020054602F09C
:104F600071FF284604B070BD6378DB061ED5A169C9
:104F70000220FFF77DFF05460028EED033680022AF
:104F800083F894206169C1B14A780978100902F068
:104F90000F0241EA0222A3F8962083F8950018F048
:104FA000F9FB284604B070BD0325BFE70020054685
:104FB00002F01EFF284604B070BDFF20EDE7FFF7AA
:104FC0002BFC00BF7C0C00211000002110B5044612
:104FD0008AB00EF069F8194A2378107003F00F03B5
:104FE000072B02D001200AB010BD2046694603F00D
:104FF0005DF9684603F048FA9DF80030002BF1D1C6
:105000009DF80130DB07EDD50D4C019922689DF824
:10501000110002F1980392F89E2021F0CBFD0028A8
:10502000E0D020680121903021F0F3F9FF2168469B
:10503000FFF760FF0028D5D00220D4E71000002140
:105040007C0C00212DE9F04104468AB00EF02CF8CA
:105050004E4A2378107003F00F03082B04D001246C
:1050600020460AB0BDE8F0816946204603F0B4F856
:105070009DF80030002BF2D19DF8013003F00303BE
:10508000032BECD1424E356895F84D30002B46D0BD
:1050900095F8888095F88930002B43D1002705F1D9
:1050A000980395F89E2001999DF8110021F082FD4A
:1050B00008B9002FD3D0336895F8482093F8417091
:1050C00003F14205002A49D19DF8120002990128F6
:1050D00034D02B463A4621F06DFD0028BFD0306811
:1050E0000121903021F095F9356895F88930002B31
:1050F00043D121460120FFF7C9FA306890F85430B7
:1051000013F0030432D023F00403032180F8543059
:105110000C4604F0D5FB002002F03EFDA0E795F818
:105120008580B7E721F08AFD0828B7D0A0EB0807F3
:1051300085F88600B7FA87F77F09B0E74B7903F067
:10514000C003402BC5D12B463A4621F033FD002841
:10515000C5D1029940460DF045FEBEE740460DF030
:105160007BFE0028B0D005460127ADE7022104F000
:10517000A7FB204602F010FD72E718F007FD17F0BC
:10518000E3FA002385F88930B3E700BF100000215F
:105190007C0C0021F0B5544F85B03B6893F8AF30DC
:1051A000D3B1437804461B0716D50378A3B93B68EF
:1051B0000E46D3F8B000503024F01DFB054658B918
:1051C0003A68D2F8B000837D53B9616991F801C0A3
:1051D000817AB1EB1C1F03D00025284605B0F0BD35
:1051E0006168002951D092F88520082A2ED01046F7
:1051F0000DF1070102AA0DF0DDFC064600286DD076
:105200003B68D3F8B000837D002B4AD0636902A9C4
:105210009DF807005A7812091EF0EDFC0028DCD03A
:105220003B68BDF80C10D3F8B02002981182D06012
:105230009DF80710D3F8B020D1726369012135467B
:105240005B789174C3F303139372C6E7002B36D0D7
:105250006369607C5A7812091EF0CDFC0028BBD02F
:10526000636939685A78D1F8B030C2F303129A7280
:1052700062681068D86092881A82D1F8B030627C77
:10528000DA72002201259A74A7E72EB3012EA3D16A
:10529000084602F043FF00289ED03B6893F88E50EA
:1052A0009BE700F10C0102AB9DF80720C07A21F0CA
:1052B00081FC002891D03B68D3F8B020BDE70B46B5
:1052C000627C00F10C01C07A21F074FC002883D0CC
:1052D0003B68D3F8B030D4E701257EE740F69F71F4
:1052E0003220FBF7FDFB00BF7C0C00214378F0B5BA
:1052F0000446580687B071D4227803F01F0352EA9F
:1053000003236BD008466188052967D9227A636830
:10531000C2F3040253EA020560D0344D2D68002D1B
:105320005ED000285CD0A847002857D0304E01211D
:10533000227A3068C2F304026368D0F8B05069760C
:105340008DF814201A0A8DF8103005F11E008DF822
:1053500011201A0C1B0E04A98DF812208DF81330A1
:1053600021F076FD628840F2E24303FB02F2637BA8
:10537000AA67D4F809202A60A27B43EA0223E27BD1
:1053800043EA0243227A6B60C2F34212238A85F811
:105390009220013B3268A5F8623092F8B930EB7583
:1053A000637825789A0603F01F0354BF1E224FF43A
:1053B000967245EA0323174602FB03F517F0C4FC77
:1053C0000B46218A024630680631D0F8B00089B217
:1053D000019750300095029114F08AFB07B0F0BDA0
:1053E000034E3168D1F8B050AAE700BF3C0100215C
:1053F0007C0C00212DE9F04FDFF8F8A09346847C67
:1054000083B0DAF800200646012C894692F84870ED
:10541000984687F001073ED0002492F88950234631
:1054200005B392F85410490725D47068002839D084
:1054300092F88550082D26D0284601930DF0C8FA21
:10544000019B002818BF07461BB3DAF8003093F819
:105450008B3083B321F0FCFBDAF8003000220546E4
:1054600083F88B208BF8005089F8004088F8007092
:1054700003B0BDE8F08F92F84D100029D5D092F816
:105480008850082DD8D123B1DAF8005095F88A1049
:10549000B9B10025E6E783685B7903F0C003402BD0
:1054A000BAD1BAE7019302F039FE019B0028EAD095
:1054B000DAF80020BCE72846B1680DF093FC0546F9
:1054C000D0E7B06801910DF08DFBDAF8003085F877
:1054D000890093F88950002DC4D021F0AFFB082833
:1054E000019904D0DAF8003083F88500BAE70D4658
:1054F000B8E700BF7C0C00212DE9F0416A4C002286
:1055000005460F466368D4F8008018461A8018F0E4
:1055100055FA032D37D0052D4AD0606808F198015F
:1055200021F0E5FD98F89E10606821F0F4FD2368F5
:1055300093F8482003F1420693F8417052B193F872
:105540005420520718D493F885000DF085FC08B15B
:10555000064601273146606821F0BBFD3946606888
:1055600021F0CCFD514BD3F80431002B40F0968054
:10557000052D12D0BDE8F08193F84D20002AE2D02D
:1055800093F88800E1E76068037823F00F0343F0A5
:10559000030303700C234370C0E7236831681A6D5E
:1055A000C2F80A10B188D1811B6D5F72BDE8F0812D
:1055B000D4E9000622233178737021F02F0141EAEB
:1055C000471141F00501317041F64B51036D1B6AE3
:1055D000C6F80F30026D936BF3741F0A1B0C3775FE
:1055E0007375D369B2F840708B42D16B3BD9DFF849
:1055F000C0C0ACFB01E1ACFB07C7890ABF0AF1756B
:10560000C1F30721B77531762949A1FB0313C3F311
:105610008F2373761B0AB376938CF3761B0A33774A
:10562000D38C73771B0AB377D2F8A730C6F81F3034
:1056300092F8AB3096F8242086F82330036D22F0E0
:105640001F0293F8B23003F01F03134386F824308F
:105650000CF056FF96F8243003F01F0343EA401382
:1056600086F8243059E7DFF84CC0ACFB01E1ACFB15
:1056700007C749097F09F175C1F30721B775A3F57C
:105680007A77317641F270718F42BDD80A49A1FB19
:1056900003139B0903F550639BB2BAE740F2F9513B
:1056A0003220FBF71DFA00BF7C0C00210080004176
:1056B0005917B7D11F85EB51D34D621010B50DF0BE
:1056C000F3FC0B4A0B4B1468187094F889301BB923
:1056D00018F060F8032010BD18F058FA17F034F8ED
:1056E000002384F8893018F055F8032010BD00BF5E
:1056F0007C0C00211000002170B51F4C0E20236887
:1057000093F8B91017F068FB236893F854309B079F
:1057100029D165685DB3284618F050F9236893F8DD
:10572000B930033B012B94BF2820002018F0E4F986
:105730002668681D96F8B9500DF082FA236886F83D
:10574000890093F8892052B1033D012D94BF55255E
:10575000502516F0DDFF284618F00CFA23680822C1
:1057600083F8702070BD02F0FFF90546D2E740F2E1
:10577000CA413220FBF7B4F97C0C0021F8B52E4C5D
:105780000546236893F8BC205F2A2CD851092B4A80
:10579000565C93F8BA0000F03F0017F09DFC2368B8
:1057A00093F9580017F088FCFDB1236832460120B8
:1057B000596F17F01DFE2368314693F89430022B81
:1057C0000CBF4020FF2017F007FB256895F85430E8
:1057D0009B0710D195F8A8306768A3B13846BDE89B
:1057E000F84018F0EBB80026D3E7324673210120C9
:1057F00017F0FEFDDFE702F0B7F92568074695F8D8
:10580000A830002BEAD1781D0DF01AFA236885F82C
:10581000890093F88930002BE0D0033E012E94BF1D
:105820005524502416F074FF204618F0A3F938468A
:10583000BDE8F84018F0C2B87C0C00218454030184
:10584000F0B52F4C83B00546236893F8BC205F2A3F
:1058500030D851092B4A575C5A6F7ABBD3F8800075
:1058600018F0E4F8266896F854309A0703D596F8AD
:105870009420022A34D05B072ED425BB284602F0A0
:105880004DFC014628460D4602F052FC024606F148
:10589000A9002946256895F8943095F8B9500095E7
:1058A00002F09AFD2368002283F8B97083F88A20F9
:1058B00003B0F0BD5A6F0027002ACFD00120FFF7B8
:1058C0005DFF2368CAE7002002F042FC014606F1B2
:1058D000A90002F077FDE5E796F89430012BCCD1D2
:1058E000FB1E012B05D93946002018F0F9F926686E
:1058F000C3E796F85930012B14BF39460321F3E76B
:105900007C0C00218454030107292DE9F04F0D463A
:1059100087B004469046476803D12FB9002A00F0AB
:10592000C880002F00F09080637CDFF8C092012BCC
:105930005DD0072D40D0D9F8003093F885000828B5
:1059400040D00DF10F0104AA0DF034F9002800F049
:10595000488104A99DF80F0022F0D5FD0746D9F82B
:10596000006096F8543013F0030076D1824613F0AD
:10597000040386F88CA040F0C88000219C4B86F878
:105980008D101B6833B141462046984786F88E003B
:10599000D9F80060636843B1627C86F89E201A687B
:1059A000C6F898209B88A6F89C30A06808B1072DFF
:1059B00039D007B0BDE8F08FD9F8006096F88500BF
:1059C0000828BED16168607C22F09DFDD9F80020D6
:1059D000074661688532607C0DF022F80028BED150
:1059E000D9F80060A6F88C0086F88E00DDE77B7998
:1059F00003F0C003402B9CD1D9F80060072D96F826
:105A0000893000F0A480002BD8D021F017F9D9F804
:105A1000003086F88500012293F8850083F88A20FB
:105A200083F886008BE7D6F88C3096F8851033F033
:105A30007F43BED00829BCD00DF0F2F8D9F8003071
:105A4000012283F88B20B4E7DFF8A091D9F8006039
:105A500096F8543013F0030088D0062D96F84CA029
:105A600070D9082D00F28C8096F88CB08BF0010173
:105A7000B8F1000F0CBF002101F0010100297FD116
:105A80006268002A5ED1B8F1000F40F0938062781E
:105A9000D00640F18F80012086F88C0058077FF5F2
:105AA0006DAF96F84D1096F88DA0D30674D50121F0
:105AB00064E7DFF83891D9F8002092F8543013F0F9
:105AC000030118BF012113F0040382F88C1005D0E4
:105AD0000378A3F10103B3FA83F35B0982F88D30F5
:105AE00092F8AF30002B3FF464AFD9F80030D3F810
:105AF000B000503023F07FFE00287FF45AAFD9F871
:105B00000030012283F88E2053E7062D96F84D10C1
:105B100004D800297FF432AF39462FE796F88DA0DC
:105B2000082D3FF62AAFBAF1010F03D0B8F1000FEC
:105B30007FF423AF6368002BEBD1B8F1000F2BD1BA
:105B40006278B2E7BAF1000F08BFBA460FE7002B40
:105B50003FF434AFB8F1000F7FF455AF96F8B910A9
:105B600001297FF452AF38460DF03CF886F88900E1
:105B7000D9F8006096F88930002B3FF41FAF44E756
:105B8000002213F0040386F88C203FF4F6AE96F85A
:105B90004D1096F88DA0C3E70020019102F0BEFAE7
:105BA0001AEA000702D10199A9B10F46D9F800609D
:105BB0003946E3E6002002F0B1FA1BEA000B0ED1F1
:105BC000BAF1000F02D10CF025FF8246D9F800602F
:105BD00096F85430CBE60CF01DFF0746E6E7DA46B0
:105BE000F4E740F664313220FAF77AFF7C0C0021AA
:105BF000AC00002138B50F4D002002F023F92C68CD
:105C000094F8893063B900230121204684F870108C
:105C1000A4F8BA3084F8BC30BDE8384003F026BEA2
:105C200017F0B4FF16F090FD002384F889302C683B
:105C3000E9E700BF7C0C002138B50F4D0DF034FAB8
:105C40000E4B2C68187094F8893063B90023012139
:105C5000204684F87010A4F8BA3084F8BC30BDE84F
:105C6000384003F003BE17F091FF16F06DFD0023DE
:105C700084F889302C68E9E77C0C002110000021B1
:105C800038B5114D002002F0DDF80DF00DFA2C684A
:105C90000E4A94F88930107063B900230121204620
:105CA00084F87010A4F8BA3084F8BC30BDE83840ED
:105CB00003F0DCBD17F06AFF16F046FD002384F800
:105CC00089302C68E9E700BF7C0C0021100000211E
:105CD00038B5124D0DF0E8F9114A00212B6810700B
:105CE00003F1900020F095FB2C6894F8893063B99B
:105CF00000230121204684F87010A4F8BA3084F8FB
:105D0000BC30BDE8384003F0B1BD17F03FFF16F0DE
:105D10001BFD002384F889302C68E9E77C0C002106
:105D20001000002138B5144D002002F061F80DF08C
:105D3000BBF9024628680021104B90301A7020F001
:105D400068FB2C6894F8893063B900230121204650
:105D500084F87010A4F8BA3084F8BC30BDE838403C
:105D600003F084BD17F012FF16F0EEFC002384F858
:105D700089302C68E9E700BF7C0C0021100000216D
:105D800070B5154D0521286803F08CFB50B12B68C8
:105D9000012093F8B91017F0A3FF2B680B2283F8AA
:105DA000702070BD2E6896F8893063B900230121F8
:105DB000304686F87010A6F8BA3086F8BC30BDE8D8
:105DC000704003F053BD044617F0E0FE16F0BCFC33
:105DD00086F889402E68E9E77C0C002170B5164DE5
:105DE00000210320FFF788FB0321286803F05AFBFA
:105DF00040B10121084617F073FF2B68092283F890
:105E0000702070BD2E6896F8893063B90023012197
:105E1000304686F87010A6F8BA3086F8BC30BDE877
:105E2000704003F023BD044617F0B0FE16F08CFC62
:105E300086F889402E68E9E77C0C002170B5244C77
:105E4000236893F8BC205F2A29D85109214A565C5F
:105E50005A6F42BBD3F8800017F0E8FD256895F82B
:105E600054309A0703D595F89420022A20D05B0776
:105E700003D595F89430012B1AD0002002F068F970
:105E8000014605F1A90002F09DFA236800210622CF
:105E900083F8B96083F88A1083F8702070BD5A6F58
:105EA0000026002AD6D00120FFF768FC2368D1E73E
:105EB000F31E012B05D93146002017F011FF25688C
:105EC000DBE795F85930012B14BF31460321F3E786
:105ED0007C0C002184540301F0B52B4C83B0236863
:105EE00093F8BC205F2A35D85109284A575C5A6F6D
:105EF000A2BBD3F8800017F099FD256895F85430BF
:105F00009A0703D595F89420022A2CD05B0703D575
:105F100095F89430012B26D0002002F0FFF80646B9
:105F2000002002F005F9024605F1A9002568314676
:105F300095F8943095F8B950009502F04DFA236821
:105F40000021052283F8B97083F88A1083F8702045
:105F500003B0F0BD5A6F0027002ACAD00120FFF716
:105F60000DFC2368C5E7FB1E012B05D9394600202F
:105F700017F0B6FE2568CFE795F85930012B14BF0E
:105F800039460321F3E700BF7C0C00218454030150
:105F900070B5234C236893F854309B072FD1606869
:105FA000C0B30C232068012180F8703003F088FC16
:105FB00000210520FFF7A0FA0621206803F072FAFD
:105FC000054658B12368012093F8B91017F088FEF0
:105FD000236801221B6D83F8A62070BD266896F801
:105FE00089307BB900230121304686F87010A6F86D
:105FF000BA3086F8BC30BDE8704003F037BC01F021
:10600000B3FDCDE717F0C2FD16F09EFB86F8895070
:106010002668E7E740F247513220FAF761FD00BFFA
:106020007C0C0021012970B515D1A0B91E4A136856
:1060300093F8701008292DD993F870100C292ED8D8
:1060400093F870109268194B52680B44BDE8704089
:1060500052F823301847144D002001F0F3FE2C684D
:1060600094F889306BB9002304F1BA02012120466B
:10607000A4F8BA3084F870109370BDE8704003F053
:10608000F5BB17F083FD16F05FFB002384F8893021
:106090002C68E8E741F261413220FAF721FD41F234
:1060A00062413220FAF71CFD7C0C0021F7FFFF3F14
:1060B00030B5244D83B02B68D86F01F03DFD00282A
:1060C0003BD004460A232868002180F8703003F092
:1060D000F7FB2A6823780520126D92F8A64004EA9F
:1060E000531404F001042146FFF706FA042128683E
:1060F00003F0D8F928B12B681B6D83F8A64003B0D4
:1061000030BD2C6894F889306BB9002301212046FA
:1061100084F87010A4F8BA3084F8BC3003B0BDE83D
:10612000304003F0A3BB019017F030FD16F00CFBDC
:10613000019884F889002C68E7E740F22251322068
:10614000FAF7CEFC7C0C0021F0B5684C83B000203F
:1061500001F022FD256801F0B3FC2368E867D86FE1
:10616000002800F0BD8001F0E7FC0546002800F0A3
:10617000B280236893F8B430002B67D1206890F880
:10618000843090F87020034493F8BD7080F8B970A3
:106190001AB190F87030012B76D190F88720544BCB
:1061A0001344187916F098FF236893F88420134459
:1061B00093F8BD60022E65D041D9F31E012B40D863
:1061C00001F078FC314616F007FE284617F0F6FB82
:1061D0003146012016F08EFF012F46D0681D25683C
:1061E0000CF02EFD236885F8890093F8892052B1C0
:1061F000033F012F94BF5525502516F089FA2846F4
:1062000017F0B8FC236893F8542012F0060F06D05C
:1062100093F884201A4492F8BD1001293AD0002244
:1062200040F608000321A3F88500C3F88A2083F80C
:106230008E2083F8A82083F8701003B0F0BD012EE3
:10624000BED040F2B5713220FAF74AFC236893F8C9
:10625000542093F8B500196D0243C3F8341183F844
:106260005420002283F8B42088E7E81C25680CF04D
:10627000E7FC236885F8890093F88920002AC2D0BA
:106280004025BAE70D209DE7002103F00BF930B15E
:10629000206882E7002017F023FD2368BFE7256808
:1062A00095F889306BB900230121284685F87010D4
:1062B000A5F8BA3085F8BC3003B0BDE8F04003F073
:1062C000D5BA019017F062FC16F03EFA019885F8F5
:1062D00089002568E7E740F206413220FAF700FC22
:1062E00040F204413220FAF7FBFB00BF7C0C002196
:1062F0008454030108B50CF0D7FE044B187017F056
:1063000049FABDE80840FFF71FBF00BF1000002199
:1063100010B50CF0C9FE0D4A0D4B1468187094F8B6
:1063200089302BB917F036FABDE81040FFF70CBFE3
:1063300017F02CFC16F008FA002384F8893017F0C7
:1063400029FABDE81040FFF7FFBE00BF7C0C00211A
:106350001000002138B5194C256895F889302BBB01
:1063600000206168FEF792F9206890F8543013F02D
:1063700003050DD023F00403032180F8543003F00B
:106380009FFA002001F008FCBDE83840FFF7DCBEB2
:10639000022103F095FA284601F0FEFB2368A3F8DA
:1063A000BA5083F8BC5083F8705038BD17F0EEFB3C
:1063B00016F0CAF9002385F88930D1E77C0C00215A
:1063C00038B50446FEF712FD237A032B63D0012B68
:1063D0006AD051D84E4C4F49226892F8873092F8D3
:1063E0004B000133A1FB035C0CF4FF7505EB5C056E
:1063F0005B1B40FA03FCDDB21CF0010F16D1013328
:10640000A1FB035C2CF0010505EB5C055B1B40FA6E
:1064100003FCDDB21CF0010F08D10133A1FB0351D5
:1064200021F0010505EB51015B1ADDB282F88750BE
:1064300092F9580016F040FE2368002283F8A82045
:10644000FFF782FE256895F84830A3B16FF000434E
:10645000D5E928129A4208BFB1F1FF3F0BD019F0DD
:10646000C3F8D5E92823904271EB030303D301203D
:106470000CF084FC18BB38BD023B012BFBD8244C2C
:10648000236893F8A80090B9FFF7DAF9236805228A
:1064900083F8702038BD1E4B1B68586F90BBFFF708
:1064A0006DF9237A012B94D1194C2268C0E70120A1
:1064B000FFF7C6F92368062283F8702038BD2568E7
:1064C0000CF072FB044619F08FF86301E20E1B1BFF
:1064D00062F10002520242EAD3525B021B1942F1FE
:1064E000000C9A014FEA8C1ED21A4EEA936E6EEBA4
:1064F0000C0C13194CF100021B1842EB0101C5E909
:10650000283138BD40F6F3013220FAF7E9FA00BF2E
:106510007C0C0021ABAAAAAA2DE9F041A54E86B0B9
:10652000336893F8572052B193F88C2005466AB12E
:106530002C78012C15D0022C6CD0002C59D00324BF
:1065400017F028F9204606B0BDE8F08193F88D20B9
:10655000002AEDD193F88E30002BF0D02C78012C4E
:10656000E9D117F017F9346894F8B930022B6B7839
:1065700000F0838003F01803182B46D194F85430B0
:10658000580700F1F780990717D08B4A92F900302D
:106590007F2B00F07081002002937F21039094F8FC
:1065A0008630019394F8B930009304F142031170DE
:1065B000FF22294601F016FB38B3A9690120FEF736
:1065C00057FC10B30123326882F894306B69002BBA
:1065D00000F0E38059780224C1F3031182F895108A
:1065E00059781B7801F00F0143EA0123A2F8963095
:1065F000A8E717F0CFF8336893F85420970704D032
:10660000D3F88C3013F0FF1F3DD10324204606B091
:10661000BDE8F08117F0BEF8336893F85420920774
:10662000F3D06A7802F01802182AEED1624A92F981
:1066300000107F2900F01F81002002914233039057
:1066400093F84410019193F8771000917F21117015
:10665000FF22294601F0C6FA0028D6D0A9690120F8
:10666000FEF706FC0028D0D0326882F894406B69AF
:10667000002B00F0F7805978AEE703F01903192BCF
:106680003FF47CAFC1E76B7813F0100FC3F3001732
:1066900014BF0822012232EA0303B6D1AB688DF899
:1066A00015408DF816408DF81740002B00F0A4809F
:1066B0000DF117030DF116010DF115022846FEF735
:1066C00099FE31689DF8153091F84180002B40F01B
:1066D000BF804231AB68AA7C404620F06BFA78B9A3
:1066E000336893F85530023B012B8ED89DF8163055
:1066F000002B8AD09DF81530002B86D14FF0FE0874
:10670000002F7CD02C4991F900307F2B00F0B38012
:106710000293002433684246039493F88600423380
:10672000019093F8770000907F200870294620465A
:1067300001F058FA00283FF468AFA9690120FEF77C
:1067400097FB00283FF461AF336883F894406A698F
:10675000002A00F08B8051780224C1F3031183F8E2
:1067600095105178127801F00F0142EA0122A3F846
:106770009620E7E66B680BBBAB68002B7FF445AF58
:10678000AB699B7813F0E0030CD194F84930002BEF
:106790003FF43BAF94F85430F5E6FF23022482F82F
:1067A0009530CFE6402BF5D194F84A30002BF1D14B
:1067B0002BE700BF7C0C00211000002104F15B03DB
:1067C00094F85A2004F1980194F89E0020F0F2F910
:1067D000346894F88530082B03D094F888209A42C6
:1067E00039D094F85630012BC6D0002B7FF40DAF72
:1067F00000283FF40AAFBFE74FF0FF0880E71F4AC9
:1068000092F900307F2B36D030687F21117090F8DC
:106810007020032A05D090F87020062A0CBF0324AC
:10682000012442462946CDE9023490F8864000F121
:106830004203019490F8B9000090002001F0D2F9D1
:1068400000283FF4E2AE0020032401F0D1FA79E6FB
:1068500048F0020854E794F85630012B8CD0002BF6
:106860008AD0D2E6FF2382F895306BE6FF2202241D
:1068700083F8952066E6FDF7CFFF00BF10000021EA
:1068800030B505468BB00CF00FFC354B2C7802462A
:106890006946284604F00F041A7001F007FD072C22
:1068A00037D0304D002221466846FFF72DF82B687F
:1068B00093F8B930012B0CD0023B022B4AD80324A9
:1068C00016F068FF2D6895F889308BB920460BB01B
:1068D00030BD062C02D015D8022CF0D821466846CF
:1068E000FDF7F2FF2D68044695F88930002BEDD0B6
:1068F00017F04CF915F028FF0023204685F8893061
:106900000BB030BD072CDAD16846FFF705FE044610
:10691000D8E7144D68462B6893F8B91001F002FDD2
:10692000002221466846FEF7EFFF2B6893F8B93046
:10693000022B07D00BD8012B0CD16846FFF7ECFDDA
:106940000446BFE79DF80030012BB8D1DCE7033BDC
:10695000012BD9D941F2F8113220FAF7C1F800BF62
:10696000100000217C0C00212DE9F04790B0A64CCE
:106970000D4606A901F09AFC206806A9A93001F08D
:1069800055FD23689DF8181093F89420914205D185
:10699000032D1AD09DF8192011076BD40020012671
:1069A00001F050FA256895F889301BB9304610B0CF
:1069B000BDE8F08717F0EAF815F0C6FE0023304670
:1069C00085F8893010B0BDE8F08793F89520FF2A4C
:1069D000E0D12A4606A80721FEF796FF2568D5F8DC
:1069E0008C0030F07F40DAD00023089F8DF81530FE
:1069F0008DF816308DF81730002F52D00DF1170397
:106A00000DF115020DF1160106A8FEF7F3FC25683D
:106A10009DF8159095F84180B9F1000F01D048F02C
:106A200002089DF816A09DF817709DF81860012EB9
:106A30003CD0022E2FD0002EB0D195F854309807BC
:106A40002DD09DF81930990700F19F804FF0FF0875
:106A500095F88E3033B16D4B1B681BB10D9808B1A2
:106A60000F999847414606A8FEF744FA2568B0B149
:106A7000022698E70B9993F895004A78B0EB121F1D
:106A80008CD1097802F00F02B3F8963041EA022265
:106A90009A4283D19DE795F854309A074CD101264C
:106AA00081E7BA46B9464FF0FF08BEE79DF81930B6
:106AB00095F8A91003F00902092A05D000293FF42E
:106AC00072AF1A077FF56FAF95F854305B0703D5A7
:106AD00095F88D30002B76D195F88C30002B3FF453
:106AE00062AF95F854309F073FF45DAF9DF81930C1
:106AF00013F0020300F0F080B9F1000F40F088803D
:106B0000089B05F142019DF82A2095F8410020F0EC
:106B100051F800287CD1256895F85530023B012BAF
:106B20003FF641AFBAF1000F3FF43DAFFE2106A89A
:106B3000FEF702F9256836E795F88C20002AAED0DA
:106B40009DF8192002F009010929A8D113F00206C5
:106B500000F0888012F0020600F00581B9F1000F04
:106B600040F05D81002F40F04E81256895F855304A
:106B7000023B012B93D8BAF1000F90D0FE2106A85A
:106B8000FEF7DAF8012625680DE7B9F1000F7FF46A
:106B90005FAF05F1420195F84100089B9DF82A205E
:106BA00020F008F8256800287FF452AF95F855309A
:106BB000023B012B3FF673AFBAF1000F3FF46FAF0A
:106BC0004FF0FE0844E7002900F0AB80089B8BB132
:106BD000B9F1000F0ED1002F3FF47EAF05F1420155
:106BE00095F841009DF82A201FF0E4FF2568002851
:106BF0003FF472AF05F190001FF02DFC25680028CE
:106C00003FF46AAF0C26CEE67C0C00214001002147
:106C10009C4991F900207F2A00F0318123687F2070
:106C2000087093F87010032900F09B8093F870109F
:106C300006290CBF032101214233CDE9022193F83B
:106C40004400424606A9019093F877000090002086
:106C500000F0C8FF00283FF4A5AE002001F0C8F8FE
:106C60002568A0E612F0020200F0A480B9F1000F3E
:106C70000BD1089B05F142019DF82A2095F84100AF
:106C80001FF098FF00283FF470AF7E4991F9002073
:106C90007F2A00F0F48023687F20087093F870103A
:106CA000032905D093F8701006290CBF032601268E
:106CB00006A94233CDE9022693F8440042460190EA
:106CC00093F877000090002000F08CFF002840F03F
:106CD00094802568012666E66A4991F900207F2A9A
:106CE00000F0CD807F20087095F87010032905D042
:106CF00095F87030062B0CBF0323012306A9002052
:106D0000CDE9022395F88630019305F1420395F809
:106D1000B9200092FF2200F065FF00283FF442AE48
:106D20009BE705F15B0395F85A2005F1980195F86A
:106D30009E001FF03FFF256895F88530082B04D092
:106D400095F888209A4200F0918095F85630012BF2
:106D50003FF43CAF002B7FF4BFAE00283FF4BCAE45
:106D600034E7002168E7474B93F900507F2D00F08E
:106D700086807F22314603201A70FEF7BDFB236810
:106D8000304601260295424606A90396423393F8FF
:106D90004450019593F87750009500F023FF0028A8
:106DA0003FF400AE206890301FF055FB28B32568F3
:106DB0000B26F8E5334991F900307F2B5FD07F2017
:106DC000087095F87010032905D095F87020062AF0
:106DD0000CBF0322012206A90020CDE9023295F85A
:106DE000862005F14203019295F8B9200092FF2216
:106DF00000F0F8FE00283FF46CAF0020012600F000
:106E0000F7FF2568CFE5089B05F142019DF82A2090
:106E100095F841001FF0CEFE00283FF4A6AE194BB6
:106E200093F900507F2D2AD07F22002103200126D4
:106E30001A70FEF761FB23684246029506A9039685
:106E4000423393F84400019093F8770000900020BB
:106E500000F0C8FE00283FF4A5AD206890301FF078
:106E6000FAFA256800283FF49EADA1E795F8563060
:106E7000012B3FF4ABAE002B3FF4A8AE2CE6FDF7A0
:106E8000CBFC00BF1000002110B504460CF00CF93B
:106E9000084A2378107003F00F03072B05D1204612
:106EA0000321BDE81040FFF75FBD002000F0CAFFDE
:106EB000012010BD1000002110B504460CF0F4F8BC
:106EC000084A2378107003F00F03072B05D12046E2
:106ED0000121BDE81040FFF747BD002000F0B2FFE0
:106EE000012010BD1000002190F83E00003818BFAE
:106EF00001207047007A003818BF0120704700BF9A
:106F0000036D10B583B10222FF21044642721A8834
:106F10004FF6FF7380F8271003850649428120F061
:106F2000F3FD0023236510BD40F229313220F9F72B
:106F3000D7FD00BF9D4300012DE9F843012107461D
:106F40000020FAF777FE012104460846FAF772FEA0
:106F50000546204602F0C6F902E094F870301BB1F5
:106F600094F87030012BF8D1002D42D0284602F061
:106F7000B9F902E095F870301BB195F87030012B2B
:106F8000F8D100F089FD002140F201194FF0070807
:106F90000E463F2220461BF0CBFC04F16400A4F80F
:106FA0004C9084F8546084F8876084F8587084F8B2
:106FB0004B801FF0EEFD3F2231462846E6661BF06F
:106FC000B7FC05F16400A5F84C9085F8546085F88D
:106FD000876085F8587085F84B801FF0DAFDEE6603
:106FE000002384F8AF30C4F8B03084F8B430BDE882
:106FF000F88300F051FD3F22294620461BF098FC03
:1070000040F20112072304F1640084F85450A4F8FC
:107010004C2084F8875084F8587084F84B301FF067
:10702000B8FDE566DCE700BFF8B503461C4E0F4629
:10703000002001217360FAF7BFFD38B34FF4A0724E
:10704000002104461BF074FC01210846FAF7B4FD48
:10705000054688B14FF4A07200211BF069FCB368AB
:10706000CBB13846FFF768FF204602F01DF92846ED
:10707000BDE8F84002F018B9B36863B13846FFF7CD
:107080005BFF2046BDE8F84002F00EB940F649012A
:107090003220F9F725FD40F653013220F9F720FDA3
:1070A0007C0C0021014B024A9A6070477C0C002145
:1070B0004401002103490448044B054A08601A6052
:1070C000704700BF40010021ED520001AC000021DB
:1070D00095510001036823B1054A916813600B685C
:1070E000184740F61D11322010B5F9F7F9FC00BF22
:1070F0007C0C002138B50F4D002000F0A3FE2C6859
:1071000094F8893063B900230121204684F8701077
:10711000A4F8BA3084F8BC30BDE8384002F0A6BB11
:1071200016F034FD15F010FB002384F889302C682C
:10713000E9E700BF7C0C002180F84B10704700BFCE
:1071400011F001031FD04FF0010C0222634680F8BA
:10715000BDC011F0020F0ED000EB030C490700B5C3
:107160004FF0020E8CF8BDE003D51044042380F8E4
:10717000BD305DF804FB4A0704D51844042380F8A9
:10718000BD30704770470122E3E700BF80F8571019
:10719000704700BF38B5054690F84000A0F1020CDA
:1071A000BCF1010F98BF00290CBF0124002408D0B6
:1071B00010F0FD0FBDE8384014BF012000200BF097
:1071C000ABBA12F0FD0F194614BF012000201FF0CA
:1071D0002BFD082801D0204638BD95F84000E7E790
:1071E00090F8403013F0FD0F14BF012000200BF089
:1071F00093BA00BF90F8B420F2B908B5034602F084
:10720000FF0093F85420022A07D0012A08BF04295E
:107210000CBF0120002002D008BD0429FCD1D3F806
:1072200034215AB91A6D72B1042283F8B520FF22B5
:1072300083F8B420012008BD0020704740F69B1160
:107240003220F9F74DFC40F69C113220F9F748FC4A
:1072500080F84010704700BF38B590F840300446C1
:1072600000F1420113F0FD0F14BF0120002084F84B
:1072700041000BF039FA94F84030023BDBB2012BAD
:1072800094BF0123002384F8483000D938BD0BF0A7
:107290008BFC054618F0A8F96B01EA0E5B1B62F146
:1072A0000002520242EAD3525B025B1942F1000C27
:1072B0009A014FEA8C1ED21A4EEA936E6EEB0C0CBA
:1072C00053194CF100021B184FF0000042EB010172
:1072D000C4E928310BF052FD0028D7D140F6B61191
:1072E0003220F9F7FDFB00BFB1F1000C4FF00801AF
:1072F00010B504460CBF0120002084F856C084F865
:107300004D0084F8881009D112F0FD0F194614BF02
:10731000012000201FF088FC84F8880010BD00BF09
:1073200008B5A2B180F85A10D2F800C0036DC0F8B9
:107330005BC090F841109288A0F85F205972D0F895
:107340004220C3F80A20B0F84620DA8108BD40F692
:10735000D4113220F9F7C4FB80F84910704700BF00
:1073600080F84A10704700BF2DE9F041D0F8E05096
:107370009DF81840954203D190F840208A4202D0EF
:107380000020BDE8F08114F0020190F83A5126D0B7
:107390000026B4463146324612E04EEA010100EBC7
:1073A000820253F82C700CF1010E0136D2F8E42061
:1073B0005FFA8EFC7632BA42E2D1F2B295422CD319
:1073C00000EB020E0CF101089EF8BDE0AEF10307E0
:1073D000012FE2D841F004015FFA88FCDFE78E4616
:1073E0000A4601E0954218D386180EF1010E96F870
:1073F000BD60F71E012F53F8227088BF314300EBA8
:10740000820698BF41F004015FFA8EF2D6F8E4607C
:1074100006F1760C6745E5D0B2E704F00500401AA6
:10742000B0FA80F04009BDE8F08100BF90F8543018
:10743000024659070DD413F0030000D1704792F8AB
:10744000550000F0FD00A0F10100B0FA80F0400905
:10745000704790F85600A0F10100B0FA80F04009A2
:10746000704700BF012910B504460BD094F8543082
:107470009B0716D10023A4F8BA3084F8BC3084F8F6
:10748000703010BD90F88930002BEFD016F07EFBE5
:1074900015F05AF9002384F8893094F854309B078A
:1074A000E8D0002000F0CEFCE4E700BF90301EF0F2
:1074B000DBBF00BF0149363020F026BB8943000105
:1074C00010B5012104460020FAF7B4FB78B36378C5
:1074D00080F85430227812F0010323D1012112F0F8
:1074E000020F05D000EB030C0B4602218CF8BD10F7
:1074F000520703D50344042283F8BD20A37880F803
:107500004030E37813F0FD0F80F855300CBF0123B5
:10751000002380F84C30237980F84B30637980F871
:10752000573010BD0123022180F8BD30D7E740F667
:107530006B213220F9F7D4FA10B590F87030022B95
:107540000BD10446002000F07DFC0023A4F8BA30E3
:1075500084F8BC3084F8703010BD40F69921322098
:10756000F9F7BEFA08B5002364301A4619460AF046
:10757000FFFF00280CBF0C20002008BD10B5012122
:1075800004460020FAF756FB68B1034690F8AF2096
:1075900002F0FF002AB9C3F8B040FF2283F8AF2001
:1075A00010BD0C2010BD40F6CE213220F9F798FA1C
:1075B00008B501210020FAF73DFB18B1002380F83F
:1075C000AF3008BD40F6DF213220F9F789FA00BF5D
:1075D00038B501210020FAF72DFBF0B1044690F8F0
:1075E000AF30BBB1002380F8AF30D0F8B00001213C
:1075F000503022F0BBF9D4F8B03093F8443003F0A7
:10760000FF053BB9D4F8B00012F038FF2846C4F8A3
:10761000B05038BD0C25284638BD40F6E621322052
:10762000F9F75EFA08B501210020FAF703FB28B14B
:1076300090F8AF00003818BF012008BD40F60931AE
:107640003220F9F74DFA00BF2DE9F04304468DB022
:107650000D4600200121FAF7EDFA002800F0F8812C
:107660000646C03001F05AFE002847D096F8543044
:10767000042B43D0666A002E00F03781B34F07F128
:107680000C039E4262D007F108039E425ED006F1D1
:1076900037090AF0E7FE074602A9484600F006FE51
:1076A000002F40F02E81E37A05F11C00DB0600F18B
:1076B0002E81002E00F0B5809DF80830022B00F0DE
:1076C000B080014694F82E30E52248461FF0B9FEFE
:1076D00094F82E3080464846434484F82E301FF0FC
:1076E000A8FE94F82E30181AB0FA80F04009002F46
:1076F00032D108F11803954FDBB29AE03046FFF71C
:10770000F3FB0028B6D1914F07F1080507F10C06ED
:107710000023626A002A00F00681616A0A68A942B1
:1077200062620B704B708B70CB70F2D0B142F0D0B4
:1077300038681CF060F9EFF3108272B63B790133C0
:10774000DBB23B71002AE3D162B6E1E70AF08AFEC0
:1077500000286AD04FF00008E37AD90640F1818111
:107760005A0703D5E37EFE2B00F04A81032108F17E
:107770000A032970A27A02FB03F3EA7002336B70EA
:10778000637B6B71D4F80E30C5F80630638A85F8D8
:107790000C80A8446B81237E88F80D30E37A13F0C7
:1077A000080700F00C81DFF8A8810423674F4645E5
:1077B0002B715FD12B79022262F34613626A2B711F
:1077C0006AB1EFF3108272B6636A19686162002AC7
:1077D00000F0A78000221A705A709A70DA70A4F133
:1077E000080138681CF007F9EFF3108272B63B7994
:1077F0000133DBB23B71002A00F0918002264FF08A
:1078000004088DF804808DF805609DF804200020A0
:107810009DF8053062F3070063F30F200DB0BDE85B
:10782000F083002F40F01D81484F18234FF00008CF
:10783000012004222A70A27A02FB03F3EA700233C9
:107840006B70D4F80B20D4F80F30D4F813C0D4F8F0
:1078500017106A60AB60C5F80CC02961D4F81B2012
:10786000D4F81F306A61AB6185F81B80DFF8E080D7
:1078700046459FD008F104094E456BD0002E00F01C
:10788000908050B3636A63B1EFF3108272B6636A9B
:107890001968616202B962B600221A705A709A7051
:1078A000DA70314638681CF0A6F8EFF3108272B631
:1078B0003B790133DBB23B7102B962B6636A0022E5
:1078C000434584F82E203FF475AF4B4500F0B4805B
:1078D0009DF80830022B00F088802B7901264FF0AC
:1078E000040866F346132B718BE704F12F090AF0A5
:1078F000B9FD074602A9484600F0D8FC002F3FF426
:10790000D2AEE37A05F10D00DB067FF5D2AE9DF82D
:107910001880059942461AF095FF0120E7E662B605
:107920006CE762B656E7A4F1080138681CF063F80A
:10793000EFF3108272B63B790133DBB23B7102B9CF
:1079400062B64FF40073ADF804305EE7880C002196
:10795000900C0021636A63B1EFF3108272B6636A20
:107960001968616202B962B600221A705A709A7080
:10797000DA70637D93BB2A794FF0040863F34612F3
:107980002A71A4F1080138681CF035F8EFF3108271
:1079900072B63B790133DBB23B71EAB962B60226BB
:1079A0002FE794F80B8018F010083FF42AAF2B79DA
:1079B000A4F10801386866F346132B7112E703F04F
:1079C0000302032A19D05B070BD4022A3DD0002AF8
:1079D00043D1264F297149E7022612E74FF00008EC
:1079E000CFE70123214F2B7140E72B7901264FF080
:1079F000040823F068032B7103E72F711B4F35E751
:107A000011221A4F2A70A27AEA70120102326A70A9
:107A100001222A71627B6A71D4F80E20C5F8062013
:107A2000628A2B736A81E369C5F80D30238CA5F84F
:107A30001130237EEB7419E72B7962F34613626AE7
:107A40002B71002A7FF4BDAEC9E6084F2A710DE7FD
:107A50004FF4E1713320F9F743F89D213320F9F712
:107A60003FF856213320F9F73BF800BF880C00217E
:107A7000303270B5054692B20C461E461BF083FFAD
:107A800035B1044A0023156014745674147153619F
:107A900070BD00BF880C002138B5054C002520685A
:107AA000A5611BF092FF237C6561237138BD00BF87
:107AB000880C0021014B587C704700BF880C0021C6
:107AC00038B51C4D6C6954BB28681BF084FF034615
:107AD000686148B32A7908301C63013A9C86A86122
:107AE000D2B2C3F81140C3F815402A71C3F8194047
:107AF000C3F81D40C3F82140C3F82540DC62A3F859
:107B000029401C740125DA7CFF2147F6FF7465F3D8
:107B10004612DC83597583F82310DA7438BD4FF4AC
:107B2000A4713320F8F7DCFF40F24B113320F8F753
:107B3000D7FF00BF880C002108B50A4B5B6933B141
:107B400003F10802904207D103F1370008BD40F26B
:107B50005B113320F8F7C4FF40F25D113320F8F7D2
:107B6000BFFF00BF880C002110B50A4C606908B146
:107B7000373010BD20681BF02EFF606128B12379DB
:107B80003730013BDBB2237110BD4FF4B4713320A9
:107B9000F8F7A6FF880C002110B5114C6169D1B12E
:107BA00020681BF028FF2379D4E90521013308322E
:107BB000DBB2914223714FF000030ED0636149B1F3
:107BC000083920681BF017FF237900220133A261D6
:107BD000DBB2237110BDA169F1E7C4E9053310BD23
:107BE000880C00212DE9F0477D4E17460D469DF883
:107BF00020C032799DF824009DF928109DF82C9022
:107C0000002A00F0AB8098467369002B00F0D0800A
:107C1000B469002C00F0D080EA684AB195F810E011
:107C2000A28D724440F2726E724500F3BA80A28552
:107C300001220CF1FF3C21765FFA8CFCA272B9F1B3
:107C4000000F00F08380BCF1030F00F2BA80654A98
:107C500012F80C20627583F811906A691AB1527893
:107C6000C2F30312A275EA6912B15288A4F819206E
:107C700095F800A0E17AAAF10102D5F808C0B2FA9D
:107C800082F2520962F30001BAFA8AF2C1F3400E9D
:107C90005209BAF1020F08BF4EF0010E6EF3410116
:107CA00002EA510262F3C301E172BCF1000F03D09A
:107CB000CAB242F00402E2722A6A12B192F90020BA
:107CC000E2756A6882B1082804F10E025BD004F103
:107CD0000D010AF06FFF00287DD0637B43F00203A3
:107CE00063737369D5F808C0BCF1000F0BD0BA1EDE
:107CF00004F11C01012A3ED9DCF80020E261BCF845
:107D000004208A80E776B9F1000F0FD000221A70A4
:107D10005A709A70DA70626A002A3FD0A26A1360C1
:107D2000A362314920461FF0FBFE7369AA6932B194
:107D30005178927802F01F0251EA022213D0002BF0
:107D400044D0002301207361BDE8F087BCF1030F2C
:107D500037D8244A12F80C2022757CE702F0FF0382
:107D60001846BDE8F087616AB260E9B1A16A1F4AAE
:107D70000A60A262E3E7D8F80020E261B8F80420C4
:107D80008A80E776BFE7697C617369680868C4F830
:107D90000E0089889180D5F808C0A5E76362A362C8
:107DA000BFE70020BDE8F087104A6262A262C6E722
:107DB00050213320F8F794FE4FF444713320F8F744
:107DC0008FFE40F20B310620F8F78AFE4FF4D17196
:107DD0003320F8F785FEBC213320F8F781FE00BF81
:107DE000880C00218C54030149760001900C00217D
:107DF00038B5124DAC69DCB1114920461FF090FE38
:107E00000023EB60EFF3108272B6636A4BB1A16A94
:107E100005F10C030B60A36202B962B60023AB61EB
:107E200038BD05F10C036362A362002AF6D1F4E7C2
:107E300040F273313320F8F753FE00BF880C002165
:107E40004976000138B51E4CA3691BB35A7D0AB3AD
:107E50000022A260EFF3108172B65A6AEAB1986A02
:107E600004F1080202609A62A9B1A56915B3154927
:107E700028461FF055FE0023E360EFF3108272B630
:107E80006B6A8BB1A96A104B0B60AB6202B962B628
:107E90000023A36138BD62B6E7E704F108025A6225
:107EA0009A620029E1D1F6E7074B6B62AB62002AC8
:107EB000EED1ECE740F273313320F8F711FE00BF4A
:107EC000880C002149760001940C00212DE9F8432B
:107ED000524D0F46002604682979984606609DF8A1
:107EE00020909DF824009DF9283081B9A4F1080163
:107EF00028681BF080FD2B790133DBB22B71002346
:107F00006A69AB61002A7FD06B61BDE8F88301210B
:107F1000C4F80960C4F80D60C4F81160C4F81560B5
:107F2000C4F81960C4F81D60A4F82160A172062A83
:107F300065D8DFE802F02A3138643D640400E27A53
:107F400022F0120242F01202E27223760123082884
:107F500004F10E02237547F6FF73E3822FD004F17C
:107F60000D010AF027FE002853D0637B43F0020383
:107F70006373E37A5B072DD4FF23E3760023237238
:107F8000274920461FF0C3FDB9E7E27A22F0130229
:107F900042F01302E272D8E7E27A22F0150242F0D0
:107FA0001502E272D1E7E27A42F01002E272CCE707
:107FB000E27A22F01A0242F01A02E272C5E77B7CF2
:107FC00063737B681968C4F80E109B889380E37A0A
:107FD0005B07D1D5A9F1020304F11C02012B07D9DB
:107FE000BB681968E1619B88938084F81B90C5E7A2
:107FF000D8F80030E361B8F804309380F5E74FF427
:1080000075713320F8F76CFD4FF4D1713320F8F718
:1080100067FDBC213320F8F763FD00BF880C002109
:1080200049760001F8B53B4D8446002610462A7972
:108030000F46DCF800409DF91810CCF800607AB9C2
:10804000A4F1080128681BF0D6FC2B790133DBB2C0
:108050002B7100236A69AB61002A52D06B61F8BDB5
:10806000C4F8096008286289C4F81560217641F6D1
:10807000012122F4DF52C4F8116041EA032141F6E4
:10808000FF3322F01F02C4F80D6003EA0103C4F8B5
:108090001960C4F81D6043EA0203A4F8216004F1EA
:1080A0000E0263814FF00103237547F6FF73E382ED
:1080B00014D004F10D010AF07DFD38B3637B43F069
:1080C00002036373E37A5B0713D4FF23E376002391
:1080D0002372114920461FF01AFDBAE77B7C6373B7
:1080E0007B681968C4F80E109B889380E37A5B075D
:1080F000EBD5BB68FF221968E1619B88E276238497
:10810000E5E74FF4D1713320F8F7EAFCBC213320C6
:10811000F8F7E6FC880C002149760001034B9869CA
:1081200018B1407BFF3818BF01207047880C002130
:1081300008B5064B9B6923B1D87EFF3818BF0120D4
:1081400008BD40F234413320F8F7CAFC880C002106
:1081500008B5064B9B6923B1987DFF3818BF0120F5
:1081600008BD40F23F413320F8F7BAFC880C0021EB
:1081700070B50C46164605461EF0C9FF0346284654
:1081800063741EF0CFFFA074062E13D8DFE806F04C
:10819000041904120412040000230121EA1C617076
:1081A000C4E901236B78063BDBB223743BB109358C
:1081B000E56070BD002363702374C4E90133E3609C
:1081C00070BD032100236A18093561702374E360D0
:1081D000C4E9012570BD00BF70B50C46C17811F02F
:1081E0003F015CD005461EF092FF034628466374AB
:1081F0001EF098FFA0742B796370E87883092370D0
:108200002B7913F0010641D14FF0050C4FF00B0E06
:10821000624613F00201666002D005EB0C01724663
:10822000A160590701D50132D2B213F0080102D082
:10823000961CA918F2B2616113F0100102D0D61C8D
:10824000A918F2B2A16113F0200103D002F11206C5
:10825000A918F2B213F04003E16102D0AB18013269
:10826000D2B200F03F002362011D891A11F0FF0114
:1082700014BFAB180B4663626B78013B1B1ADBB271
:10828000237453B10A441544E56070BD4FF00B0CE4
:108290006E1D4FF0110E6246BBE7E36070BD2046D5
:1082A0002822BDE870401AF043BB00BF70B50678C5
:1082B00006F00F06072E26D00C4605461EF027FFB7
:1082C0000346284663741EF02DFFA074062E13D8B3
:1082D000DFE806F0041D041204120400002301214B
:1082E000EA1C6170C4E901236B78063BDBB223749E
:1082F0003BB10935E56070BD002363702374C4E9A8
:108300000133E36070BDBDE87040FFF765BF032136
:1083100000236A18093561702374E360C4E90125FC
:1083200070BD00BF0378012B2FD0022B23D003395F
:10833000C9B2A3B1012908D9427800236FF34512CD
:10834000C3610374C360427070474378DA06F3D5A3
:10835000437800226FF3861302624370ECE7012931
:1083600023D94378DB06E7D4437800226FF3C303B5
:1083700042614370DEE743780022033923F00303B0
:108380004260C9B282604370D4E742780023022978
:108390006FF3410283604270CED0D2B203394360A2
:1083A00063F30002C9B24270C4E7427812F0100FC2
:1083B000DAD022F00302C0E90133D3064270C7D4F9
:1083C000D2E700BF012300225940037043700371BC
:1083D000C27042718170704710B4012B124C9DF82D
:1083E00004C0C0F8024004D0022B17D083B110BCE7
:1083F0007047ACF1020C4FF0000310BCBCFA8CFCCF
:108400004FEA5C1C6CF307036CF30F230380704787
:1084100010BC017042700371C370704700220123C9
:1084200010BC0280437170470001010003782BB13A
:108430004B7800226FF300034A604B7043782BB1F6
:108440004B7800226FF341038A604B7003792BB1A4
:108450004B7800226FF34513CA614B7083782BB1C0
:108460004B7800226FF3C3034A614B70C3782BB182
:108470004B7800226FF304138A614B70437913B178
:1084800000230B74CB6070474378002223F0220353
:108490008260C26143707047042816D003280DD053
:1084A000022840F2762240F2464340F6480004BFDC
:1084B00013464FF4856018449630704740F6A22367
:1084C00041F2BE1018449630704741F6067344F2EC
:1084D000902018449630704740F2F521212008B5CD
:1084E000F8F7FEFA40F29B31212008B5F8F7F8FAC8
:1084F00070B50446FF2380F8313190F8B80018F0C9
:10850000F7FF94F8B80019F083FB00212046FEF72E
:10851000A9FF94F838313BB1D4F8283153B104F5B0
:10852000847001F099FF09E0D4F8340110B1D4F857
:108530002831FBB104F5847001F0F0FE002684F8C8
:10854000316194F83851204615F0FF0518BF0C250D
:10855000FFF708F884F83861C4F8346184F83061B2
:1085600094F8B80018F054FC48B12023284684F849
:10857000B83070BD00F5007001F0D0FEDAE7FFF70B
:10858000ABFF00BFF8B5044617F02EF805460E46BF
:10859000D4F83421002A56D04FF0000C94F83A0158
:1085A0006146634604EB83030CF1010CD3F8E4202D
:1085B0005FFA8CF3763283421144F3D9D4F8E07039
:1085C000B94214BF01270227384619F0A9F93F28FC
:1085D00037D9431C5DD0D4E93C3219188A4298BF80
:1085E000D01AD4F8C030D4F8C4205B1B62EB060666
:1085F000012B76F1000255DB00229842B2415ADA93
:1086000041F28836864228BF0646C5F1900516F02D
:10861000EBFF0544B54214D83946304619F0D4F979
:1086200078B9D4F8F030D4E93D2033443044934253
:10863000C4F8F030C4F8F80044D0BDE8F84019F0B0
:1086400021B90020F8BDD4F8E0C0072794F83A011A
:1086500011461346ACFB07E704EB83030132D3F862
:10866000E43076331944D3B28342F5D98C451BD01C
:10867000D4F8D820D4F8C830D4F8DC109B1AD4F839
:10868000CC2062EB0102734572EB070311D3012783
:108690009AE7D4E93C30C61A41F288339E4228BF9B
:1086A0001E46B2E70026B0E75EEA070301D00327C3
:1086B0008AE7022788E741F28830834228BF0346D1
:1086C0001E46A2E7D4E94223C4E93623B5E700BF3A
:1086D0002DE9F04F91B004461E460F46BDF86830B4
:1086E0000292059316F080FFD4F8E4A0834604912B
:1086F00094F83A010AF176010D4650B1012304EBDA
:1087000083020133D2F8E420DBB27632834215448F
:10871000F5D9D4F8E090A94566D1002E64D094F83C
:108720003031002B40F03882029B002B40F0B883A0
:108730006FF00043D4E930129A4208BFB1F1FF3F15
:1087400000F0698294F83931234493F8BD00431E48
:10875000DBB2032B00F2E883C34A0428D35C00F0A9
:10876000908305330328DBB200F09683022800F0E3
:1087700085830533DD0015F03FFD4AF2A133BB4A86
:1087800005F58875034400260AA8A2FB03238DF88B
:10879000286005EB93151BF5B2730E93049B0B95A4
:1087A00043F100030F930223ADF8303018F058FB6B
:1087B000002800F0CC830E9AD4F8C0300F999B1A91
:1087C000D4F8C42062EB01025B1B62F10003002BB2
:1087D00080F26B83B246012206965E46DDF8108079
:1087E0005346D1460392A9E0029B002B40F0428100
:1087F000002E40F0DC81D4F808210BF5B276D4F8D5
:108800000C31ABEB0205B5FBF9F509FB05F5AD182D
:10881000A6EB050643F10008B14594BFA6EB09029B
:108820003246002800F027838A42C0F0E782A2F196
:1088300076090121A9EB0A02012819D0D4F8E83001
:1088400003F1760C624505D3A2F176090131A9EB5B
:108850000302C9B202280BD0D4F8EC3003F1760041
:10886000824205D3A2F176090131A9EB0302C9B214
:1088700004EB8103D3F8E4A00B46E01890F8BD00A8
:1088800000F1FF3C5FFA8CFCBCF1030F00F24C835B
:10889000DFF8D4E104281EF80CC00CF105095FFADA
:1088A00089F900F0C582032800F0D682022800F082
:1088B000EE8209F105094FEAC9090391CDE90523C3
:1088C00015F09AFC4AF2A13C059A8444039902F5FA
:1088D000887081446548A0FB0C30069B09EB901022
:1088E000504500F26A8204EB8301D1F8E410A1EB59
:1088F000020ABAF1000FC0F23F837619D4F80811CA
:10890000D4F8C82048F10008D4F80C51521A00F1EC
:108910002D83D4F8E000B2FBF0F200FB02F2521813
:1089200045F10005B6EB0209C4E9422500F11E83BA
:108930000122B9FBF0F9069200220392E21892F8A4
:10894000BD00421ED2B2032A00F2EE82464904283C
:108950008A5C02F10505EDB200F0CE81032800F03B
:10896000F181022800F024820535ED00059315F011
:1089700043FC4AF2A13205F5887502443B48A0FB4E
:10898000023205EB9215D4F8C020911BD4F8C42014
:1089900062EB0802012972F10003059BC0F2A98174
:1089A00000208A4570EB020200DB8A4604EB830359
:1089B000D3F8E400504528BF5046C4F8F400B9F19C
:1089C000000F03D0069B002B40F0C281D4F8343155
:1089D000029A2AB1D4E94212C4E93268C4E93612D3
:1089E0000022C4F8F050C4E934687A72002B00F019
:1089F000878194F83AC11146134604EB8303013290
:108A0000D3F8E43076331944D3B29C45F5D2D4F888
:108A1000E030994214BF012302233B72039B7D6027
:108A2000002B00F062810123049A3B70D4F8C0301F
:108A3000D4F8C410B3EB0B0361EB0201012B71F10D
:108A40000002C0F283810A4A00249A4274EB0101B9
:108A500000DA13465B1B3B6185428CBF002001207E
:108A600011B0BDE8F08F00BF90540301D34D6210E8
:108A70000040420F0123069300230393049B1BF540
:108A8000FA6643F1000801F00DFD01F095FCD4F801
:108A900034210346002A39D000210790D2F8080279
:108AA00001F096FC079B0146834200F0AF81D4F8A9
:108AB0003401099300F50070089101F04DFC00228B
:108AC000C4F82821D4F83421DDE908130792002ADC
:108AD00000F047820891002900F09281099301F08B
:108AE000EDFCDDE90813002800F0368288680A688A
:108AF000DDF81CC012184868CCF8002240F10002D2
:108B0000CCF80422B1F92420ACF82422194604F54B
:108B10008470079301F020FC079B1BB1B3F924205C
:108B2000A4F82C21A9450CBFD4F81051D4F8E0507A
:108B3000002B00F061811A689868596880182A46ED
:108B400041F10001CDE9006801F06AFC85428146EF
:108B5000C0F0F881861948F1000801F0A9FCD4F8AA
:108B6000E01001F2CF7202EB0903B3FBF1F301FB5A
:108B700003F3F31AC4F8083168F10003C4F80C31A8
:108B8000059B002B3AD14FF0FF306FF000414FF0C2
:108B90000109C4E93001D1E6B4F92C31002B3FF4CE
:108BA000C3AD029B002B7FF465AFD4F8E0900023A7
:108BB000D4E94202ABEB000610EB0901B6FBF9F673
:108BC00009FB06F642F100087618A6EB0B0248F105
:108BD0000008B2F5B27F29D2D4F8D0200393121A3C
:108BE000B2FBF9F209FB02000122301A19EB06066A
:108BF000069248F10008B0FBF9F99FE618463146A5
:108C000042F2107342464FF00109E0FB03120023C9
:108C1000C4E9301292E6DDF8089001225E46DDF8E4
:108C200010804B46CDF81890039287E694F8BD006B
:108C30008DF82830431EDBB2032B00F27581CC4A3D
:108C40000428D35C03F10505EDB200F01081032880
:108C500000F05481022800F055810535ED0015F033
:108C6000CBFAD4F80821D4F8D03005F58875D4F8BB
:108C7000E0109B1AD4F83461B3FBF1F301FB03F36A
:108C80009B184AF2A1320244BA480E93A0FB02029A
:108C9000D4F80C0105EB921240F100000B92002277
:108CA0000F908DF83120002E00F0088194F83A5191
:108CB0001046134604EB83030132D3F8E4307633D5
:108CC0001844D3B29D42F5D281420CBF022001204C
:108CD0008DF830000AA81DF0F7FF0023012281461D
:108CE00003930692DDE90E6828E63B70C7E9046845
:108CF000B2E64FF0000A59E6AD0105F5C87535E654
:108D0000D4F8E0A007211A4694F83A919E46AAFBAF
:108D100001C104EB83030132D3F8E43076339E447F
:108D2000D3B29945F5D2F24559D0D4F8D830D4F819
:108D3000DC20F31A68EB0202634572EB01033AD3BD
:108D400001236AE62D0105F5BF750FE6002381E6D4
:108D50004FEA4909B4F92C011FFA89F11EF0C6FF48
:108D6000B4F82C21D4F83431121A12B2A4F82C2100
:108D700063B1A3F82422D3F800221218C3F800220A
:108D8000D3F8042242EBE072C3F80422C117D4F8EE
:108D90000821361841EB08081018D4F80C21C4F843
:108DA000080141EB0202D4F8F400C4F80C210FE6EC
:108DB0000635AD00DAE502232FE694F83A218A421F
:108DC0003BD9D4F8E0204B1C9642DBB280F0B08057
:108DD00004EB8302D2F8E4A00AF1760689E5D4F820
:108DE000C830D4F8CC20F31A68EB0202634572EB6A
:108DF0000103E0D2032310E69946AEE600211BE50D
:108E000000200021079AC2E980017FE6D4F834C12E
:108E1000D4F81021DCF80802CDF81CC0824238BF1B
:108E20000246C4F810210CF50072C4F8282151E65E
:108E30004FEA891909F5C8793FE5D4F8E020964250
:108E40000FD3B6EB420F4FEA420176D204EB830216
:108E50000E46D2F8E4A04CE54FEA091909F5BF79AE
:108E60002BE5164604EB8302D2F8E4A041E5AD0100
:108E700005F5C875F3E601460346FEE406339D009A
:108E800079E40533DBB29B0103F5C87573E409F19E
:108E900006094FEA890910E51B0103F5BF756AE46D
:108EA0000023069301230393E8E5B14601220696C9
:108EB0005E46DDF810804B4603923FE5072594F8A7
:108EC0003AE1B4463246A1FB055804EB8202013672
:108ED000D2F8E42076329444F2B29645F5D2614558
:108EE00015D0D4F8D8209B1AD4F8DC2060EB02020D
:108EF000AB4272EB080308D30120E9E62D0105F52A
:108F0000BF75ACE60635AD00A9E60220E0E6D4F870
:108F1000C8209A1AD4F8CC3060EB0303AA4273EB52
:108F20000803F2D20320D3E6FD210520F7F7D8FD90
:108F300040F21E412120F7F7D3FD40F23B412120B2
:108F4000F7F7CEFD40F25E312120F7F7C9FD40F280
:108F50008A412120F7F7C4FD40F2F1612120F7F7A3
:108F6000BFFD40F2EB612120F7F7BAFDFFF7BAFA37
:108F700090540301D34D621040F244412120F7F791
:108F8000AFFD00BFF0B5044689B0072900F2EA80C2
:108F9000DFE811F05C00360036006B00E80070007E
:108FA0000B00E3002046FEF785FA94F83031002BE1
:108FB00000F00C8194F83831002B3ED1D4F8340104
:108FC00020B1D4F82831002B00F0F98004F584702A
:108FD00001F0A4F92046FEF7C5FA002384F83831E1
:108FE000C4F8343184F8303194F8B80017F010FF29
:108FF000002800F0E980202384F8B83009B0F0BDE3
:1090000090F8BC3090F8BB2003F01F0352EA032312
:1090100040F09F800022012302A920460092FFF722
:1090200057FB0028BED002A994F8B80018F004F845
:10903000002800F0D28009B0F0BDD4F82831002B10
:10904000C4D004F5847001F007FAC3E790F8313119
:1090500003F0FF0523B30121FEF704FA14F024FC0A
:1090600009B0BDE8F04017F05DBD09B0BDE8F040C3
:1090700014F084BE90F831316BB990F8BC3090F8A0
:10908000BB2003F01F0352EA03235CD090F8B930F1
:10909000033B012B73D909B0BDE8F040FEF72AB8B5
:1090A00017F0D0FED4F80831B0EB030CC4E932015C
:1090B00000F1918094F83A61D4F8E070029405953B
:1090C000B6B1BCFBF7F207FB02332A46C01A2B46A7
:1090D00004EB8303D3F8E43003F17601884203D331
:1090E00076380135C01AEDB20132D3B29E42EFD2CA
:1090F00094F8BC3094F8BB2003F01F0384F8395176
:109100008DF8185052EA032331D1BC4538BF0123F2
:10911000BC4534BF002701278DF8103002A88DF818
:109120001970FDF7D7FFD4F8F000A0F58070C4F8EF
:10913000F80018F0A7FB00287FF47DAF40F2A511DE
:109140002120F7F7CDFCFFF71DFA00287FF473AF5D
:10915000A1E70021FEF7F0F95CE740F2D9112120E8
:10916000F7F7BEFC40F2DD112120F7F7B9FCD4F887
:10917000FC200323002703928DF81030CEE790F8EF
:109180000031002B87D1012144F2365084F80011C0
:1091900018F01AFC00287FF47EAFD4F8F03044F2C7
:1091A0003652D4F8F80013441044C4F8F030C4F830
:1091B000F80018F067FB00287FF43DAF6BE700F57F
:1091C000007001F0ABF801E7FFF786F94FF4AB71DF
:1091D0002120F7F785FCFFF785F940F22571212062
:1091E000F7F77EFC30B589B090F83021002A45D1E0
:1091F000044602F0FF03FF2280F8302180F831316D
:1092000090F83A519C4680F83931A0F82C31184634
:1092100004EB83030CF1010CD3F8E4205FFA8CF328
:1092200076329D421044F3D2D4F8E030984220D0F8
:10923000D4F8E42002F176034DB1EC32D4F8E830F2
:10924000012D134403D07633D4F8EC201344C4F832
:10925000103100910023012202A92046FFF738FABD
:10926000B0B102A994F8B80017F0E6FE58B109B001
:1092700030BD41F28833C4F81031EAE740F276217C
:109280002120F7F72DFC4FF423712120F7F728FC5C
:1092900040F28B212120F7F723FC00BF014B18700F
:1092A000704700BF110000210D4B002141F66902FB
:1092B00010B519601B6893420CD8044690F8303101
:1092C00023B190F830310BB1FFF712F90023A4F865
:1092D0002C3110BD40F614012120F7F701FC00BF2E
:1092E000A40C002110B5044690F8303113B190F869
:1092F00030311BB90023A4F82C3110BDFFF7F8F86A
:109300000023A4F82C3110BD90F8303103F0FF0297
:109310000BB910467047FFF7EBB800BF90F870002C
:10932000003818BF0120704770B590F830310BBB82
:109330000D46D1B104460146134803F0FF0617F06D
:109340003BFD202884F8B8000DD0C4F8345195F8BE
:10935000283203F0FF0193B984F838112046FFF753
:1093600041FF012070BD304670BD40F293212120A5
:10937000F7F7B6FB40F292212120F7F7B1FB40F25C
:109380009E212120F7F7ACFB858F000130B585B019
:1093900090F83031002B56D103F0FF020B78CDE965
:1093A0000122039213F001023ED194460125964614
:1093B00013F0020407D00DF1100C0CEB8E0EAC462E
:1093C000CD684EF80C5C13F0040334D10CF1FF3C73
:1093D0005FFA8CFC80F83AC14968C0F8E010C0F828
:1093E000181140F27121A0F81C111AB101997639B7
:1093F000C0F8E4105CB104A9551C00EB820401EB39
:109400008201EAB251F80C1C7639C4F8E4104BB171
:1094100004AB00EB820003EB820353F80C3C763B79
:10942000C0F8E43005B030BD8C68944602254FF09A
:10943000010E0194BCE70DF1100E0D690EEB8C0EC0
:109440004EF80C5CC6E740F2B1212120F7F748FB4B
:1094500038B504460D460848214617F0ADFC2028D3
:1094600084F8B80005D020462946FFF7BBFE01204E
:1094700038BD002038BD00BF858F0001D0F83421F1
:1094800008B552B190F8303103F0FF020BB9104625
:1094900008BDBDE80840FFF72BB840F2E6212120C7
:1094A000F7F71EFB70B590F8313113B1002528464F
:1094B00070BD04460D4616F097F894F8B920062DB5
:1094C00050D8DFE805F0290404073B040400012517
:1094D000284670BD033A012A94BF4FF461764FF4D9
:1094E0005776D4F8C820D4F8F030801AA3F58873E2
:1094F0000644B3428CBF01250025D8D82046FFF78B
:1095000041F80028D3D0D4F8F050A5F58875AE42C4
:109510002CBF00250125CAE7531EDBB2032B1DD843
:109520001349042ACB5C0FD05E1D032AF6B211D07A
:10953000022A06D00536F6009836D2E74FF40276B6
:10954000CFE70636B600F7E75E1DF6B2B60106F5C0
:10955000C876F1E7360106F5BF76EDE7FD21052077
:10956000F7F7BEFA40F23D312120F7F7B9FA00BF14
:109570009054030190F8BC305F2B2DE9F04F044666
:1095800089B047D85909B44A0A4492F80490B9F10D
:10959000040F00F0108194F9BA2003F01F0394F82F
:1095A000BB50002A94F8BA2045EA0325ACBF1E231D
:1095B0004FF49673D20903FB05F514BF4FF4967769
:1095C0001E2713F07FFBA5EB000813F0A1FB94F816
:1095D000BA30461908EB070A13F0400F14BF3225C2
:1095E0004FF4FA751CF046FFB8F5D87F28449B4D20
:1095F0000AFB00559A48A0FB05354FEA95456ED306
:1096000094F831314BB114F04FF909B0BDE8F04F87
:1096100017F088BA4FF00009BDE74846DFF844A2CA
:1096200014F0E2FD8C4B03EB8903D3F808804AF277
:10963000A1334344AAFB032307EB9317AB3707EB94
:1096400045070744484614F0CFFDA7EB000B4846FA
:1096500014F0D2FD94F85410A8EB00080BF5887BA9
:109660000129AAFB083A4FEA9A1A00F0E08048461E
:10967000FEF712FFD4F8C830ABEB0A0BD4F8CC20BD
:10968000843B834442F1FF329B19CDF80CB042F188
:1096900000025D1B62F10003734A10780022FE286D
:1096A0008DF808208DF81120CDE9065300F0AF8029
:1096B0004A0740F1AC808DF8100002A994F8B80078
:1096C000C4F8F0B0C4F8FC70C4E9345317F0B4FC2B
:1096D000002898D14FF4D4612120F7F701FA4846C9
:1096E000DFF880A114F080FD5B4B0246484603EB97
:1096F0008903D3F8088008F2E733AAFB031307EBCA
:109700009317203737442F44174414F06DFDA7EB0F
:10971000000B484614F070FD94F85410A8EB0008B4
:109720000129AAFB083A4FEA9A1A75D04846FEF773
:10973000B3FE0BF5887BD4F8F090ABEB0A0303EB98
:10974000000AD1454ED2484B93F80080B8F1FE0F85
:1097500037D04B0735D5404618F0E2F8AAEB09039D
:109760004146402B38BF4023984228BF18468046C8
:1097700018F02AF948B301212046FDF7DDFE94F8E0
:10978000312102F0FF03002A7FF43DAF1A4602A9FF
:1097900020460093FEF79CFF002853D002A994F8BE
:1097A000B80017F049FC00287FF42DAF40F20C718F
:1097B0002120F7F795F900224FF0030980F80021E6
:1097C000E9E615F023FF8046C5E7D4F8F0004044F1
:1097D000C4F8F000A0F58070C4F8F80018F052F852
:1097E0000028C8D0103E94F8391102220023751BBE
:1097F00002A88DF8181005958DF810208DF81930F5
:10980000CDE90247FDF766FC09B0BDE8F08F15F021
:10981000FDFEDDE906534EE7B9F1030F16D0B9F1AD
:10982000020F40F6480008BF4FF4856081E7B9F1A8
:10983000030F0ED0B9F1020F40F6480008BF4FF4F5
:10984000856017E72046FDF735FEDCE641F2BE10E5
:109850006FE741F2BE100DE7905403013F420F0045
:1098600083DE1B43D34D62101100002110B588B078
:1098700090F8312172B902F0FF0302A904461A469A
:109880000093FEF725FF60B102A994F8B80017F025
:10989000D3FB80B114F008F808B0BDE8104017F011
:1098A00041B92046FDF706FE13F0FEFF08B0BDE803
:1098B000104017F037B940F20C712120F7F710F97A
:1098C00002292DE9F047044682B000F09E800D4643
:1098D00070D8D0E9327813F013FA94F8B9900646AC
:1098E00005F0010049461DF047FA8246484614F04B
:1098F00083FC7D3F48F1FF38012D40F0B380B9F182
:10990000040F00F0B280B9F1030F00F0EA80B9F162
:10991000020F0CBF4FF4A6724FF4FC727A4BF6198B
:10992000D4F8347103EB490348F1000516EB0A063D
:10993000D7F81C809B8B45F1000503F2E733034405
:109940007248A0FB03139B09F61A65F10005B618CF
:1099500045F1000500F02AFD04F58473834200F010
:1099600098804246D7E98001CDE9006500F058FDB6
:109970008045C0F0C380664BD4F834111B68CC69B5
:10998000834275D923180246CC6341F64B5084427A
:109990008CBF41F66A004FF4FA709042A1F8400083
:1099A00040F2A7809B1945F10005C1E9803502B05E
:1099B000BDE8F087032940F09780D0F83431002BC0
:1099C00000F08A8000252A4683F8285290F8B910C2
:1099D00061F3070261F30F22A3F87C20FF2283F8D2
:1099E0007E200339D0F83401012900F144008CBFF6
:1099F0000021012109F014FED4F8340100F008FB25
:109A0000C4F8345102B0BDE8F087D0F83431002BEF
:109A100062D000252A4683F8285290F8B91061F3E5
:109A2000070261F30F22A3F87C20FF2683F87E60F3
:109A30000339D0F83401012900F144008CBF002122
:109A4000012109F0EDFDD4F8340100F0E1FAC4F889
:109A5000345184F8386113F027FF02B0BDE8F047B5
:109A600017F060B84FF4FC7258E740F6E83255E75B
:109A700041F64B539C4226D9264AA2FB003240F2C3
:109A8000E243920A03FB1202821ACA630346821A55
:109A90007BE797F8810000283FF46DAFD4E9429A44
:109AA00000F00CFD38B9B7F92432A7F8240213EB03
:109AB00009094AEBE37A424648465146CDE900653A
:109AC00000F0AEFC57E7144AA2FB003264235209AF
:109AD00003FB1202821AD8E740F291712120F6F7B7
:109AE000FFFF40F2864219E74FF4FF612120F6F7AD
:109AF000F7FF40F286712120F6F7F2FF40F2723153
:109B00002120F6F7EDFF00BF90540301D34D621002
:109B1000A40C00215917B7D11F85EB512DE9F04353
:109B20000123DFF8808083B000254FF6FF772026E1
:109B300088F800301DE0009BEBB193F82822D2B1E9
:109B40001888B8421DD02146F8F774F88146F0B164
:109B500090F8290218F05CF899F8290289F828424F
:109B600017F056F9C0B109F5007089F8296200F0C4
:109B7000D5FBCDE900556846F8F796F8044600286D
:109B8000D9D0002388F8003003B0BDE8F08340F25C
:109B9000BF113520F6F7A4FF4FF4D7713520F6F743
:109BA0009FFF00BFA80C00212DE9F84F91F89E609F
:109BB0000C46054617460E3E9846F6B2002B40F07E
:109BC0000B8194F82832032B00F23B81DFE813F07D
:109BD000A8000400E6000400D4F81C90DFF86CA292
:109BE000DAF80030002B00F0C78041462046984745
:109BF00000FB099700F062FC002800F0C380002001
:109C00000346D4F80022D4F80412BA1841F1000136
:109C1000121843EB0103C4E98023C5E904230023A0
:109C20002B7094F89E3003F0FD020C2A00F0BC80EB
:109C3000A3F1260BBBFA8BFB4FEA5B1BBBF1000FBA
:109C400040F0B28020461FF03FFB002800F0E1808A
:109C500094F8283204F1440085F809B0012B18BFAC
:109C600002232B721DF093FF012E686056D9B8F1C4
:109C7000000F53D0494628461DF026F886B22046EC
:109C80001FF022FB8046464515D3002307FB08F250
:109C90002B72D4F800329B18D4F8042242F100024F
:109CA0002B616A61002F00F0C780494628461DF0ED
:109CB0000BF8404486B2314620460FF059FADAF8E4
:109CC000003073B10121204698472B6909FB00F948
:109CD000304413EB090386B22B616B6943F1000337
:109CE0006B6100F0EBFB00287BD0D5E90430D4F8A1
:109CF0008420C4E980308AB1B4F8CE20B4F898301A
:109D00009B1A1BB2002B09DDB4F888100B44013BF1
:109D1000B3FBF1F303FB0123A4F8CE30BDE8F88FC9
:109D2000002F00F08480012394F87C2094F87D902B
:109D300084F82832464B4846A9F10309DFF80CA104
:109D400033F8127014F058FAB9F1010F414907F2D3
:109D50009D774FF0000907442046A1FB073794BFC9
:109D60002821002101EB9711FF311DF0ADFFDAF83A
:109D70000030002B7FF439AF4F4600F09FFB0028E6
:109D80007FF43DAF0221B4F924021DF0AFFFB4F817
:109D900024321B1AA4F82432C31732E70323D4F861
:109DA000309284F8283219E720461FF08DFA0023FC
:109DB00004F144002B811DF0EAFE012E6860ADD94C
:109DC000B8F1000FAAD0494628461CF07DFF86B2A4
:109DD00020461FF079FA6EE7012120460FF0C8F9FE
:109DE000EFE67600B4F92402B6F5803FB4BFB1B215
:109DF0004FF6FF711DF07AFFB4F824222B69121A76
:109E0000C318A4F824226A692B6142EBE0706861F0
:109E10006DE7288104F144001DF0B9FE012E686051
:109E20007FF67CAFB8F1000F7FF424AF76E740F205
:109E300023213520F6F754FE40F2A7213520F6F70E
:109E40004FFE40F25D213520F6F74AFE6C010021FD
:109E5000B8540301D34D62102DE9F04387B00028B8
:109E60007BD0044607296DD8DFE801F02A040414EA
:109E70006C1921670146012368460022FFF794FE12
:109E8000694694F8290217F0D7F800286DD007B07A
:109E9000BDE8F08307B0BDE8F04313F06FBF0120C9
:109EA00015F0A4FB07B0BDE8F043F8F781BE90F8C9
:109EB0002832042BEBD04FF491713520F6F710FEC9
:109EC00090F82832002B4CD00FF092F80028DED00A
:109ED00094F87D3040F22119DFF8A080033B98F818
:109EE0000120012B88BF4FF0F90982B3E66904F124
:109EF00044001DF04CFE00F176070220F61B17F01F
:109F00000FFD022126EAE675854228BF0546284650
:109F100017F05AFD00B92F444A46394620461DF035
:109F2000C0FE0346E069C8F8043017F0ABFC08B384
:109F300007B0BDE8F0431FF083B940F22711352088
:109F4000F6F7CEFD40F22B113520F6F7C9FD666C11
:109F5000E569AE4228BF2E46C9E7F4213520F6F761
:109F6000BFFDFC213520F6F7BBFD40F2E221352094
:109F7000F6F7B6FDEE213520F6F7B2FDA80C00216C
:109F8000024B0022C3E90022FFF7C8BDA80C002144
:109F9000FFF7C4BD014B5870704700BFA80C0021EB
:109FA000C0F80812704700BF40F2BF1108B51DF09D
:109FB00093FEB0F5296F28BF4FF4296080B208BD29
:109FC00038B5A0B190F82832044603F0FF05C3B9B4
:109FD00090F82932202B0FD101460C4816F0ECFEE8
:109FE000202884F8290214BF28460D2038BD40F2ED
:109FF00091113520F6F774FD40F293113520F6F7F4
:10A000006FFD4FF4C9713520F6F76AFD599E0001C6
:10A0100070B586B0002800F0978090F8283204468A
:10A02000002B40F0A08090F82932202B00F0968081
:10A0300090F82832032B00F29B80DFE803F039020E
:10A040005902C5694D4B1B6823B100212046984732
:10A0500000FB055500F032FA002866D000200346C8
:10A06000002294F89E108DF80020D4F80022AD183C
:10A07000D4F8042242F100022D1843EB020301F050
:10A08000FD02C4F800520C2A0495C4F8043205936A
:10A0900034D0262932D020461FF016F988B394F820
:10A0A0002832012BDAB24CD002238DF808302BE095
:10A0B00090F87C100123324A90F87D6032F81150FC
:10A0C00084F82832304614F097F8033E05F29D716B
:10A0D0002C4D012E0144204694BF28230023A5FBCC
:10A0E0000121002503EB9111FF311DF0EDFDA9E7E2
:10A0F0000323D0F8305280F82832A3E720461FF01F
:10A10000E3F800238DF80830002304F144008DF8B3
:10A1100009301DF03CFD0346694694F8290201937D
:10A1200016F08AFFA8B106B070BD0221B4F924026E
:10A130001DF0DCFDB4F824321A1AC317A4F8242247
:10A140008EE78DF80820DFE74FF4D0713520F6F761
:10A15000C7FC4FF4D3713520F6F7C2FC4FF4D17130
:10A160003520F6F7BDFC40F2A1113520F6F7B8FC1A
:10A1700040F25D213520F6F7B3FC00BF6C010021F1
:10A18000B8540301D34D621008B512F0B9FD054B68
:10A190005A68824203D3187880F0010008BD00207D
:10A1A00008BD00BFA80C002170B5044686B0042984
:10A1B00000F28680DFE801F0680D031249000423F5
:10A1C00084F8283213F070FB06B0BDE8704016F03A
:10A1D000A9BC032380F8283206B070BDC269D0F84C
:10A1E0005032C0F830229A4204D0283020F0DBF9F7
:10A1F000D4F85032D4F84C2294F87C00334994F8C7
:10A200007D60E361E263D4F85432B4F8482231F857
:10A2100010503046A4F84020033E636213F0ECFF78
:10A2200005F29D712A4B012E01442046A3FB01310A
:10A2300094BF2823002303EB9111FF311DF044FD4F
:10A24000022384F8283206B070BD90F87C201F4BA2
:10A2500090F87D6033F812503046033E13F0CCFF87
:10A2600005F29D7102461A4B012E20461144A3FBB4
:10A27000013194BF2823002303EB9111FF3106B075
:10A28000BDE870401DF020BD124B1A7802F0FF03AC
:10A29000002A94D1014601226846FFF785FC6946F1
:10A2A00094F8290216F0C8FE28B1B4F898300133AA
:10A2B000A4F8983086E740F2E2213520F6F710FC4A
:10A2C00040F23D313520F6F70BFC00BFB8540301D6
:10A2D000D34D6210A80C0021024B0022C3E90022DA
:10A2E000704700BFB00C0021034A13680BB10C206B
:10A2F0007047184653607047B00C0021C3690BB11A
:10A30000012070478369002BFAD1034B1B68181A90
:10A31000B0FA80F040097047B00C0021C36993B1D6
:10A320008168D0F80CC0DA686144114482699A618E
:10A330008269D9602AB1D36100220023C0E90623D3
:10A340007047DA60F8E7826902490A60002AF2D1B0
:10A35000F2E700BFB00C002108B5C161A1B18B6963
:10A360008861836173B1D861C1690023C36041B161
:10A37000CB6823B18268934211D39B1AC360002338
:10A38000CB6008BDC360F3E7074A136883611BB164
:10A39000D8611060C169E8E71060C36008BD2D2175
:10A3A0003720F6F79DFB00BFB00C0021014B186869
:10A3B000704700BFB00C0021044B1B6823B1184646
:10A3C0009B69002BFBD1704718467047B00C0021E9
:10A3D000124B1B68CBB14FF0FF3C00B58646002006
:10A3E00000E01346DA68964503D8624501D2184664
:10A3F00094469A69002AF4D1B0FA80F2520911B950
:10A40000002A18BF18465DF804FB1846012219B946
:10A41000002A18BF18467047704700BFB00C0021D3
:10A4200030B585B01546DDE90834C01A61EB040487
:10A43000002C0DDB214603AA02AB00922A4618F03D
:10A4400091F8002C039801DA00B1281A05B030BD4C
:10A45000404264EB4401EEE7036A2DE93048DBB18A
:10A4600082689C68A24217D3D0E90615D0E906BCE1
:10A47000C3E906BC4DB1AB61996951B1C068CB610C
:10A480000244121BDA60BDE83088054D2B600029BC
:10A49000F4D1D960BDE83088CD213720F6F720FB14
:10A4A000B00C0021014B01221A717047B00C002141
:10A4B000014B00221A717047B00C0021014B187932
:10A4C000704700BFB00C002138B52B4B86460846BC
:10A4D0001B6863B34FF0000C64461D690CB1A542C4
:10A4E00004D22C46002D42D0B3F814C09B69002B37
:10A4F000F3D1E4B1A0421BD30EF1FF3E0EEB0401F9
:10A50000B0FBF4FCB1FBF4F18C4510D304FB0CF36D
:10A51000B3FBF4F504FB153525B9B3FBF2F502FBEB
:10A52000153505B30CF1FF3C1B1B8C45F0D238BD33
:10A53000431E2344B4FBFEFEB3FBF0F37345F6D891
:10A54000B4FBF3F503FB154149B9B5FBF2F102FB8E
:10A55000115121B9B5FBFCF10CFB115129B10133AB
:10A560007345EDD938BD184638BD284638BD4FF47F
:10A5700096713720F6F7B4FAB00C0021F0B5574CBD
:10A58000012385B062682370127A002A6ED1A36B12
:10A59000FF2093F8E01012F01FFC94F83C30032BDE
:10A5A00060D0012B26D0A06B217AD0F8D02090F873
:10A5B000D430009113F096FF6064002800F084808E
:10A5C00000F12005237A6E78012B1AD994F83C30DB
:10A5D0002846032B71D011F039F863681B7A0BB150
:10A5E000002E60D1284613F0E9F905B0BDE8F0402F
:10A5F00012F00ABAA36B207A197F13F059FF606436
:10A60000DBE7A76C2B78D7F898009DF80C20C3F3F4
:10A61000C00100F00100C3F3001E63F30102C3F3A5
:10A62000801C97F89C7060F3820261F3C3026EF3A2
:10A6300004126CF386128DF80C20520606D4A26B1D
:10A64000D2F8D01092F8D42001F0010103F00303F6
:10A6500043EA800343EA0E1343EA8C1343EAC1033F
:10A660002B70BAE70023256C6364ABE7217AA26BF9
:10A6700031B3012984F8283018BF022192F8E03064
:10A68000D2F8D050013B92F8D400DBB2032BC4E9DE
:10A6900008501ED81248FB220091C35C00201149CB
:10A6A00012F0E6F873E7E06C13F088F92946E06CE5
:10A6B00005B0BDE8F04012F045B910F0E5FF8CE7B9
:10A6C00084F828101946D9E74FF4C9714720F6F7E6
:10A6D00007FA40F21F410620F6F702FAB80C0021F3
:10A6E000C4540301C80C002130B54E4C022283B083
:10A6F000636822701B7A002B4DD194F83C30032BF9
:10A70000A36C29D0987D93F8A81012F065FB94F8FB
:10A710003C30023B012B21D8002323656368256C64
:10A720001B7A002B2DD0E06C13F048F9E16C284621
:10A7300012F008F9237A03F0FD03012B29D1A36C51
:10A7400093F8A830033B012B94BF2820002003B0CE
:10A75000BDE8304013F0D0B90820D4E7A06C1FF05A
:10A76000D3FF20650028D9D0A36C00F12005D3F8D1
:10A77000982093F89C308260C36063681B7A002B3A
:10A78000D1D1284613F01AF9237A03F0FD03012BE7
:10A79000D5D003B030BD217AA26C01292AD0012383
:10A7A00084F82830D2F8983092F89C0023626062D6
:10A7B00092F8A830927D1B2A38BF1B22022934BF91
:10A7C00001210221013BDBB2032B25D81648009161
:10A7D000C35C0120154912F04BF894F83C306268D4
:10A7E000032BA36C127A15D0987D002A8BD00430ED
:10A7F000C0B288E7002384F82830D2F8983092F865
:10A800009C002362606292F8A830927D1B2A38BFB8
:10A810001B22D7E70820E8E740F21F410620F6F7A1
:10A820005FF900BFB80C0021C4540301C80C00211B
:10A8300010B5104C206D20B1A16C1FF072FF0023E9
:10A840002365636C0BB10023636494F86430022BBE
:10A8500003D194F86800C30708D512F09BFF0023CA
:10A8600084F8643012F0D0F894F86800E36EBDE824
:10A8700010401847B80C002110B5134C94F86830FC
:10A88000206D43F0010384F8683020B1A16C1FF003
:10A8900048FF00232365636C0BB10023636494F8C5
:10A8A0006430022B03D194F86800C30708D512F076
:10A8B00071FF002384F8643012F0A6F894F8680061
:10A8C000E36EBDE810401847B80C002170B5424C4B
:10A8D00082B094F83C30032B59D0626C002A71D0BE
:10A8E000012B064631D100256564002E3DD1237A27
:10A8F0005BB1032B09D0012B69D1FFF7F5FE94F86A
:10A900006430012B50D002B070BD206D38B1A16C05
:10A910001FF007FF0023626C236502B1636494F8A3
:10A920006430022B03D194F86800C30708D512F0F5
:10A9300031FF002384F8643012F066F894F8680060
:10A94000E36E02B0BDE870401847A36F0025226F88
:10A95000616FA06B9A1841EBE37300F1D001009195
:10A9600020F059FD6564002EC1D094F86830206D48
:10A9700043F0010384F868300028D0D0A16C1FF0A8
:10A98000D0FE636C2565002BC9D06564C7E7206DD8
:10A9900020B1A16C1FF0C5FE00232365636C002B62
:10A9A000BDD000236364BAE712F0F0F9616D0223B1
:10A9B00032460144094884F8643002B0BDE8704072
:10A9C00013F0FEB840F2D1214720F6F789F840F2A3
:10A9D000F1214720F6F784F8B80C0021100D002172
:10A9E0002DE9F04F054685B0002865D0B84C0E46DD
:10A9F000206D002800F0D68000F12002217A137823
:10AA00000129527840F28980022900F010816368A0
:10AA10001F7A002F00F0C8800192002A40F06E815A
:10AA200012F076F9019A0146C4F88000E36F08201D
:10AA300017469847236D002B00F02D81D4F8841021
:10AA4000226F52181A61626F42EBE172A16C5A6177
:10AA5000B4F88820003A18BF01221A7600221A7032
:10AA60005A709A70DA704A6B002A00F011818A6B72
:10AA700013608B6391F83130002B00F03981002294
:10AA8000E36FD4F880101020226598471FB1202072
:10AA9000D4E91F319847002E40F09E80237A002B86
:10AAA00040F0B180FFF76AFD94F86450012D00F08A
:10AAB000118105B0BDE8F08F854C94F83C30032B34
:10AAC00000F0DF80A26C536E01335366E66F12F024
:10AAD0001FF901462846B047206D20B1A16C1FF038
:10AAE00020FE00232365636C0BB10023636494F89C
:10AAF0006430022B03D194F86800C30708D512F024
:10AB000049FE002384F8643011F07EFF94F8680059
:10AB1000E36E05B0BDE8F04F1847A76CC3F3C00C57
:10AB2000D4F838E0C3F3801AD7F8980097F89C70EF
:10AB300000F00100DEF8D0709EF8D4E0ACEB000924
:10AB400087EA93078445B9FA89F907F001074FEAC4
:10AB500059194CD0BAF1000F49D1636893F808A095
:10AB6000BAF1000F40F0E380D0464FF0880B11F0AF
:10AB7000FD0F57D012F0CCF80146E36F5846C4F8E9
:10AB800080109847B8F1000F76D1BAF1000F7FF42A
:10AB90007DAFB9F1000F7FF44DAFA26CD36E0133DE
:10ABA000D36673E7226C29E712F0B2F8E36F01462F
:10ABB000C4F8800008209847236D002B7FF43EAF37
:10ABC000A36C9B6D002B7FF466AF1020D4E91F317E
:10ABD0009847002E3FF462AF94F86830206D43F040
:10ABE000010384F8683000287FF478AF7BE763685E
:10ABF0001B7A1BB1BAF1000F00F0BE804FF00008C5
:10AC00004FF0080BB3E7013B012B00F2B080206D41
:10AC100000283FF468AFA16C1FF083FD266562E752
:10AC2000A946574612F090F8C4E91C01A2E794F82F
:10AC30003C1003F0030CC3F38207C3F34013032952
:10AC400033D09DF80C806CF3010867F3840863F33C
:10AC500045188DF80C8018F0200814D14FF0080B1F
:10AC6000636893F808A0BAF1000FD9D0002A6BD11D
:10AC7000D14617469246D5E7206D00287FF42EAFC7
:10AC800031E7402522E74FF000084FF00C0BE7E7D3
:10AC90004B638B63EEE6A36C9B6D002B7FF4F6AEEB
:10ACA0001020D4E91F319847F0E69DF80C106CF3A2
:10ACB000010167F3840163F345118DF80C1001F075
:10ACC0000301032929D14FF040084FF0480BC7E793
:10ACD000B80C002112F01CF8616D02232A460144D1
:10ACE000274884F8643005B0BDE8F04F12F068BF23
:10ACF000A06C244929301CF00AFFC0E64FF0000880
:10AD00004FF0080B474611F0C3FE11F0A5FEE8B165
:10AD1000A946217A4FF0000A29E794F8683043F0F9
:10AD2000010384F8683000287FF4D8AEDBE64FF0EA
:10AD3000880B12B99046924619E784454FF00008F7
:10AD4000E1D0C246C14612E70027DCE794F868204C
:10AD5000019042F00302206D84F8682000283FF43F
:10AD6000C2AEA16C1FF0DDFC019B2365BBE640F287
:10AD7000B9214720F5F7B4FE4FF0080BD9E700BF23
:10AD8000100D0021E1A70201024A936F034493676B
:10AD9000704700BFB80C0021054B002210B4054CD1
:10ADA00083F86420C3F88C40186410BCD9647047E1
:10ADB000B80C00210CB10001034B0246D3F88C0003
:10ADC000DA67D96612F0E4BDB80C0021024B00220C
:10ADD00083F86420704700BFB80C00212DE9F043D0
:10ADE000544C83B0054694F864809DF83890B8F1CF
:10ADF000020F2072C4E91C23BDF83030A4F888305B
:10AE00009DF8343084F83C30DDE90F73DDE90A1633
:10AE1000A364119BA667A3634FF00003129EC4F8BE
:10AE20008410676084F8683064D1012814D93B7AB3
:10AE3000002B2FD1032D78D8DFE805F00802080297
:10AE4000FFF79CFB012003B0BDE8F083FFF74CFC4B
:10AE5000012003B0BDE8F0832846002861D0A36C30
:10AE600093F8A81012F03CFFB8F1020FDFD0207A5F
:10AE700000F0FD000128D4E91C2314BF01200020AC
:10AE80004BD1A16B91F8E010009112F031FC3B7AAC
:10AE9000002BCFD07169B2693069F369264F0FC7B3
:10AEA000636896F820201B6896F827105A4084F8AB
:10AEB000301084F8292096F8242084F82D2096F864
:10AEC000212082EA132284F82A2096F8252084F88B
:10AED0002E2096F8222082EA134284F82B2096F83E
:10AEE000262084F82F2096F8232082EA136384F822
:10AEF0002C309FE7386812F0E5F8484612F0ECF87D
:10AF00006368586812F03EFDA36B93F9E10012F0FC
:10AF1000D3F8207A0128ABD89FE7A16C91F8A8104C
:10AF2000B2E7A36B93F8E0109CE740F24E31472064
:10AF3000F5F7D6FDB80C0021C80C0021074B002105
:10AF40001A7883F86410022A00D07047D3E91C21D4
:10AF5000801841F1000112F097BD00BFB80C00212C
:10AF600010B5134C94F86830206D43F0010384F859
:10AF7000683020B1A16C1FF0D4FB00232365636C03
:10AF80000BB10023636494F86430022B03D194F86E
:10AF90006800C30708D512F0FDFB002384F8643075
:10AFA00011F032FD94F86800E36EBDE810401847D8
:10AFB000B80C002130B40F4C93F816C065682D7A98
:10AFC0001DB10CF1040C5FFA8CFC93F8A8301568E5
:10AFD00060655068002284F861300123A56584F81B
:10AFE0006010E06584F862C084F8632084F86430FF
:10AFF00030BC7047B80C002130B4147A93F80EC0FE
:10B000001CB10CF1040C5FFA8CFC0B4C15686065EC
:10B0100050680122A56584F8642093F8E02093F934
:10B02000E13084F86010E06584F862C084F8612043
:10B0300084F8633030BC7047B80C002130B58C46C2
:10B0400093F9E1E000F19001124DD2E9004093F84C
:10B05000E020114B03EB42039B8803F5FA73A5FB39
:10B06000035301EB93110D4BC3E9164083F860C005
:10B07000FF204FF0020C83F8612083F86200002269
:10B0800083F863E003F1580083F864C0BDE8304002
:10B0900012F096BDD34D6210C4540301B80C0021C8
:10B0A00010B59DF808408E460CBB93F816C0117A77
:10B0B00019B10CF1040C5FFA8CFC93F8A83001462E
:10B0C0000C48D2E9002480F860E04FF0000E80F8D0
:10B0D00061300223C46558300260012280F80AC042
:10B0E00080F80BE00373BDE8104012F0B1BD4FF0E3
:10B0F000080CDCE7B80C0021034B186D08B12030B8
:10B100007047186C704700BFB80C002131A80001CF
:10B11000E1A90001CDA8000179A8000170B50E4693
:10B120000C210446F6F786FD18B103460020336073
:10B1300070BD0B212046F6F77DFD08B10C2070BDD7
:10B1400009212046F6F776FD03460028EED10220BD
:10B1500070BD00BF70B50E460B210446F6F76AFDC0
:10B1600018B103460020336070BD0C212046F6F76D
:10B1700061FD054608B10C2070BD09212046F6F797
:10B1800059FD20B100F1B0032846336070BD0220A4
:10B1900070BD00BF40F20B31062008B5F5F7A0FCEA
:10B1A00023211A2008B5F5F79BFC00BF38B50546EA
:10B1B0000C4691F8FB3113B191F805328BB9002D93
:10B1C00050D02B7873B194F8F0318BB304F1B00008
:10B1D00020F076F9002100220023C4F8A811C4E968
:10B1E000682338BD94F8F2316BB90221B4F8AC0190
:10B1F000F6F720FD38B104F2152100F59C7018F027
:10B2000086FB00283ED00921B4F8B001F6F728FDEE
:10B21000002844D16B6F002BE3D10821B4F8AE01B4
:10B22000F6F71EFD0028DCD060211A20F5F758FC47
:10B2300094F8F23103F0FF017BB9B4F8AC01F6F7F2
:10B24000F9FC50B104F2152100F59C7018F05FFB79
:10B2500018B92B211A20F5F743FC4FF6FF73A4F819
:10B26000AC31B3E794F8F23173B90221B4F8AC0110
:10B27000F6F7E0FC40B104F2152100F59C7018F0DF
:10B2800046FB08B9FFF78CFF0921B4F8B001F6F7C7
:10B29000E7FC0028A5D04E211A20F5F721FC532108
:10B2A0001A20F5F71DFC00BF70B5002800F094804F
:10B2B00004460B46002200F80D2C6FF4FE700A21A4
:10B2C0009A70251819700821B5F8B021B5F8AE01AB
:10B2D000A3F8032095F806225A71F6F7ABFC064650
:10B2E00014F8023CA3B9C6B133785BB314F80D3C33
:10B2F000002B4CD06FF4A673E0185D3C20F0E0F812
:10B30000002100220023C5F8A811C4E9002370BD64
:10B31000237A002BFBD1002EE6D114F80B3C002B36
:10B320004FD10221B5F8AC01F6F784FC002848D0D3
:10B3300004F1180100F59C7018F0E9FA002840D1DA
:10B34000FFF72EFF14F80B3C6BB90221B5F8AC01E6
:10B35000F6F770FC38B104F1180100F59C7018F094
:10B36000D6FA0028ECD00921B5F8B001F6F778FC40
:10B37000B8BB736F002BCAD10821B5F8AE01F6F740
:10B380006FFC0028C3D060211A20F5F7A9FB14F840
:10B390000B3C03F0FF017BB9B5F8AC01F6F74AFCB2
:10B3A00050B104F1180100F59C7018F0B0FA18B90A
:10B3B0002B211A20F5F794FB4FF6FF73A5F8AC315B
:10B3C00098E70921B5F8B001F6F74AFC00289ED0AD
:10B3D0004E211A20F5F784FB4FF4A7711A20F5F7D8
:10B3E0007FFB53211A20F5F77BFB00BF10B54FF40C
:10B3F00008720021044617F09BFA4FF6FF732046AF
:10B40000A4F8AC311FF06BF904F1B000BDE81040B6
:10B4100020F03FB838B500250446282200F5E47036
:10B420002946C4F89850C4F89C50C4F8A050C4F8F9
:10B43000A450C4F88051C4F88451C4F88851C4F8A9
:10B440008C5117F075FA84F8F25184F8F1512046C6
:10B450001FF045F904F1B000BDE8384020F019B8FC
:10B4600010B50C4601F1B00020F033F82046BDE8DD
:10B4700010401FF066B900BF90F8F23123B90221E5
:10B48000B0F8AC01F6F7D6BB0020704790F8F23167
:10B4900003F0FF011BB9B0F8AC01F6F7CBBB0020FD
:10B4A000704700BF38B528B390F89F3004462A2B68
:10B4B0001ED142B92B2380F89F3094F9E030002B45
:10B4C0001CDB002038BD1F230D4680F82A2180F8A0
:10B4D0002B31322380F89F300029EED00821B5F8B7
:10B4E000AE01F6F7A7FB68B12946FFF75FFEE4E778
:10B4F0000C2038BDB3211A20F5F7F2FADA211A2010
:10B50000F5F7EEFAD5211A20F5F7EAFAF8B5002892
:10B5100000F0AE806FF4F9730C4607460821C51899
:10B5200024232370437A95F89821E370B5F8B0315D
:10B530006272A38095F89931A37295F89A31E372FB
:10B5400095F8B531B5F8AE012375F6F773FB95F8AC
:10B55000FC310646002B43D1002800F08D80037893
:10B56000002B47D12B7B23736B7B6373AB7BA37364
:10B5700095F8B430E37395F8B530237495F8B63088
:10B58000637495F8A830013BDBB2032B6ED83C4ABC
:10B59000D35CA37495F89031013BDBB2032B65D8E3
:10B5A000D35CE374EB7D637595F8BF30A375AB7D19
:10B5B000A4F8193095F8BE30A4F81B307368327CBB
:10B5C0003049A271A1FB0313B27C717C9B0A2272E9
:10B5D000E171B6F81520A4F81D30A4F81720F8BDC5
:10B5E00010B10378012B32D029463046BDE8F8402F
:10B5F000FFF7DCBD95F8B430237395F8B53063736D
:10B6000095F8B630A3732B7BE3736B7B2374AB7B12
:10B61000637495F89031013BDBB2032B26D8184AAE
:10B62000D35CA37495F8A830013BDBB2032B1DD883
:10B63000D35CE37495F8BF306375EB7DA37595F823
:10B64000BE30A4F81930AB7DA4F81B30B6E717F86C
:10B65000033C002BC8D0162307F10A000A4985F8DD
:10B6600006321CF051FA4423E370BDE7FFF792FD68
:10B67000E1211A20F5F734FAF3211A20F5F730FA10
:10B68000D45403015917B7D1A9B20001F0B583B062
:10B69000002800F0D080A0F22E23DA7B2A2A40F086
:10B6A0008F800C46A0F5CA7241F61071118093F993
:10B6B00050203221002AD973C0F2C280A0F2BE20ED
:10B6C000D0F83871002F00F0BF806FF405730022AE
:10B6D0000821FD18102385F8C821242285F8FC31A3
:10B6E0002270E37095F89831B5F8B021637295F83F
:10B6F0009931A280A37295F89A31E37295F8B53129
:10B70000B5F8AE012375F6F795FA95F8FC310646C3
:10B71000002B46D1002800F09E800378002B52D0E9
:10B7200095F8B430237395F8B530637395F8B63057
:10B73000A3732B7BE3736B7B2374AB7B637495F8F0
:10B740009031013BDBB2032B00F28380444AD35C8F
:10B75000A37495F8A830013BDBB2032B79D8D35CF6
:10B76000E37495F8BF306375EB7DA37595F8BE3033
:10B77000A4F81930AB7DA4F81B30327C0420736828
:10B78000A2713849727CA1FB0313E271B27C9B0A5F
:10B790002272B6F81520A4F81D30A4F8172003B0C3
:10B7A000F0BD30B10378012B03D117F8253C002BF5
:10B7B00036D130462946FFF7F9FC042003B0F0BD2E
:10B7C000002003B0F0BD2B7B23736B7B6373AB7BDB
:10B7D000A37395F8B430E37395F8B530237495F8F6
:10B7E000B630637495F8A830013BDBB2032B30D838
:10B7F0001B4AD35CA37495F89031013BDBB2032B59
:10B8000027D8D35CE374EB7D637595F8BF30A375DF
:10B81000AB7DA4F8193095F8BE30A4F81B30ACE726
:10B820001623A7F11800104985F806321CF06CF9B0
:10B830004423E370BDE74FF494711A20F5F750F9F3
:10B84000DA211A20F5F74CF940F23F111A20F5F7EA
:10B8500047F9FFF79FFCF3211A20F5F741F900BFE4
:10B86000D45403015917B7D1A9B2000140F25921AC
:10B87000062008B5F5F734F940F25921062008B53D
:10B88000F5F72EF92DE9F041847B002C00F08A8039
:10B89000474B002184461D688E4617E0012E62D07A
:10B8A000022E40F083800F32920003F5977301312E
:10B8B0009CF810700CF10E0C9BB2CEB21344AB424C
:10B8C00038BF2B46B44207FB03EE59D9C1EBC10286
:10B8D0009CF81980CE0000EB420218F0040FB2F879
:10B8E000153025D118F0010701D108F00207761AAA
:10B8F0009CF81A8000EB460618F0040FB6F81720E3
:10B9000034D118F0010626D118F0020633D1DBB28B
:10B910004FF0FD08012F23D0022F47D19B003C336D
:10B92000B8F1010FD2B2B9D1920102F57472BCE73D
:10B930009CF81A70B2F817207E0729D417F0010678
:10B9400022D117F0020628D1DBB24FF0FD089B018F
:10B9500003F57473E4E7012FDBB24FF0FE08DBD18F
:10B96000DB007033DCE70E32D2009EE7DBB24FF033
:10B9700001080426CEE7DBB24FF0FF080226C9E734
:10B98000AEF19600BDE8F081DBB24FF0FE08DEE7D5
:10B99000DBB24FF001080426D9E7DBB24FF0FF0815
:10B9A0000226D4E76FF09500BDE8F081FFF75EFF57
:10B9B000480D00212DE9F843099F97F80080B8F160
:10B9C0001F0F4BD01D4608F10103064689463B7008
:10B9D0001446FFF757FF089B98423AD8D4B1B17884
:10B9E0007378B6F8092043EA012340F2E241747B00
:10B9F00001FB02F2F17843EA0141F379A4BB03FBB6
:10BA000002035B1AB9F80A204FF47A7101FB02F2C3
:10BA10009A421ED32DB3727940F2E2413379747B9E
:10BA200043EA0223B6F8092001FB02F2B17943EAA6
:10BA30000143317AE4B101FB02320244B9F80C301F
:10BA40004FF47A7101FB03F3934202D32846BDE819
:10BA5000F883002087F80080BDE8F8830020BDE867
:10BA6000F8830120BDE8F88303FB02130344C9E710
:10BA700001FB0202D21AE1E738B504460D4602F096
:10BA800033FA29462046BDE83840FFF785B900BFA4
:10BA90000020704710B578220021044616F048FFB8
:10BAA00002F02AFA00232462A062636710BD00BF7F
:10BAB00010B501F120000C461DF07AFFB8B92378CB
:10BAC000012B636F01D0B3B910BD002BFCD01A68F5
:10BAD000092133F8610C6267F6F7C2F818B9636F91
:10BAE000002BF4D110BD4B211120F4F7F9FF4021B8
:10BAF0001120F4F7F5FF53211120F4F7F1FF00BFF7
:10BB0000054B984205D800F53473044A00201360B1
:10BB100070471220704700BF00093D00140000214B
:10BB200010B5002382B008220446CDE900338DF819
:10BB3000062003E0009B1B7DA34208D06846F6F771
:10BB4000B3F80028F6D04FF6FF7002B010BDBDF874
:10BB5000040002B010BD00BF406F18B909E0D0F872
:10BB6000110230B16FF40473184490F8B4318B4271
:10BB7000F5D1704770B50468CCB10E46154602E0A9
:10BB8000D4F815429CB16FF405731C4494F8B43199
:10BB9000AB42F5D10821B4F8AE01F6F74BF8002816
:10BBA000EED0037DB342EBD1B4F8B00170BD4FF6D7
:10BBB000FF7070BD2DE9F04F85B0002800F0EA81DC
:10BBC0006FF43E7805460F468044D8F838611EB9B8
:10BBD00036E0D6F815629EB36FF4057E08217644F0
:10BBE000B6F8AE01F6F726F815F8613C027D9A42E8
:10BBF000EFD1436F0446002B47D06FF4047C15F857
:10BC0000601C634406E0D3F81132002B3DD06FF482
:10BC10000470034493F8B4218A42F4D1072200212E
:10BC20004046FFF73FFC0346002840F0AE8100226B
:10BC3000104663F3070062F30F2005B0BDE8F08FF4
:10BC400008210DF10A00F5F77FFF04460028E5D032
:10BC50007822002116F06CFE04F1200602F04CF967
:10BC60000023A0623046246263670DF0AFFE002817
:10BC700000F04F810821BDF80A00F5F7F1FF002818
:10BC8000CCD0CF211120F4F72BFF40F2E24235F85F
:10BC9000483C02FB03F362689A42BFD1627D15F80B
:10BCA0004A3C9A42BAD1A27D15F8493C9A42B5D194
:10BCB00015F85C2CE37DB3EBD21FAFD115F8582CEF
:10BCC00015F8593C43EA022315F8572C02F00F02ED
:10BCD00043EA0243A2689A42A0D115F8552C15F800
:10BCE000563C43EA022315F8542C02F00F0243EAB3
:10BCF0000243E2689A4291D1092103A8B6F8AE91B5
:10BD0000F5F722FF0646002888D0FFF76FFBA6F85C
:10BD1000AE91BDF80C30A6F8B031B8F80030A6F8F6
:10BD2000AC31012386F8C831EFF3108072B66FF49E
:10BD3000E07106F215236A181168C6F8151213602F
:10BD400000B962B615F8613C40F2E242237535F85D
:10BD5000483C02FB03F3636015F84A9C84F8159095
:10BD600015F849AC84F816A015F8581C15F8592C8C
:10BD700015F8550C42EA012215F8571C01F00F0185
:10BD800042EA014215F8561C41EA002115F8540C0C
:10BD900000F00F0041EA004115F85C0CA260C0F30E
:10BDA000C010A364E160E07515F85FCC1CF0040FCF
:10BDB00040F0AC801CF0010E01D10CF0020E86F8B0
:10BDC000A8E015F85ECC1CF0040F40F09C801CF03D
:10BDD000010E01D10CF0020E86F890E115F85ACC54
:10BDE00015F845BC0CF00F0C15F85CECCDF800C054
:10BDF0000EF00F0E15F846CC4CEA0B2C15F842BC91
:10BE0000CDF804C015F843CC4CEA0B2C15F85DBCFA
:10BE10004BEA0E2EDDF800B0A6F814E015F85BEC46
:10BE20004EEA0B2EDDF804B0A6F8BCE015F844ECA1
:10BE30004BEA0E4EC6F8A4E115F841EC4CEA0E4C64
:10BE400015F84DECC6F8A0C115F84ECC15F83FBC5E
:10BE50004CEA0E2C15F840EC4EEA0B2EA6F8B2E197
:10BE600015F84CEC4CEA0E4CC6F89CC115F860CCA9
:10BE700086F8B4C115F84FCC86F8240086F8B5C111
:10BE800086F8CC0015F84B0CC0F30300F07515F8DC
:10BE90004B0CF261C0F30310C6F8C410336286F88D
:10BEA000BF0006F1B000C6F8C83035F8533CB37592
:10BEB00035F8513C86F8C1A086F8199086F8BE3056
:10BEC00098F8A430D8F8382086F8C031B8F8263071
:10BED000C6F8BC214FF0FF32A6F8B6314FF0FF3361
:10BEE0001FF075FAB6F8B031B6F8AC112522A7F8F4
:10BEF00005300423A7F803103A7096F8B4213A727B
:10BF0000227DFA7193E64FF0040E65E74FF0040EC0
:10BF100055E7092103A8BDF80AA0F5F715FE8146EB
:10BF200048B3FFF763FAA9F8AEA1BDF80C30A9F841
:10BF3000B031B8F80030A9F8AC31012389F8C83124
:10BF4000EFF3108172B66FF4E07209F21526AB18A8
:10BF50001A68C9F815221E6019B16FF405731E44E2
:10BF6000F0E662B6D8F83861002EF6D140F235110D
:10BF70001120F4F7B5FD30461DF01AFD00283FF4FE
:10BF800079AECD211120F4F7ABFD40F26B111120F9
:10BF9000F4F7A6FDFC211120F4F7A2FD20B10098D2
:10BFA000184401FB020070470098C01A01FB020010
:10BFB000704700BF014B1860704700BF480D00215B
:10BFC000044B1B6823B1181AB0FA80F0400970477F
:10BFD00001207047480D0021024B1868003818BF37
:10BFE00001207047480D0021A1F1030CBCF1010FA5
:10BFF00010B52AD901291DD002292DD10F3080007A
:10C00000D91E92B201291CD9012B22D0022B23D197
:10C010000F329200029B114C591C00F5977348088F
:10C0200021689BB28842134438BF0846984238BF03
:10C03000184610BDD91E0E3092B201294FEAC00039
:10C04000E2D8920102F57472E4E7800100F57470A1
:10C05000D6E70E32D200DDE7FFF708FC480D0021DD
:10C060002DE9F04F05468DB010461E4695F800B0FC
:10C070000C46049281F800B00593AA786B78697930
:10C0800043EA02232A7942EA0122E9786370E170E7
:10C0900043EA01411B0AA370AB792271A37142EA02
:10C0A0000343120A627140F6C312914215D89342BB
:10C0B00040F27C81C44AA2FB0323980ADDE90423F1
:10C0C0009A4200F0F683002B40F079810120C31CD6
:10C0D000B3FBF0F303FB00F074E1BB4E9342A6FB0D
:10C0E00001014FEA91200BD9A6FB0323990ADDE950
:10C0F0000432934200F05F81002A18BF08465EE1D7
:10C10000DDE904239A4200F0D783002B00F0578129
:10C1100004231846A4F80930EB79E3722B7A2373D1
:10C120006B7A637395F80EA084F80EA04BBB049B4A
:10C1300093B1A37840F2E241627842EA032283B2EB
:10C1400001FB03F3E17842EA0142B3FBF2F102FBA7
:10C150001133002B40F0AA83059B93B1637940F221
:10C16000E241227942EA032283B201FB03F3A1797F
:10C1700042EA0142B3FBF2F102FB1133002B40F023
:10C180009283BAF1000F00F0B8801FFA80F840F2F5
:10C19000E24305F1100C04F1110603FB08F800203E
:10C1A0001CF8012C00EBC003C10006F8022C2B4444
:10C1B000DCF800701A8A5B8A37609CF8047017F00C
:10C1C000020F40F0188117F0010E01D107F0040EA4
:10C1D00086F808E09CF8057017F0020F40F008811F
:10C1E00017F0010E01D107F0040E86F809E0002ACD
:10C1F00000F0F780754F02F1FA0994F801E0A7FB0F
:10C200000979A7784EEA072E02EBD9174FEAD91918
:10C21000013FB7FBF9F794F80390BFB24EEA094E1D
:10C2200094F80D90B9F1000F08D0F04502D102F159
:10C230000D07BFB2C64501D90537BFB2FB2F0EF1BE
:10C24000FF3928BFFB27C1443A44013AB2FBF7F259
:10C25000B9FBFEFE92B20EFB02F2A1EB000E0F2A1A
:10C2600004EB4E0E28BF0F22AEF81570B272002BF1
:10C2700000F0B080554A03F1FA0E2779A2FB0E2E8A
:10C28000627947EA022703EBDE124FEADE1E013A2B
:10C29000B2FBFEF294F806E092B247EA0E4794F839
:10C2A0000DE0BEF1000F08D0B84502D103F10D0238
:10C2B00092B2474501D9053292B2FB2AA1EB0001A7
:10C2C00028BFFB2204EB41011344A1F81720013BD6
:10C2D000B3FBF2F37A1E9BB24244B2FBF7F707FBC3
:10C2E00003F30F2B28BF0F23F37201300CF1090C5D
:10C2F0000E36C3B29A453FF653AF0023CDE90A3359
:10C3000008238DF82E3004E00A9B1B7D5B4500F06E
:10C3100096800AA8F5F7C8FC0028F5D094F80EC05E
:10C3200000262B4B40F201121B68A4F80720BCF139
:10C33000000F63D0B4F8097040F2E2420CF1FF3014
:10C3400002FB07F7C0B2BB4234BFFB1A00230693BF
:10C35000C0EBC00304F10E0000EB43002346DA7E7D
:10C360000E33997B8A4238BF0A4683429A70F6D1CF
:10C370002046FFF787FA049B002B47D0A27863780A
:10C3800043EA0223E27843EA0243627B002A40F058
:10C390008782FB1A03446A894FF47A7101FB02F227
:10C3A0009A4233D211200DB0BDE8F08FB0427FF435
:10C3B000AFAE012001461BF004FD94F800B0032845
:10C3C0007FF685AE83B2A5E65917B7D1BFBF8C8281
:10C3D000140000210A1A04EB4202D3751376F3729B
:10C3E00083E70F1A04EB47077A75BA75B2723EE716
:10C3F0004FF0020EF9E64FF0020EE9E6637B002BE8
:10C4000040F0AE8200200DB0BDE8F08F059B002B00
:10C4100051D06279237943EA0223A27943EA0243A5
:10C42000627B002A40F03982FF1A3844AB894FF40E
:10C430007A7202FB03F38342B4D300273CE0BDF8D9
:10C440002C304FF6FF72934231D018460821F5F791
:10C45000F1FB064660B3476F57B3A6466FF4047905
:10C4600023461EF80ECF4F44644697F8B4019C460D
:10C47000D4B1611E6346C9B2C1EBC1010EEB4101EB
:10C4800003E00E33994200F01982DA7B8242F8D140
:10C49000D7F81172002F00F044826FF404784744FB
:10C4A00097F8B401002CE4D10124002309E20646E8
:10C4B00094F80EC035E71F46002305F10908DDF8A2
:10C4C0001490C3EBC301AA7BD80004EB4101C97BE4
:10C4D000002A00F01E81013A5FFA82FC2A460CEB2A
:10C4E000CC0CC44403E00932624500F0128192F89A
:10C4F0000FE08E45F7D1C2182A4492F816A092F8A0
:10C5000017E0A0EB030C217A04EB4C0C9CF81C20E8
:10C510009CF810C0002A00F0E98001FB0CF1BCFB84
:10C52000F2FB013A02FB1B129645C0F2DF80C31AF0
:10C53000069A2946204604EB43030092049A1033DE
:10C5400001934B46FFF736FA013794F80EA0FBB281
:10C550009A45B6D805F1090B2046FFF793F9012358
:10C56000D9460022B34608900793924540F2B48022
:10C570000132D2B2531EAE7BDBB2C3EBC30004EB7D
:10C580004000C77BD800002E00F08A80013E29467B
:10C59000F6B206EBC6064E4402E00931B1427FD046
:10C5A00091F80FC0BC45F8D1C118294491F816C0C4
:10C5B000CF7DC11A04EB41010E7F097C8E4233D23C
:10C5C00096B306F1FF3EB1FBF6F8267A039606FB1A
:10C5D00001F60EFB1866B74226DB66794FF47A78CF
:10C5E000277947EA0627AE8908FB06F6DDF80C80B6
:10C5F000099608F10108A67947EA064640F2E247A3
:10C60000B646B4F8096007FB06F6677B002F00F01A
:10C610009C8008FB06E6089F3E44039FFF2F03D043
:10C62000099FB74280F09780C31A04EB4303DB7E77
:10C6300099429AD9002B98D0E079B1FBF3F6013BEF
:10C6400000FB01F103FB16118C458EDBA17840F253
:10C65000E24763786E8943EA01234FF47A7194F8D4
:10C660000DC001FB06F6E17843EA0143B4F8091076
:10C6700007FB01F1471CBCF1000F60D007FB013341
:10C6800008990B44FF283FF470AF9E42FFF46DAF52
:10C69000E77192456AD901320023D2B2079369E764
:10C6A000BBF1000F00F07E81DBF8741019B90EE0C9
:10C6B000D1F8111259B16FF40476314491F8B46194
:10C6C000BE42F5D191F8CDC091F8257071E740F2E6
:10C6D000A1211120F4F704FA079B002B4DD1BAF1E8
:10C6E000000F4AD001230022079341E7C21A04EB4E
:10C6F0004202D27E002A3FF427AFE179BCFBF2FE72
:10C700000CFB01F1013A02FB1E129245FFF61CAF31
:10C710000DE7002E00F04681726F22B9D7E7D2F8FC
:10C720001122002AD3D06FF4047C624492F8B4C181
:10C730008C45F4D192F8CDA092F825E0E1E6DDF841
:10C7400020C007FB01C1CB1A9CE7089F08FB0676B7
:10C750007746F61B61E7C31A84F8088004EB4303AD
:10C76000DB7E994295D90020079063E701230022E0
:10C770000793BAF1000F7FF4FBAE5E4694F80EC04B
:10C7800000274FF0010905F10908674544D2C7EBBE
:10C79000C702AB7BF80004EB4202D17B002B59D0DF
:10C7A0005A1E2B46D2B202EBC202424402E00933C7
:10C7B00093424FD093F80FE08E45F8D1C3192B4424
:10C7C000997D93F817E0C31B94F808B004EB43037A
:10C7D0001A7F93F810A05AB30BFB0AF3BAFBF2FBD3
:10C7E000013A02FB1B32964522DBC01BDDF818C064
:10C7F000294604EB4000CDF800C01030DDE90423E9
:10C8000001902046FFF7D6F800283AD194F80EC0E0
:10C810000137FFB26745BAD3B9F1000F40F0858008
:10C82000BCF1000F3FF4EAAD4FF001090027AEE77D
:10C83000C31B04EB4303DB7E002BE9D094F807E035
:10C84000BAFBF3F2013B0AFB0EFA03FB12A3994277
:10C85000DEDBCAE7002E00F0A580736F2BB936E748
:10C86000D3F81132002B3FF432AF6FF4047213444B
:10C8700093F8B4218A42F3D193F8CD1093F825E0D0
:10C88000A1E7013794F80EC04FF00009FFB26745E9
:10C89000FFF47DAF8146002777E71F443844C5E5A4
:10C8A0003B44034477E5012363736AE40123637324
:10C8B00052E4014601207EE501217CE5621C23460D
:10C8C000D4B2C3EBC3030CEB4303D87397F8B52181
:10C8D0001A74B7F8BC20A3F81120BA8AA3F8132061
:10C8E00097F8BE20A3F81520BA7DA3F8172097F873
:10C8F0009021D11E012998BF04225A7697F8A820CA
:10C90000D11E012998BF04229A7697F8BF20DA76C3
:10C91000FA7D1A778CF80E40D7F81172002F7FF449
:10C92000BCAD6346A4461C46FBE4637B002B3FF48E
:10C9300069ADBCF1000F13D00022C2EBC20304EBBF
:10C940004303B3F811100833F6293FF62BADB3F8C3
:10C950000B30F62B3FF626AD0132D3B26345ECD354
:10C9600040F2E243B4F80920A17803FB02F26378B5
:10C9700043EA0123E17843EA01439A4203DD049B41
:10C98000002B7FF40FAD23796079A17943EA00236E
:10C9900043EA01439A427FF735AD059B002B3FF4F4
:10C9A00031ADFFE440F29F211120F4F799F800BF68
:10C9B0008B7B7BB1013B01F10902DBB203EBC303CB
:10C9C000134401E0994205D0CA7B09318242F9D172
:10C9D000012070470020704710B58C7B94B1002374
:10C9E0009C4603E05FFA83FC644509D991F80FE0A7
:10C9F00001330E318645F5D1012082F800C010BD0B
:10CA0000002010BD204610BDC06E7047FEF7A8BACA
:10CA100010B5072930D8DFE801F00D0404192F13F1
:10CA20002A25002301780377B1B92030BDE81040F2
:10CA30000DF010B9134B1B68BDE810409B681847F8
:10CA4000104B1B68BDE810401B6918470D4B1B6855
:10CA5000BDE810405B69184719462030BDE810401A
:10CA60000DF0D4B840F272514220F4F739F840F298
:10CA70006F514220F4F734F840F275514220F4F738
:10CA80002FF800BF7001002170B51C4E82B0044623
:10CA9000C27D31680B786BBB4B7D097F20460091CE
:10CAA00004F1980102F096F9326894F8BF501378B7
:10CAB00030710BBB937D127F04F5C071204600924C
:10CAC0002A4602F087F9D4F8D83194F8DC11013302
:10CAD000707104F1B00041F10004A3FB05315A1E4E
:10CAE00004FB051363F10003DBB202B0BDE8704044
:10CAF0001EF06ABC8B7DD0E7537DDCE7500D002132
:10CB00004FF4B971422008B5F3F7EAFFF8B50446CF
:10CB1000000731D53F4D01230E46AF68AB71EB7175
:10CB200097F8C831022B62D02B6942F210716A6902
:10CB3000F318B7F8B60142F10002E0FB01322868B1
:10CB4000C7E9743203788BB9426F037F002A5ED045
:10CB50003146D7F89C6152F8792C203006FB03F35C
:10CB6000D7F898619B1B1A441CF063FE210603D47E
:10CB7000AB68012283F8CE21E2062AD4A30600D4B2
:10CB8000F8BD244DA868D0F88021B03090F8D4309A
:10CB90001EF020FCAB6893F8BF1003F5C070D3E91A
:10CBA000626402F0D9F92A6813784BB9AB68D3E90B
:10CBB0006201864274EB010103D25068FEF7E4F88B
:10CBC000AB68D3F870210021013A6971C3F8702174
:10CBD000F8BD104DA868C17D983002F0BDF9AB6872
:10CBE0000022996D83F8CE2171B12A71C6E7032323
:10CBF00007F2F310084987F8C831002387F8FC31A1
:10CC00001AF082FFAF688FE701232B71B6E7FFF7B9
:10CC100077FF00BF500D00210DB5000140F2BF119C
:10CC2000422008B5F3F75CFF40F26141422008B5AD
:10CC3000F3F756FF8521422008B5F3F751FF00BFF7
:10CC400070B5254E33681A7832B15B6800205B08F6
:10CC5000984228BF184670BD1C6D196C091B5C6C8E
:10CC60005B6D64EB03030D1843F10003012D73F1B9
:10CC7000000127DB4FF0FF31A94272EB030326DBF3
:10CC8000B379BBB919F0F6FB336893F862300B2B1C
:10CC900013D8124A112432F81310014489B22846DD
:10CCA0001EF067FC336820445B685B08984228BF2D
:10CCB000184670BD64210224F1E740F2B531062028
:10CCC000F3F70EFF4FF493714220F3F709FF40F2A0
:10CCD00027114220F3F704FF500D0021D85403011F
:10CCE00038B50378044623BB856C12F07DFC636F76
:10CCF0002BB36FF4047403222344E5FB020193F881
:10CD0000C821022A0AD00BD8D3F81132BBB16FF474
:10CD10000472134493F8C821022AF4D1012038BDCB
:10CD2000032A0ED1D3E97442A04271EB0202EBD385
:10CD3000F4E7056D12F058FC636F002BD9D1022087
:10CD400038BD40F219114220F3F7CAFE013270B526
:10CD5000D2B290F8B541944221D9C47D6CB1D0F8DB
:10CD6000A060D0F8D8C190F8DC51D0F8A440B44508
:10CD700075EB040401D31A7070BD90F8BF405CB12C
:10CD8000D0F88861D0F8D8C190F8DC51D0F88C4147
:10CD9000B44575EB0404EED20C78012C46D0D0F8E3
:10CDA000112272B3022612F849CC6FF40475BCF15B
:10CDB000010F02EB0500ACF1020E24D0BEF1010F11
:10CDC0001BD812F8202C02F0FF0EB2B9B1F93220B4
:10CDD000B0F9E4414D8E121BD0F8D81190F8DCC1A7
:10CDE00092B2A0F8E4518A184CF10001C0F8D821A1
:10CDF00080F8DC1183F800E070BDD0F81122002A21
:10CE0000D1D1002070BD0C78002CF6D14C8EB0F83A
:10CE1000E051641B2404F0D4D0F8D84180F8C861F4
:10CE20000634A0F8E451C0F8E041CAE790F8CE41DA
:10CE3000002CB4D11A709FE790F8C01108B590F893
:10CE4000BE3090F89021A1B1D11E012938D9012A14
:10CE500048D0022A58D190F8A8100F33827DC81EFE
:10CE60009B00012835D89001963300F57470184462
:10CE700008BDD11E012911D9012A36D0022A43D179
:10CE800090F8A8100B33827DC81E9B0001280ED895
:10CE90009001963300F53470184408BD9B0103F5EA
:10CEA000347390F8A810827DC81E0128F0D901299A
:10CEB00024D0022928D1900096332C30184408BD84
:10CEC0009B0103F5747390F8A810827DC81E012899
:10CED000C9D901290CD0022916D1900096333C30D3
:10CEE000184408BD0E33DB00EDE70A33DB00D8E75A
:10CEF000D200963302F17000184408BDD200963378
:10CF000002F15000184408BDFEF7B6FC00287FD09F
:10CF10008446F0B500244FF0020EDCF8110230B365
:10CF20006FF4047500EB050C9CF8C80101282CD0A7
:10CF300002380128F1D89CF8F1010028EDD1002A2F
:10CF40004FD09CF81700A8B3DCF8D861DCF8A070CB
:10CF50009CF8DC51DCF8A400BE4275EB000029D33C
:10CF60009CF8B5019042D8D960461A70F0BDFCB962
:10CF7000486FE8B16FF40474013200EB040CD2B2D4
:10CF800001249CF8C8010128D2D108780028C4D116
:10CF9000BCF8E051488E401B0004BED4DCF8D80138
:10CFA0008CF8C8E10630ACF8E451CCF8E001C2E7F7
:10CFB0000020F0BD9CF8BF0058B1DCF8D861DCF867
:10CFC00088719CF8DC51DCF88C01BE4275EB0000E6
:10CFD000C6D208780128A0D19CF8CE0100289CD1A7
:10CFE000BEE74C8EBCF9E401B1F93210ACF8E44173
:10CFF000091ADCF8D80189B241186046CCF8D8117A
:10D000009CF8DC1141F100018CF8DC111A70F0BDC4
:10D01000002070472DE9F0413C4F84B080463E68C7
:10D02000B868337E3146327F012B0DF10F0352D0A9
:10D03000FFF78CFE0446ACB1726F9DF80F30002AEA
:10D040005ED0D4F89C5152F8790C03FB05F5D4F866
:10D050009831ED1A05442046FFF7EEFEBB692844DF
:10D06000984202D904B0BDE8F08133782046FC61D3
:10D07000ABB3FEF70BFA002844D09DF80F109030A8
:10D08000B4F8CA61A5EB08050131B4F8D83194F8B9
:10D09000CC811630C9B2D4F8B821009104F5E571FD
:10D0A00019F07FFF3B68A4F8CA61064684F8CC817A
:10D0B0001B78012B19D0642128461EF05AFA023041
:10D0C000234604F5DC7280B23146281AFDF772FF60
:10D0D00004B0BDE8F081FFF719FF0446ABE7FEF7A7
:10D0E000CBF90028C9D1FFF7A5FD014604F1B00333
:10D0F00004F5DC722846FDF77FFF04B0BDE8F0813F
:10D10000FFF7FEFC8E214220F3F7EAFC500D0021D0
:10D1100083072DE9F04F064695B0CE4D03D5AB6899
:10D120003D2283F8F1216B79D5F8088095F804B099
:10D13000002B40F07D81D5F8009098F8B53199F832
:10D140001C20511C994200F0638116F0010640F04A
:10D15000418199F81830494640468DF83860012BD6
:10D160000EAB00F06E81FFF7F1FD9DF8382004460C
:10D1700089F81C20002C00F0238199F81DA0BAF139
:10D18000000F40F07881D9F87430002B00F0358220
:10D19000D4F89C71204653F8793C02FB07F7D4F889
:10D1A0009821BF1A1F44FFF747FEAB6938449842E5
:10D1B00000F2218199F800302046002B00F05281C6
:10D1C000FEF764F903460B90002800F01A82D5F8A8
:10D1D0000090903399F800200A93012A00F09A8178
:10D1E000002F00F08C81002A00F0A88148464FF003
:10D1F000000C2B69D9E91021D31A6A6961EB02018D
:10D200004268DB194FEA520241F10001624528BF32
:10D2100062469A1A4FF0000361F100019942C0F290
:10D22000F9816FF0010C94458B41C0F2EE8181468B
:10D230000D9299F81C100A980131B4F8D831D4F83D
:10D24000B8211630C9B2009104F5E57119F0A9FEB4
:10D250000D210C90B8F8AC01F4F7ECFC81460028E5
:10D2600000F0398198F890010FF006FA09EB4009B7
:10D2700099F8193084F891312046FFF705FCE37DD9
:10D28000002B00F00A81D4F8A010D4F8D831D4F8DB
:10D29000A42094F8DCC18B427CEB0202C0F0FD803C
:10D2A00094F8BF20002A00F07B81591A99462B6818
:10D2B000D4F89C21FF2993F81CE0D4F888A102FB44
:10D2C0000EFED4F88C2100F29A815868D14500FBFB
:10D2D00001E07CEB0202C0F10000C0F07D8151460C
:10D2E0004FF0010AA9EB0109B9F1FF0F00F28781A4
:10D2F000D4F898211969A2EB0E0EAEEB010E596815
:10D3000001FB19E9BAF1000F00F015818246EB69C3
:10D310009C4200F0EF80FDF759FD10F03BFA2A69BE
:10D320000D9B0A999A182B6801F1700118780C9BD3
:10D33000089104F1B0010694CDE903634FF00006B3
:10D34000CDE900A90296EE716B69079104F5DC71D5
:10D3500043F100030591FDF741FD002800F0B68080
:10D360002B68AC601B78012B00F0CC803846FFF7AF
:10D3700067FC450094F8A80010F036FF94F8A82048
:10D38000354B03EB82035E6A344B06F2E736A3FBB0
:10D39000063600EB96102844FDF7D0FD3846FFF71F
:10D3A00039FEBBF1000F75D098F83130002B71D1E8
:10D3B0002B4908F1290015B0BDE8F04F1AF0A7BBC2
:10D3C000BBF1000F06D098F83130002B00F09C80A4
:10D3D000D5F80090002499F81D3089F81C40002BE6
:10D3E0007FD199F8003009F1200063B915B0BDE88C
:10D3F000F04F1CF0AABA99F8003009F1200089F822
:10D400001CA0002BF2D015B0BDE8F04F1CF08DBA77
:10D4100099F80030002B7FF498AE98F84A31002B31
:10D420007FF493AED8F878310133C8F878318CE6C0
:10D43000D8F8802108F1B00098F884311DF0CAFFB7
:10D4400079E6FFF763FD9DF83820044689F81C2033
:10D4500090E600BF500D0021D8540301D34D621057
:10D46000E1A70201FEF708F803460B9000287FF4BD
:10D47000AEAEFFF7DFFB002219460E925A61C3E9F8
:10D480000122C3E9032299F8240013F0D5FD0028F6
:10D4900000F0CA8015B0BDE8F08F94F8BF1081B1DC
:10D4A000D4F88811D4F8D80194F8DCC18842D4F8B3
:10D4B0008C912B687CEB090CD4F89CE11A7F80F0EE
:10D4C0008F804FF000090226CA4620E7BBF1000F0B
:10D4D0007FF479AF7CE70B9B93F8803084F891312F
:10D4E000CAE609F120001CF0EEF9002868D1D5F851
:10D4F000009076E7EB79002B3FF40DAF0FE7C923DF
:10D500000D9396E6304647E74F4908F129001AF097
:10D51000FEFA5DE794F890214C4B03EB42031A8B23
:10D520004B4B02F5FA72A3FB023207F1900303EBB7
:10D5300092130D937DE682460226E8E6D9F8501054
:10D54000D9F84030D9F854005B1AD9F8441061EB8F
:10D550000001DB1941F10001012B71F100006DDBCD
:10D560004FF0FF3098428A4163DBAA79002A3CD110
:10D570000C9318F07FFF2A680C9B92F862200B2A0C
:10D580004DD8324931F812101122014489B218469F
:10D590000C921DF0EEFF0C9A00EB020C286828E6B6
:10D5A000591A2E68D4F89C31307FFF2903FB00F014
:10D5B00025D873689146012603FB01014842A5E680
:10D5C000286801210378203000F8044C83B915B095
:10D5D000BDE8F04F0CF03EBB4FF00009012695E688
:10D5E00081460EFB02FE00207CE664210222CEE78B
:10D5F00015B0BDE8F04F0CF009BBFFF781FAFFF75B
:10D600000DFB8E214220F3F76BFA40F29711422076
:10D61000F3F766FA4FF4CB714220F3F761FA40F268
:10D62000B5310620F3F75CFA40F287514220F3F758
:10D6300057FA40F227114220F3F752FA4FF4937150
:10D640004220F3F74DFA00BFE1A70201D8540301CD
:10D65000D34D62102DE9F04F00239F4D446F8DB0E4
:10D66000AB712860002C00F0C9816FF404770221AF
:10D670003C4494F8C831012B00F01281023B012B8D
:10D6800000F2018194F8F13103F0FF08002B40F023
:10D69000FA80B0F93230B4F9E461D4F8D8219B1B98
:10D6A00094F8DC11408E9BB2A4F8E401D31841F148
:10D6B0000001C4F8D83184F8DC112E68737F3BB1C7
:10D6C00006F120001CF0FFF8002800F0A8812E6869
:10D6D000F36E0220AB6114F023F90221D6E91B732B
:10D6E000DF1B874228BF0746402F38BF40273846F8
:10D6F00014F06AF928B9AB693B44AB61B36B3B44A6
:10D70000B3630FF0CDFB13F09DFB2B681B78C5E9CD
:10D7100004012046002B00F0D680FDF7B7FE8146BD
:10D72000002800F00C822E6809F1900A726F337F96
:10D73000002A00F0088252F8791CD4F89C2102FBE0
:10D7400003F7D4F89821BF1A3278012A0F4400F069
:10D750007D81002F00F061813846FFF771FA296959
:10D76000D6E910325B1A696962EB0102DB1942F1FA
:10D7700000021E1A62F1000300229342C0F2DA8115
:10D780006FF00101B14272EB0303C0F2CE812B684E
:10D790001B7F0133D4F8B8210AF11600D9B2B4F8CE
:10D7A000D831009104F5E57119F0FBFB0D2183469A
:10D7B000B4F8AC01F4F73EFA002800F019810A90A1
:10D7C00094F890010EF058FF0A9B03EB40035B7E38
:10D7D00084F891312046FFF757F9E37D002B00F0E4
:10D7E000E180D4F8A020D4F8D831D4F8A40094F87B
:10D7F000DC11934271EB0000C0F0D48094F8BF00BC
:10D8000000286FD0D5F800C0A3EB0209D4F89C2102
:10D810009CF81C00B9F1FF0FD4F888E102FB00F07E
:10D82000D4F88C210A9200F29081DCF80420734530
:10D8300002FB09090A9A71EB0202C9F1000961D3DE
:10D840000122D4F888110B925B1AFF2B00F27D8124
:10D85000D4F89821DCF80410101ADCF81020801A93
:10D8600001FB13030A93FDF7B1FA1C491C48FDF7AD
:10D87000A3FA0B9A0A9B002A4FF0000208BF4FF050
:10D880000208EA7148E0D4F81142002C00F0B5809B
:10D890006FF404731C4494F8C831012B7FF4EEAE8E
:10D8A0000378002BEFD1B4F8E021438E9B1A1E04BD
:10D8B000E9D4D4F8D83184F8C8110633A4F8E421A7
:10D8C000C4F8E031DEE6FDF7D7FD814600287FF49D
:10D8D0002AAFFFF7AFF900BF500D002111D10001B1
:10D8E0000DCB00019B1A2A68D4F89C1192F81C9069
:10D8F000FF2B01FB09F900F22881526802FB039318
:10D90000C3F10009FDF762FA914992484FF001080E
:10D91000FDF752FA0023EB710AF1700128682A69B9
:10D920000078089104F1B001B2184FF00006079199
:10D9300004F5DC71069402960591CDE900936B69BC
:10D94000CDE9038B43F10003FDF748FA002800F00E
:10D950008D802B68AC601B78012B5CD03846FFF7BC
:10D960006FF9804694F8A80010F03EFC94F8A820C7
:10D97000794B4FEA480803EB82035E6A774B06F265
:10D98000E736A3FB063600EB96104044FDF7D6FAC7
:10D99000286820301BF0BCFF38460DB0BDE8F04FC2
:10D9A000FFF738BB94F8BF30002B73D0D5F800C018
:10D9B000D4F89C21D4F8D831D4F888119CF81C00F4
:10D9C00094F8DCE18B4202FB00F0D4F88C217EEB72
:10D9D00002022AD24FF00009FDF7F8F95C494FF036
:10D9E00002085C48FDF7E8F94B4685F8079093E795
:10D9F00099F8803084F89131ECE628680024437F60
:10DA00000477002B71D103782030D3B90DB0BDE875
:10DA1000F04F1BF09ABF3046B8E7C926B9E6286830
:10DA20004F4920301BF0DAFF6BE60022914608E7F1
:10DA30000378002B3DD00022437F0277002B45D195
:10DA400020300DB0BDE8F04F1BF06FBF94F890117F
:10DA5000414A02EB4102168B404A06F5FA76A2FBD8
:10DA6000061207F1900606EB921692E66B79AC6807
:10DA7000002B31D1286894F8B521037F01339342FC
:10DA8000D6D00022437F027703BB0378002BD7D187
:10DA90002030BBE70A93FDF799F90A9B4FF0020883
:10DAA0002B492C489946FDF787F90A9BEB714B46A9
:10DAB00032E794F84A3123B9D4F878310133C4F805
:10DAC00078310022437F0277002BE1D020301BF019
:10DAD000FAFE80B92868D8E7D4F8802104F1B000B4
:10DAE00094F884311DF076FCC4E720301BF0EBFE87
:10DAF00070B9286887E72868002201210378203060
:10DB000000F8042C63B90DB0BDE8F04F0CF0A2B8DA
:10DB1000286801210378203000F8044C002BF2D053
:10DB20000DB0BDE8F04F0CF071B840F297114220F3
:10DB3000F2F7D6FF4FF4CB714220F2F7D1FF8E21DE
:10DB40004220F2F7CDFFFEF7DBFFFFF767F800BFDB
:10DB500011D100010DCB0001D8540301D34D621047
:10DB600011CA00012DE9F041037E0546002B58D073
:10DB7000436F002B00F0A5806FF4047100260B4466
:10DB8000304693F817C01C4693F8BF20944538BF21
:10DB9000944693F8B521824201D310461E46D3F82D
:10DBA00011326BB16FF404721344DA7D93F8BF1035
:10DBB0008A4238BF0A469445EBD894461C46E8E7AB
:10DBC000002E00F082802B78002B67D120464FF08A
:10DBD0003908FFF731F994F8BF30E27D934238BF3E
:10DBE0001346013BDAB26B6F53F8797CD4E96631A6
:10DBF000FB1A01FB0233434418442B78E8666BBBE5
:10DC00003046FFF719F996F8B5313930013BDBB2F0
:10DC10003844D6E96612401A02FB03002867BDE8C3
:10DC2000F081743015F093FE002852D06FF4047424
:10DC30002B78041926468BBB4FF039082046FFF796
:10DC4000FBF8E37D94F8BF20934238BF1346013BB5
:10DC5000DAB26B6F002BC7D1FEF752FF96F8902116
:10DC60001E4B96F8A80003EB42031C8B10F0C4FA7D
:10DC70000746304604F24554FFF7DEF8184BE21928
:10DC8000A3FB023296F8B53100EB9210013B6A6FAC
:10DC9000DBB2002AE0D052F8797CB9E794F8902101
:10DCA0000E4B94F8A80003EB42031F8B10F0A4FA6C
:10DCB0000B4B07F245570744A3FB07234FEA931882
:10DCC000BCE7E6214220F2F70BFFE7214220F2F702
:10DCD00007FFC2214220F2F703FF00BFD85403011F
:10DCE000D34D62102DE9F04F426F85B0D1E9048920
:10DCF0000291002A00F0E8806FF4047500210446C8
:10DD0000DFF8DCA12A440E460125DFF8D8B1D2F8AD
:10DD100098311746019397F8C831032B00F2DB8046
:10DD2000DFE803F039774002D7E97423904579EBB7
:10DD3000030316D2D7F8983097F89C30180603F0F2
:10DD400080020ED4D7F8803197F8843103F0800335
:10DD50001A4306D197F8DC2102F08002134300F049
:10DD6000878097F8F131002B6BD1082387F8C861C1
:10DD700087F80632237843B907F2112104F17400C1
:10DD800015F0B0FD002800F09A80514607F2FD1012
:10DD900019F0BAFE0121D7F81172F7B16FF40473CC
:10DDA0001F44B8E7D7F8E02197F8F13103F0FF00FE
:10DDB000002B35D1D7F8D83113F1010C97F8DC31AD
:10DDC00043F10003944503F0FF0373F1000341D2D4
:10DDD000D7F811720546002FE0D1B5B92378A3B961
:10DDE000636F002B70D053F8793C019AD31A6DD42D
:10DDF000226993425ED202980269D2180261426996
:10DE000042EBE3734361002950D1284605B0BDE8D9
:10DE1000F08F97F8F13103F0FF020BB91546BAE71E
:10DE200097F8F13103F0FF027BB9032387F8C8317B
:10DE3000594607F2F31087F8FC2119F065FE01211D
:10DE4000A9E797F8F131DBB290E72378CBB187F8F7
:10DE5000C861EDE7237803B33E23594607F2F31078
:10DE600087F8C86187F8FC3119F04EFE012192E76E
:10DE700097F8F13103F0FF02002B7FF472AF1546E3
:10DE800089E707F2112104F17400039215F02AFDCD
:10DE9000039A0028DBD1FEF7C7FE07F2112104F137
:10DEA000740015F01FFD0028D6D1F4E72046FFF7D7
:10DEB00059FEAAE740F23B514220F2F711FE40F230
:10DEC00073414220F2F70CFEFEF71AFE40F23A517F
:10DED0004220F2F705FE40F22A514220F2F700FEFE
:10DEE000A9B200010DB50001014B024A1A6070474A
:10DEF0007001002104DF0001014B1868704700BF6A
:10DF00007001002109CA0001E1CC000155D60001D1
:10DF10000DCA00010DCA00017DDD0101E5DC000133
:10DF20002DE9F84F05460469D1F8980198466B6CC5
:10DF30000E46241A286C91469DF828A0241843F117
:10DF4000000B12F07FFFA04271EB0B0380F0838087
:10DF5000133402464BF10003201A6FF0004463EBC8
:10DF60000103A04273F1000470DAD9F81C400027C5
:10DF7000844277EB030C35DBB9F898E0BC46BAF184
:10DF8000210FBB46F444A8F800C03ED0B0F5FA7F9C
:10DF900073F1000439DA6C682D692018D6F89841BD
:10DFA000A4EB050543F1000315F1290C4FEAE575D3
:10DFB00045F100051CEB020241EB0501D7194BEBC3
:10DFC00001043F1843EB0404C6E97A74012873F195
:10DFD000000245DB6FF07F42904273F1000330DABC
:10DFE000BDE8F88FB0FBF4FC1FFA8CFCACFB047EA0
:10DFF000C01BACFB047B63EB0E03B9F898E0BAF1ED
:10E00000210FF444A8F800C0C0D12D69D6F898417A
:10E01000651B15F1290C4FEAE57545F100051CEB70
:10E02000020241EB0505D7194BEB05053F1843EB01
:10E030000505BAF1210FC6F8E871C6F8EC51C9D050
:10E04000C4E740F273411320F2F74AFD40F23C412D
:10E050001320F2F745FD40F239411320F2F740FD5D
:10E0600040F271411320F2F73BFD00BF2DE9F04172
:10E07000446894F89F501DB101252846BDE8F08101
:10E080000E4604F011FACA0715D41A261F223223AD
:10E0900084F82A6184F82B2184F89F3094F8E030CA
:10E0A000002228460133A4F8DE20A4F8BC2284F81C
:10E0B000E030BDE8F08104F526773046394619F0A6
:10E0C0000CFC94F8A430002B40F09A8094F8A33014
:10E0D000002B40F09580B4F89880E66904F0EAF9E6
:10E0E00094F89A32022B07D843B91E2623223846C9
:10E0F000002114F01DFCC9E7042BF6D1C0431842DF
:10E10000C2B240F0848094F89B32022B74D9042B65
:10E11000EBD11A427BD194F89D3203F0C003C02B9F
:10E1200075D0B4F8A632002B73D194F8AE321B0729
:10E13000DBD1B4F8A832002B6ED194F8AE3213F0D4
:10E14000F00FD2D194F8AA325A1E1E2ACDD894F8D4
:10E15000AC22012B94F8AB3243EA022394F8AD22AF
:10E1600043EA024302D0B3F5C87FBED3B4F8B1127C
:10E1700040F2E24201FB02F29342B6DA94F8AF3287
:10E18000002BB2D094F8B032002BAED00B1F40F66B
:10E190007C429BB29342A8D894F8B42294F8B3324C
:10E1A00043EA022394F8B52243EA0243B3F5FA7F27
:10E1B0009BD39E4299D994F8B71294F8B62242EABA
:10E1C000012294F8B81242EA014293428DD8B4F881
:10E1D000B932A3EB08031BB2002BB8BF5B429BB262
:10E1E000B3F5804F81D22A230D4904F2F92084F837
:10E1F0009F3019F08CFC51E7002B3FF476AF88E795
:10E200001DF0EBF900287FF466AF25266EE7202687
:10E210006CE7FB2B8DD968E7FB2B93D965E700BF33
:10E22000B5BB0001FDF73EB94B6890332DE9F041D5
:10E23000D3F8A85082B00C46074625B940F2DB114E
:10E240001320F2F74DFC6FF40573082135F8670CC5
:10E250001D44F3F7EFFC6368DE6903F14408D5F869
:10E26000A031013E9E4228BF1E4618F003F96268A5
:10E27000014692F800320B2B2CD8D069184A32F89C
:10E280001330194489B21DF074F90446404619F060
:10E290007EFC0346C6F30F2238461C44D5F8A43151
:10E2A000694611346400B44228BF34469C4238BFEA
:10E2B0001C46009B64F317030093B5F8B2318DF848
:10E2C0000360ADF80420ADF8063019F07BFB02B016
:10E2D000BDE8F08140F2B5310620F2F701FC00BF45
:10E2E000105503014B6800B503F5A07383B093F894
:10E2F0001BC09A7E01A91B7F8DF804C08DF80520F4
:10E300008DF8063019F0BFFB03B05DF804FB00BFC9
:10E31000202901D00220704730B590F89F3083B09B
:10E3200004462C2B07D1D0F838513DB94FF4FF717A
:10E330001320F2F7D5FB022003B030BD082135F8D9
:10E34000670C0192F3F776FC94F8E03000216FF44B
:10E350000572013B84F89F10A818A4F8DE105BB288
:10E36000019A8B4284F8E0300BDB80F8FC210AB183
:10E3700080F8C811A5F12200044919F0C5FB00205E
:10E38000DAE740F203211320F2F7AAFB0DB50001F2
:10E3900090F89F302A2B00D0704790F80133002B63
:10E3A000FAD190F8C632002BF6D1C2690139B0F823
:10E3B000BC32B0F80EC211446344B1FBF2F19BB21F
:10E3C0008B42A0F8BC32E7D3024900F2BE2019F01C
:10E3D0009EBB00BF8DB6000108B5436893F89F202F
:10E3E00090332B2A09D1002193F950202C208A4206
:10E3F000A3F84E10D87305DB08BD40F22E21132080
:10E40000F2F76EFB40F231211320F2F769FB00BFF7
:10E4100008B50A794979FDF7ADFB4FF6FF739842CD
:10E4200000D108BD0921F3F705FC18B1162380F8C7
:10E43000F13108BD40F23D211320F2F751FB00BF3E
:10E44000D0F8883270B5002B47D013F8512C6FF4F8
:10E4500006710446022A03EB010503D01B68C4F8C9
:10E46000883270BD0821B5F8AE01F3F7E3FBB4F8CC
:10E470009830B5F8B2216FF0004CE6696FF0020EEB
:10E48000D21A13B242F3C031A3FB063206FB0122BB
:10E49000D5F8A8115B184FF0000142F1000213EB10
:10E4A0000C0C42F10002E64571EB02021AD3002B7C
:10E4B00041680BDB0622D4F88832C5F8E021002B36
:10E4C000CCD14FF457711320F2F70AFBDA430A4418
:10E4D000B2FBF1F292B20632EDE74FF45571132020
:10E4E000F2F7FEFA40F2E5211320F2F7F9FA00BF45
:10E4F0002DE9F04F45688BB095F89F302C2B05D057
:10E500004FF0020948460BB0BDE8F08F084606A957
:10E5100019F09FFAD5F83881B8F1000F04D140F214
:10E520006F311320F2F7DCFA082138F8670CF3F7A3
:10E5300081FBBDF82520B5F898306FF4057E0446C0
:10E54000D31A08EB0E071BB2002BB8BF5B429BB27D
:10E55000B3F5804F80F00581BDF8203042F2107C89
:10E560009DF81F604FF00009E98CBDF8220046EAD3
:10E5700003269DF824300CFB01F140EA0340079B81
:10E58000E165C3F317030699C7F8B81126616168FE
:10E59000C7F89801C7F8A831A7F8B221A368627D2F
:10E5A000E07D0096FDF7FAFC2669F860E368A27D3D
:10E5B0006168E07D0096FDF7F1FCB5F89820BDF8A4
:10E5C0002530079E9B1AD5F81CC0C6F31701C7F863
:10E5D000B4001EB243F3C0336FF07F42A6FB0C6061
:10E5E00076180CFB0303B14843F10003B21843F162
:10E5F0000001904279EB010297F8242038BF4FF0D8
:10E600002009002A40F0A380617DD7F898C1013924
:10E61000D4F804E00EFB01C1D5E9A02B396116EB5B
:10E62000020A21694BEB0300BAEB010160F1000023
:10E6300011EB0C0140F10000C7F8E811C7F8EC013C
:10E64000B9F1000F40F09580002BC0F2C68004960F
:10E6500004F1200A059250461BF0CDF8059A0646B3
:10E66000002800F0C780616F002900F00F81D7F803
:10E6700098016FF4047C51F8793C8C44984240F244
:10E680009B80434643F8041D636720460592FFF7CD
:10E6900069FA636F002B00F0038153F8790CD7F807
:10E6A0009831049AA0EB030C6245059A80F0D4805F
:10E6B0004FF000080592BEB1002150461BF056F9FC
:10E6C00094F8240012F014FF059A002800F0D4807A
:10E6D0000021049E5B465046CDE90111616801FBB3
:10E6E000186100910BF004FA638E01339844A7F887
:10E6F000E081237E012B00F0A080636F002B00F0EF
:10E70000CA806FF404729A181B68002B00F0B9805D
:10E7100053F8791CD2F89831D2F89C215B1A9342B5
:10E7200080F08B8001230022237695F8E03085F875
:10E730009F20013BA5F8DE205BB2934285F8E030D4
:10E74000BFF6E0AE40F2F6311320F2F7C9F9D7F880
:10E7500098C1A168D4F804E06144627D0EFB021107
:10E760005AE7EB8C42F210724FF01E0902FB03F3E2
:10E77000C36595F8E0300022013B85F89F20A5F89D
:10E78000DE205BB2934285F8E030DBDB87F8FC915A
:10E790009146A8F12200464987F8C82119F0B4F93A
:10E7A00048460BB0BDE8F08F56F8791C6FF4047E34
:10E7B0008842B6445AD8F446DCF81162002EF3D1F0
:10E7C00008F8046CA8F1040888F8016088F8026071
:10E7D00088F80360CCF8118257E7F34387F8DC919F
:10E7E0007344B3FBFEF399B20EFB0163C7F8D81173
:10E7F00004932DE7636F4046059240F8043D60673F
:10E800002046FFF7AFF9012404995B46A7F8E041E1
:10E810005046059A0091CDE901660BF069F995F82B
:10E82000E03085F89F60013BA5F8DE605BB2002B0D
:10E8300085F8E030BFF666AE84E795F8E030002258
:10E84000013B85F89F20A5F8DE205BB2934285F856
:10E85000E030BFF657AE75E7A3EB0008049B606895
:10E860009844B8FBF0F81FFA88F823E748F8046DDD
:10E870000026CCF8118208E740F2C9311320F2F7E4
:10E880002FF940F2CF211320F2F72AF940F292211A
:10E890001320F2F725F94FF433711320F2F720F922
:10E8A00040F2F5211320F2F71BF900BFFF86930415
:10E8B0000DB50001034608462DE9F0415E6882B0BF
:10E8C00006F1900801A919F0E5F806F5A076D8F848
:10E8D000A8400CB39DF805509DF8047002E0D4F8F0
:10E8E0001542CCB16FF405731C4494F8B431AB42BB
:10E8F000F5D10821B4F8AE01F3F79CF9037DBB42D2
:10E90000EDD19DF8063084F8F131B37D23B1B27EAC
:10E910009DF805309A4203D0002002B0BDE8F08196
:10E92000F27E9DF804309A42F6D198F8A230222B5C
:10E93000F2D00023B375EFE7704700BFD0F8A830DE
:10E940008BB190F8312003F8242CFF2103F8231C0D
:10E950001B6843B190F8312003F8242C03F8231CE2
:10E960001B68002BF6D170472DE9F047D1F80480E1
:10E970008CB0D8F88892B9F1000F00F0DF8007461C
:10E98000082139F86B0CF3F755F96FF40673054657
:10E9900009EB0304002800F0CC8098F8A43084F838
:10E9A000C031D8F83830C4F8BC31B8F82630A4F8F3
:10E9B000B631FFF7D7F8D4F8A461002E00F0A2809A
:10E9C000D4F8A0310DF10C08B4F8B2C194F890015C
:10E9D000002294F8A810A0F1030EBEF1010FA1F1DE
:10E9E000030ECDE90422CDE9062298BF0420CDF81C
:10E9F0001F20BEF1010F95F814E098BF04218DF897
:10EA00000CE094F8B4E18DF80F108DF80E008DF83D
:10EA10000DE0B4F8BC0095F81790C0F30B00D5F8E2
:10EA20000CE0D5F808A040EAC930BDF81090BDF858
:10EA3000181009F4E04921F47F6140EA0900B4F8B4
:10EA4000149021F00F01ADF8100010466AF3130086
:10EA500005908DF817E0CEF30B2E41EA0E01ADF8CC
:10EA60001810BDF8121069F30B01ADF8121094F8EC
:10EA7000BE10ADF81A10A17DADF81C1094F8B511B8
:10EA800001298DF81E1003D0D4F89C2122F07F427A
:10EA90008DF81F203846C2F30727120C41468DF827
:10EAA00020708DF8212094F8BF20E47D02F00F0241
:10EAB00042EA0412244C8DF82220B5F81520ADF856
:10EAC00023206A688DF82760A4FB02428DF82A3063
:10EAD000920AADF82DC0ADF82520C6F30722C6F383
:10EAE00007468DF82820C3F30722C3F307438DF8A8
:10EAF00029608DF82B208DF82C3018F081FE0CB099
:10EB0000BDE8F08742461F230DF10C082146009313
:10EB100028464346ADF80C60FFF702FABDF80CC07A
:10EB200049F8790C064649F8750C0346A4F8B2C1B9
:10EB30004CE740F281411320F1F7D2FF40F27F41D0
:10EB40001320F1F7CDFF00BF5917B7D108B54368BF
:10EB500093F89E20903312B92D229A7308BD40F28B
:10EB6000B6411320F1F7BCFF10B5446882B094F8A9
:10EB70009E302D2B02D0022002B010BD08466946FF
:10EB800018F032FFBDF80630B4F898209B1A1BB27B
:10EB9000002BB8BF5B429BB2B3F5804FD4F88832EC
:10EBA00037D2D3B313F8292C02F0FF00F2B14FF0A3
:10EBB000000C2021322284F82D11002184F89E209F
:10EBC000A4F8D81013F8292C02F0FF00AAB14420B1
:10EBD000D4F8882284F82C0122B31268C4F8882261
:10EBE000162203F8282C084602B010BD2E23A4F8E4
:10EBF000D80084F89E3002B010BDD4F8882284F882
:10EC00002CC17AB11268C4F8882203F828CC02B06B
:10EC100010BD13B14FF01E0CCBE740F2E3411320BF
:10EC2000F1F75EFF4FF4B7711320F1F759FF00BF02
:10EC300008B50022D0F8883280F89E2080F8DC20C9
:10EC400033B11A68C0F888221A2203F8282C08BDAC
:10EC500040F20A511320F1F743FF00BF2DE9F043C2
:10EC6000D1F8048087B0D8F88842002C64D06FF4C3
:10EC700006730746082134F86B0C1C44F2F7DAFFE0
:10EC80000546002853D0D4F8A861A6B3B4F8B20161
:10EC90000DF1080894F8243043BBD5F80CC06B681C
:10ECA000D4F898212D69B3FBFCF3511B013B0CFBFD
:10ECB0001311D4F8B831216141460293ADF8122006
:10ECC000C2F30742039BADF81500384666F31703FD
:10ECD0008DF81420C5F30F220393ADF810208DF8A2
:10ECE0000F5018F091FE07B0BDE8F0832D69D4F8FD
:10ECF0009821511BDDE7424621230DF108082146EA
:10ED00000093B1464346ADF80860FFF709F96B8EF2
:10ED10000646C4F8A8010133BDF80800C4F8D8912C
:10ED2000A4F8E431A4F8B20184F8DC91B2E740F22F
:10ED300016511320F1F7D4FE40F214511320F1F7CD
:10ED4000CFFE00BF08B5436893F89E102E291DD151
:10ED500003F1900200219173D3F8883282F84C10AD
:10ED60007BB113F8512C6FF40671012A0B4400D0CB
:10ED700008BD4FF0FF310222C3F8E01183F8C8212B
:10ED800008BD40F23B511320F1F7AAFE40F2345186
:10ED90001320F1F7A5FE00BF1F29034610B509D0C7
:10EDA0000220D3F8881281B10C68C3F8884201F8B8
:10EDB000282C10BD90F89E102D29F1D10021084675
:10EDC00083F89E1083F8DC10EBE740F26A511320C1
:10EDD000F1F786FE2DE9F04F85B09DF83840002A06
:10EDE00000F08780D0F8D87190F8DC8190F8B5E118
:10EDF000002C51D0581E8E680D686CEB0C0CD1F8AD
:10EE00000CA0A6FB029B0B7902903318CDF80CC026
:10EE10004AEB0C0CB5EB090502FB0ABBEDB2BEFBDD
:10EE2000F2F00090501E451B0190BEFBF2F005FB76
:10EE300010E5EDB2A54256D1E04508BF9F4252D140
:10EE40000D6848460B79013543F100030D6001362A
:10EE50004D6803F0FF034AF1000A121863F3070537
:10EE60004BF1000B4D600D680B795B4508BF954277
:10EE700067D00B680A79B3EB0900019BC0B201347B
:10EE8000181A009B00FB13E0C0B2201AB0FA80F001
:10EE9000400905B0BDE8F08FF81A68F1000CBCF12C
:10EEA000000F47DB0130D1F800900E794CF1000CD7
:10EEB000A2FB00AB02FB0CF5D14500FB04555D4401
:10EEC000AE411AD3013BD1E90205BEFBF2F66CEB71
:10EED0000C0C1B18A2FB000B02F1FF3245EB0C0CD3
:10EEE000009681460192E04508BF9F420A68097971
:10EEF00024D0002005B0BDE8F08F0CF0FF06C1F86B
:10EF000000A005F0FF05D1F804C0013B65F3070C34
:10EF1000C1E90206C1F804C06CEB0C0C1B18A2FB83
:10EF2000000B814646EB0C0CBEFBF2F0013A009060
:10EF30000192D8E74FF0FF308446B3E7B2EB090007
:10EF40009BE7029B9146039AF3188E60C1F80CA0D0
:10EF50004AEB020CC7E700BF30B504680279013400
:10EF6000836842F1000204604468013302F0FF024A
:10EF700062F30704C268446042F10002A1FB03E4AB
:10EF8000056890F804C001FB02418C4508BF754537
:10EF900008BFC0E9023230BD10B5044614F094FE3B
:10EFA00008B9002010BDE04314F08EFE0028F8D010
:10EFB000E31683EAA4635A1E1A42F2D0E3B25A1E41
:10EFC00013405A1E1342ECD0A0B218F0E3FE0B28F7
:10EFD000E7D8204618F0DAFE1828E2D8A3B2B3EB3F
:10EFE000144F04D184EA142313F0FF1FD9D0044B2B
:10EFF00063405A1E1A4214BF01200020D2E700BF0E
:10F00000D6BE898EF0B5070C164BA7F5AA4203EAC7
:10F010009023543A012A20D927F4004042F6AA222C
:10F02000801A18BF0120002216211F24164687EAE5
:10F03000060562EA0505013511D0DD0301394FEA05
:10F040005303ADB245EA56064FEAC4354FEA5404BD
:10F05000ADB245EA5202EAD1F0BD0020E3E700205C
:10F06000FAE700BFE0FF3F00F8B58D1F40F67A4C8D
:10F070000746BDF82460ADB21046BDF818206545BE
:10F080003BD8841FA4B264458CBF002401242546CC
:10F09000AFBB1D4F3F796FB15CB96FF450654D192F
:10F0A000062D06D86FF450640419062C8CBF00247A
:10F0B00001242546FDB1814224D803FB0666B6F53E
:10F0C000FA7F1FDCA2F10A0340F676449BB2A3420A
:10F0D00018D814F081FF42F2107300FB06F15A4376
:10F0E000B2EB410F0ED9BDF81C50BDF8200085428F
:10F0F0008CBF002501252846F8BD0024C7E797F8F6
:10F100008170C8E70025F6E7700D0021F0B50278A0
:10F110000346DFF894C001F10C060A70002542781E
:10F1200040F2712E4A7082788A70D0F80320C1F8BC
:10F130000320B0F80720A1F80720427A4A7294070A
:10F140009CF8200001F1240481F8490002F001003C
:10F1500048BF0130520744BF0130C0B2EAB290420A
:10F1600007D89CF8393081F84830002381F84A30BC
:10F17000F0BD03EB0512013557890EFB07F746F882
:10F18000047B97890EFB07F7B760D78924F8027BC9
:10F19000178AA780578A6781978A2782D78AE7824A
:10F1A000128BA283DAE700BF700D0021012821D85D
:10F1B000022B0DD1A2F57A70104B98421CD8A1F504
:10F1C0007A70984218D88A428CBF1220002070476B
:10F1D0000B48824210D8012B07D140F252739A4259
:10F1E0000AD9A1F6C410074BEBE7042BF9D140F67E
:10F1F000C313F4E71220704730207047A7F970025C
:10F200008FFD7002CBF370020138C0B2032808B53D
:10F2100004D940F20B310620F1F762FC014B185C77
:10F2200008BD00BF285503010138C0B2032808B546
:10F2300004D940F20B310620F1F752FC014B185C67
:10F2400008BD00BF925503010138C0B2032808B5BC
:10F2500004D940F20B310620F1F742FC014B18446F
:10F26000807A08BD1056030110B503210020F2F783
:10F27000E1FC044670B90321F2F79EFC044620B974
:10F2800040F245313920F1F72BFC034B93F9441040
:10F2900019F0F4FB204610BD700D002110B5044696
:10F2A0000A48F8F70DF90A492046FAF76FF82046A0
:10F2B000F7F796FF38B12046F7F7CEFF2046F8F76C
:10F2C000F5F8002010BD1220FCE700BF8C0D0021D6
:10F2D000940D00212DE9FF4106788046012E40F073
:10F2E000988031460020F2F7A5FC054620B940F68B
:10F2F000CD613920F1F7F4FBB8F80430002B40F071
:10F300008280F7F7F1FD00287FD195F83031002B8E
:10F310007DD12846FFF7C2FF044600286FD1584F21
:10F3200031463046F2F786FC97F83810064619B198
:10F3300010B940F6E961DCE73A7F0023CDE90233FA
:10F3400012F001031CBFF86A0290520741BF04AAE1
:10F3500002EB83037A6B43F8082C002945D096F81A
:10F360003031002B41D0B8F80230002B3DD13B7F2B
:10F370003046BA6A009302ABB97FF7F7F5FFA0B346
:10F380003046FAF77BF806F14003804605F140026B
:10F39000703653F8041BB34242F8041BF9D12846D7
:10F3A000FFF77CFF024610B140F60B71A1E7B8F100
:10F3B0000C0F07D101462846FAF74AF8F8B940F68B
:10F3C0000F7196E7B8F1000F02D040F6147190E784
:10F3D0007B7F2846296D43F0040385F85430F9F704
:10F3E000A3FF60B940F6167183E7B8F804202846F9
:10F3F000B8F80210FAF72CF8002808BF07242046B6
:10F4000004B0BDE8F0811124F9E73A24F7E70C24B1
:10F41000F5E701210020F2F70DFC054610B940F692
:10F42000297166E7F9F770FF04460028E7D195F8DF
:10F43000543095F8B42022B195F8B520134385F8DF
:10F44000B400053B012BDAD82B6D13B940F63971A6
:10F450004FE701210846F2F7EDFB29464FF4A07271
:10F46000064613F0EFF90423316D304686F8543028
:10F47000F9F75AFF0028C2D140F63E7139E700BFC4
:10F48000700D0021114BF7B59C7E0646DD7E9F8BEB
:10F4900014B903F00FF80446A5B903F00BF80546BC
:10F4A00014B9092003B0F0BD0028FAD0304601A9F4
:10F4B0008DF804408DF80550ADF8067017F058FC33
:10F4C0000020EFE7002CF1D1EBE700BFF4110021A1
:10F4D0002DE9F0439946694B044685B018680F46FC
:10F4E0001B790021029020461646654D8DF80C30A0
:10F4F00003F070FD634B20462780C4F83832AB68B8
:10F5000040F8443FFAF750FD804602F0CDFF2B7CD7
:10F5100010F0200FA4F84E8084F84C305A4B0EBFE8
:10F520001B22AA8869881B6814BFA4F86E10A4F86F
:10F530006E20A4F870201BB194F9801038469847CB
:10F54000524F3B79003B18BF012384F88130504B68
:10F550001B681BB107F10801208898474D4B1B68B9
:10F5600013B14D492088984704F1280840461BF004
:10F570001AF8494BD7F83A00424659681B8903C22A
:10F58000697804F114001380AB886A880333019111
:10F59000033229789BB2009192B204F11801F2F77C
:10F5A000CDFB636923B941F24B113920F1F798FA89
:10F5B000A36913B941F24C11F7E714F061FC206222
:10F5C000B9F1000F04D004F0D5F820F07F40A0631B
:10F5D00096F84A2006EB4202508D14F0FDFC41F6ED
:10F5E0004B530146984246D9908C40F2E24214F0C7
:10F5F000F3FCFAF769FF40F2E2430146E16120467D
:10F60000C4F81012A4F8143296F84A20E96806EB00
:10F610004206338EA384F38EE384FAF7C1FC02A979
:10F6200004F1A60017F014FCFF2384F83C32FB6CB5
:10F6300023B1012204F5A171204698472046FFF727
:10F6400021FF054604F096F80C230121B0FBF3F2EC
:10F6500002FB13032046DBB25A1DD2B2082A96BF22
:10F660000D3384F8B22084F8B23003F0B3FC28469E
:10F6700005B0BDE8F0834FF47A73BFE74C5E030139
:10F68000F4110021B50D002184010021700D00212D
:10F690009801002194010021AA0D00212DE9F743D2
:10F6A0000F460F21804616461D46F2F7C3FA044660
:10F6B00000283DD06946404617F0CCFA20B140F210
:10F6C000DB413920F1F70CFA684614F074FC90F82D
:10F6D00065309B072ED52846DDF8048019F0D9FC4B
:10F6E00004F15B01A8B1144B1B6813B940F2E74168
:10F6F000E7E72A463046984740B9A4F85860A4F88E
:10F700005B7084F85A50FF2388F8543103B0BDE889
:10F71000F0830A4BD3F80090B9F1000F02D140F208
:10F72000ED41CEE72B4604F17D023046C847E3E7C2
:10F730000220EBE71A20E9E79C010021A00100214B
:10F74000034B044A1A60044B044A1A60704700BF16
:10F7500090010021D999010178010021459601010C
:10F76000014B024A1A6070477C01002139A0010157
:10F7700038B517F01EFA002503F036F91C4C02F0DC
:10F78000A7FE18F0BFF903F0B7FC04F0DFFE03F0AA
:10F79000E7FC012002F060FE164B174A29465D8304
:10F7A0001A601B22DD839A80F9221D841D76134B7B
:10F7B00022835868124A1B8922601422E06104F1F6
:10F7C00024002384A576A580A57513F0B1F8012344
:10F7D00042F2107204F13A0084F8455084F8243063
:10F7E00084F83930C4E90A22BDE838401AF0E1BE95
:10F7F000700D0021F411002103021B0028550301A4
:10F800001B004801044B41F64C521B215A611974EC
:10F81000C3E90222FFF7ACBFF411002173B5384DE4
:10F820000446AB6840F8443FF4F7B2FB064602F0EA
:10F830003BFE2B7C10F0200FA4F84E6084F84C3077
:10F84000304B0EBF1B22AA8869881B6814BFA4F81E
:10F850006E10A4F86E20A4F870201BB194F98010EB
:10F860002088984728490B79003B18BF012384F86A
:10F870008130264B1B6813B108312088984794F8D3
:10F8800081302046002B41F64C5318BF4FF47A7359
:10F89000E361FFF7F7FD064648B102212088F2F741
:10F8A000DFF940B340F2C1513920F1F719F9184B93
:10F8B0001B6813B101462088984704F128001AF00C
:10F8C00072FE6978AB8804F114006A8801910333F1
:10F8D000297803329BB2009192B204F11801F2F739
:10F8E0002DFA636913B940F2D651DDE7A3691BB95C
:10F8F00040F2D751D8E70926304602B070BD00BFAC
:10F90000F411002184010021700D002198010021D3
:10F91000940100212DE9F34105460E4619F0F3F854
:10F92000002800F0AE80284619F083F930B1B6F80F
:10F930000130013B7F2B01D9122404E0284619F045
:10F940007CF920B90C24204602B0BDE8F08128469D
:10F95000F4F702FD0028F5D1284619F079F8804621
:10F960000028EFD1284606F0B1FA0028E4D042F290
:10F970001073B6F80170F17828465F4319F041F929
:10F9800004213078F2F756F9044606213078F2F770
:10F9900051F9002C77D038B141F665113920F1F7D3
:10F9A0009FF8044690F8BD80404E3368002B6CD021
:10F9B0004034204619F063FF002866D0204619F035
:10F9C0001AFF002861D1B8F1000F08D0384B20464B
:10F9D0001B689847002858D041F67911DEE7354971
:10F9E0004246336820464969984700284DD041F681
:10F9F0007E11D3E7284619F01CF940B902210DF118
:10FA00000600F2F7A1F8064658B90D249BE72846F0
:10FA100019F021F90028F1D1274B1B79002BEDD1EA
:10FA20008AE7002103F084FABDF806302846314603
:10FA3000338019F025F9284619F00DF9A0B92846A8
:10FA400019F013F901463046FFF7E8FE0446002896
:10FA50007FF479AF3A4631462846F4F781F90446F7
:10FA600020B141F6AA1199E70121ECE7124BDB6CBA
:10FA7000002B3FF468AF024606F5A1713046984767
:10FA800061E742245FE700288BD1284619F0C5F8CA
:10FA900001460028AED13A462846F4F761F90446FB
:10FAA00000283FF450AF41F6871177E7900100211D
:10FAB0008C010021F4110021700D00210378032B2B
:10FAC0009DBF03F00103034A0020112098BFD377A4
:10FAD000704700BFF4110021064B01889A889142BB
:10FAE00006D3B0F8032091B211B100201A847047F8
:10FAF00011207047F41100212DE9F3411C4F0646F7
:10FB0000FB7F8BBB0C2002B0BDE8F08106EB8503C8
:10FB10006946B3F80380B3F801004444A4B217F077
:10FB200099F8E8B9684614F046FAC38C434519D3EE
:10FB3000A3EB0803C38490F830303BB990F8313020
:10FB400023B1C38C13B9684604F012FA0135327838
:10FB5000ABB29A42DAD83B8C00201C443C84D2E7FA
:10FB60000220D0E71220CEE700252C46EFE700BFA9
:10FB7000F4110021014B93F944007047700D0021EE
:10FB8000B0F90020F8B514B292B202F5A0639BB2AE
:10FB9000B3F5206F36D8B0F902301DB29BB203F531
:10FBA000A06189B2B1F5206F2CD802F2F64140F283
:10FBB000BE5089B2814227D803F2F64189B2814210
:10FBC00022D8002C4FF00A00C4BF093214B2002D15
:10FBD000C8BF093394FBF0F4C8BF1DB203F094FA18
:10FBE0000A2167B2064695FBF1F1384649B203F0A7
:10FBF0007DFA074B1B684BB1A01B40B208B1984778
:10FC00000020F8BD3020FCE71120FAE71846F8E79D
:10FC100088010021034B5A8802801B7883700020E2
:10FC2000704700BFF41100217FB5837806461A2B78
:10FC300009D8042B05D9012202FA03F3314A1342F1
:10FC400005D112251AE0292B01D03B2BF9D13088A0
:10FC5000B0F5706FF5D2694616F0FCFF88B9019BCC
:10FC600093F8402102F0FF05C2B9B27883F8412130
:10FC7000FF2283F84021684617F01DFF284604B094
:10FC800070BD09213088F1F7D5FF0446002837D030
:10FC900002A9B0F8AC0116F0DDFF08B10C25EDE7C4
:10FCA0000821B4F8AE01F1F7C5FF20B94FF40F6198
:10FCB0003920F0F715FF03781BB994F8C831032BEE
:10FCC000ECD1039B93F85621002AE7D194F8F02158
:10FCD00002F0FF05002AE1D1B4F8B021A3F85821C1
:10FCE00094F8B42183F85A21027D83F85B21B2781D
:10FCF00083F85C2184F8F021FF2283F85621BDE7C8
:10FD00000225BBE72000380438B50478427804F0B7
:10FD10000103857804F0020452EA030101D11120A5
:10FD200038BDBCB9002DFAD0002B08BF144601E045
:10FD300000242546204614F0C4FA0028EFD02846B7
:10FD400014F0BFFA0028EAD0054B00209C76DD763F
:10FD50009883E5E7002BEBD114461D46EAE700BF88
:10FD6000F411002113B50088694616F073FF18B12D
:10FD70000224204602B010BD9DF80030019863B9FE
:10FD800014F037F90028F3D0684614F014F9019BF9
:10FD900093F8522122B13A24EBE714F038F9F1E755
:10FDA00090F85C2002F0FF04002AF4D190F8532070
:10FDB000920706D1FF2283F85221684617F07BFE96
:10FDC000D7E70249543017F0A8FED2E76B8402014E
:10FDD0002DE9F84303780446032B03D9122528465E
:10FDE000BDE8F8834378032BF8D8437E85780BB9B8
:10FDF000012DF3D115F0F80FF0D1A80751D5022D40
:10FE0000ECD1504B5B79002BE8D002F053FB35EA84
:10FE1000000340F0928094F8029019F0010506D09A
:10FE200001232269A168E078FFF7C0F9054619F0BF
:10FE3000020F07D002232269A168E078FFF7B6F924
:10FE40000543EDB219F0040F07D004232269A1681D
:10FE5000E078FFF7ABF90543EDB2002DBFD1B9F162
:10FE6000050F0FD194F804900423E16862694846B5
:10FE7000FFF79CF900285ED1E3784B455DD1A3687C
:10FE800099425AD1237E013B062BA7D8012100209D
:10FE9000F1F7D0FE814638B940F6CE513920F0F75F
:10FEA0001FFE69079AD0B0E7C030F9F737FA18B1EA
:10FEB00099F854309A0742D194F819C0E278BCF10D
:10FEC000000CA178A06818BF4FF0010C012AB4F80B
:10FED000009014BFB2FA82F2022294F818E018BF20
:10FEE0005209CB071ED54B0727690BD56669BB198D
:10FEF000984207D243089F4228BF1F46C31B9E4219
:10FF000028BF1E460F4B19775A77A3F81E9083F827
:10FF100020E083F821C083F82410C3E90A07C3E96D
:10FF20000C865CE7022902D1D4F81080EAE74B077F
:10FF300048BF2669E6E7054651E711254FE70C253E
:10FF40004DE700BF700D00212DE9F041044688B057
:10FF5000002002F081FA23788DF8043063788DF860
:10FF60000530A37803F001058DF806305B0748BF24
:10FF7000013502F09FFA9DF8063083434AD10DF116
:10FF8000070003A904F1030840F2712E0E468446CF
:10FF9000DAB2954219D8214B93F8202093F83930E2
:10FFA0008DF81C20A2788DF81D3032F0050333D176
:10FFB00012F0050F30D01A4CDAB2954217D801A8CA
:10FFC000FFF706FF08B0BDE8F08103EB83020133C1
:10FFD00018F8027022440CF8017B9788D2880EFB37
:10FFE00007F70EFB02F246F8047B7260D0E710F8C8
:10FFF000012B012A10D88A680E46A2F6C412A2422A
:020000040101F8
:1000000006D8326804310133A2F6C412A242D3D911
:100010003020D7E71120D5E71220D3E7700D00215B
:10002000CBF3700200B589B0437940F271218DF8AD
:10003000043083798DF8053001238DF8063003787C
:100040008DF80730B0F801304B430393B0F803202C
:100050004A430D4991F820100592A2F6C4128DF87A
:100060001C1000218DF81D1008498A4209D8A3F6FA
:10007000C4138B4205D801A8FFF7AAFE09B05DF8AA
:1000800004FB3020FAE700BF700D00213C369C00D5
:100090002DE9F04F437A04468FB0980705D5924A70
:1000A000127912B943F001036372657A690704D1CA
:1000B000122630460FB0BDE8F08F15F0F80FF7D1DB
:1000C00002F0F8F935EA000340F0928094F84830E5
:1000D00053B9012DECD1A369844AA3F2537393421F
:1000E00000F26A81012602E015F00106F3D1AA07A9
:1000F00045BF731CB2464FF0FF0ADEB26B070AD54C
:10010000B31D7B4A54F82330A3F6C413934200F284
:1001100053810136F6B204F1080704F122054FF0CD
:1001200000095FFA89F846452BD823789A1E022ADF
:100130005ED9012BBCD813B9A378012BB8D863784A
:10014000032BB5D894F84930013B062BB0D8664E46
:1001500001210020F1F76EFD96F838300546002B9E
:100160005FD101210846F1F765FD002818BF05465B
:1001700005F1C000F9F7D2F8074600286BD00C262D
:1001800097E7C24536D07B680493049A3B69934253
:100190008ED8012069882A89EB89B5F814B00390BC
:1001A000288C05910290688BCDE900B00020CDE944
:1001B0000623FEF759FF002800F0FE80B8F1000F7B
:1001C0002AD02888059988427FF472AFE988069A78
:1001D00091427FF46DAFAA89079B9A427FF468AF82
:1001E0006B8A5B457FF464AF3B68049A9A4213D0F4
:1001F00011265EE7012E0FD13A693E48A2F57A73C7
:10020000834200F2D9807B68A3F57A71814200F2C3
:10021000D3809A423FF64CAF09F101090437023509
:100220007FE7C030F9F77AF800289AD06FF00043E2
:10023000D5E930129A4208BFB1F1FF3F91D1637AFC
:100240002846E268009304F118036178F7F78CF808
:100250000746002885D02846F6F74CFE08B13A2616
:1002600027E72846F6F740FE0028F8D1B37E43B9C9
:10027000CDE9093306238DF82A3009A8F1F714FDDA
:10028000B8B100210DF12200F1F75EFC8046002894
:1002900000F0908001232246BDF82210FFF718F9E4
:1002A000064620B94046F9F78BFE47B168B10646CD
:1002B000C7E0099B93F8A530802BDED05FE70028CC
:1002C000F5D161782846F6F7C3FF04F1030AA27856
:1002D000217828465346F6F75DFF00286ED1002F9F
:1002E00066D11220E3E700BF700D00213CF67002DA
:1002F000CBF37002A7F97002637A8DF8247013F0C3
:100300000102E16818BFA0690A911EBF0B9001208D
:100310008DF824009F070DD5022B09D1901D54F8AC
:1003200020000C909DF8240040F002008DF824007D
:100330000132D2B2580709D5063254F822200D9264
:100340009DF8242042F004028DF8242003F00503D8
:10035000052B0ED10B980D9A8318994209D24B08A0
:10036000834228BF0346C91A0B93914294BF0D9153
:100370000D9209A92846F9F709F894F8481028467B
:10038000003918BF0121F6F701FF94F849102846FB
:10039000F6F7D2FE2846F7F789F841462846F8F7DF
:1003A000C3FF00287FF485AE07264AE00B2648E00D
:1003B000122646E00D267CE630267AE617B9284656
:1003C000F6F74AFF5346A27821782846F6F78CFFC5
:1003D00094F80990B9F1020F05D002F06BF809EA20
:1003E000000909F0050949462846F6F7A9FE17B99C
:1003F000042385F85430C5F850805246A07813F095
:10040000D0FD01462846F6F78BFF237833B95246D4
:10041000A178404613F0ACFE0028C7D10121284640
:10042000F6F79AFF01212846F6F79AFF002F3FF4CE
:1004300063AF04212846F6F7DDFE00287FF439AECD
:100440000C26B8F8000002F0C3F80021B8F800004C
:10045000F1F706FC00283FF42CAE41F2124139209E
:10046000F0F73EFB10B5437994B0032B57D823F037
:10047000020302798DF80630D0F806308DF804209A
:10048000CDF807304389027BADF80B3001238DF89E
:10049000052040F271228DF80D30038853430493F8
:1004A00041884A430792A2F6C412847B417B41EA09
:1004B0000421ADF82810047CC17B41EA0421ADF889
:1004C0002E10847C417C41EA0421ADF83410047D77
:1004D000C17C41EA0421ADF83A10417D847D41EAB6
:1004E0000421ADF84010C17D007E41EA00210E4894
:1004F000ADF8461000218DF84C108DF84E100B49C8
:1005000090F820008A428DF84D000AD8A3F6C41353
:100510008B4206D801A8FFF7BBFD14B010BD122016
:10052000FBE73020F9E700BF700D00213C369C004E
:1005300030B5044695B0002001F08EFF01A9204699
:10054000FEF7E4FD054601F0B5FF9DF80D4034EAE5
:10055000000302D0112015B030BD14F0050F1ED0DD
:1005600014F0F80F1BD101F0A5FF8443F2D104ABC6
:100570000C49E2B2954203D801A8FFF789FDEAE7EA
:10058000DA681846A2F6C4128A4206D80268043312
:100590000134A2F6C4128A42EBD93020DBE71220E4
:1005A000D9E700BFCBF3700273B506230024CDE971
:1005B00000448DF806306846F1F776FB58B1002606
:1005C00001210020F1F736FB054698B941F244417C
:1005D0003920F0F785FA009C94F8A530802BEAD0FA
:1005E00094F80931002BE6D194F8A430002BE2D125
:1005F0000126E5E7C030F8F791FE244B93F8383038
:1006000083B3F0B195F85430053B012B19D8284637
:10061000F8F734FF044610B141F24F41D8E72846BD
:10062000F6F76EFC95F854302246214623F0040379
:10063000284685F85430F8F70BFF80B941F2544151
:10064000C6E701210846F1F7F5FA054610B941F26F
:100650005B41BDE7C030F8F761FE68B90C24204665
:1006600002B070BD30B9002EF8D0FF2384F8A4305A
:100670000024F4E7002EF8D12846F8F7FFFE0446E0
:100680000028ECD12846F6F73BFCE8E7700D002186
:100690002DE9FF41077804460D46EF2F01D91225B9
:1006A000A5E0B0F80130ADF80C309DF90C209DF8B4
:1006B0000C30002AF3DB9DF80D209607EFD1D80609
:1006C0006CD4990603F0030265D5002AE7D11A0716
:1006D00003D503F06703012BE1D163781E0711D422
:1006E0002179E278E07942EA0122617942EA014225
:1006F000A17941EA0021207A41EA00418A42CED81C
:100700001F2ACCD9627A013A062AC8D8A27A032ACB
:10071000C5D813F0040102D1023A012A03D8E27AC3
:10072000012ABCD811B9A27C032AB8D813F0100151
:10073000227D44D0012AB2D1237E012BAFD80029DB
:100740004DD06378D80703D501F086FD00284DD041
:100750006378227D03F0180108295AD1022A45D175
:100760001B0709D4E279A37943EA0223227A43EAF8
:100770000243B3F5804F39D81FFA87F8032140466A
:10078000F1F758FA0646002849D0F3F7E5FD0028AE
:1007900051D00C252BE0032A99D180E713F0600F8C
:1007A0007FF47DAF03F00F0203F00703052B94D015
:1007B000931E012B91D9002A7FF471AF8DE7022A95
:1007C00004D103F06F03092B7FF469AFA37D013BD4
:1007D000022B3FF664AFE37D0F2BADD95FE701F04D
:1007E00069FE81070AD4237D022B04D111252846F6
:1007F00004B0BDE8F081A37D022BF7D001F05AFED2
:1008000042079ED4237D032BF0D0A37D032B98D1E8
:10081000ECE7022AA4D0A27E002AA1D0E6E70321B9
:100820004046F1F7C9F90646002840D0214B93F91C
:10083000441018F023F90021384618F0A9FD18BB20
:10084000304618F0E7F921462870E074304605F08C
:1008500095FB637E0546002BC9D00028C7D1024610
:10086000F16C6846F1F746FB2A46F06C012113F063
:100870000AF9F16C68460422F1F73CFB2A46294646
:10088000F06C13F000F9B2E7403018F0F8FF0028E0
:10089000D6D0637813F0330F7FF401AFA77D3046D5
:1008A00018F0E3F9FEF7B0FC8742C9D071E70725DD
:1008B0009DE700BF700D002130B502798BB0034673
:1008C000042A58D84488B4F5804F54D82B480021C6
:1008D0001044ADF804108DF80C10827C457B42F07A
:1008E00010028DF8211042EA4502C57D007F42EAE0
:1008F000850242EAC00202F01F028DF80420BDF812
:100900000420ADF80D201A888DF81240240A8DF8C5
:100910000F20120A8DF811108DF814108DF8102088
:100920008DF813405A7BD3F807008DF815205A79BB
:10093000069003A88DF816209A798DF81720B3F841
:100940000B209B7BADF81C208DF81E307F238DF88B
:100950001F3001238DF820308DF822308DF82310C0
:100960008DF824108DF825108DF8261001A9FFF7B9
:100970008FFE0BB030BD1220FBE700BF28550301EE
:10098000F7B5B0F801200546B0F803309A4202D915
:10099000122003B0F0BD052AFAD9052BF8D9B0F81A
:1009A0000530002B40F09C8003210078F1F742F9DC
:1009B0000646002800F0968018F033F90028E7D1A9
:1009C000304618F048F90028E2D1304618F025F9F1
:1009D0000028DDD1304618F028F901460028D7D18B
:1009E000287818F0D5FC0446002852D10621287832
:1009F000F1F720F90746002852D1BCB92F7806201C
:100A000012F02DFFBFB200285DD006213846F1F765
:100A1000D3F8002857D080F8BD400446354B204617
:100A20001B68984706F12803C4F88830E28D94F8D3
:100A3000300094F834104FF6FF7301F0FF070029DF
:100A400054D19A4294F8351046D0002814BF3B2761
:100A50002327A06813F0A5F8B5F80320014640F25B
:100A6000E240737942432046009718F0DDFC0028ED
:100A70003AD004F14001284613F06AFB73793046FE
:100A8000237418F0C7F80146204618F0DFFC002058
:100A90007FE7403018F0AFFE0028A7D00C2078E7A1
:100AA00090F8BD303BB10146287818F0B9FF114BE2
:100AB00038461B68984706F12803C7F8883000239A
:100AC00087F8BD3099E704213846F1F775F80446F8
:100AD0000028A3D107205CE7002918BF0927B8E741
:100AE000112056E7422054E7452052E79A42ACD104
:100AF0000927AEE7780100212DE9F74307460321D6
:100B00004078F1F797F80546002800F0B8800421F6
:100B10007878F1F78FF8044606217878F1F78AF8AB
:100B200006462CB1C0B141F624313920EFF7D8FF89
:100B300018B90C2003B0BDE8F083044690F8BD90CE
:100B40003B7804F14008DB07404640F18B8018F009
:100B500052FE18B10020EDE78146F1E7284618F073
:100B600060F80028E5D1284618F075F80028E0D193
:100B7000284618F052F80028DBD1284618F055F81E
:100B80000028D6D13B78C3F34003A373B9F1000F1B
:100B900032D06B794046627B237495F846301B094E
:100BA00063F30712627308F00BFF0028C2D156B13D
:100BB000B9F1000F07D013F063F9344BC6F8900079
:100BC0001B7E86F8A33013F05BF9206002F0D2FDA3
:100BD00020F07F4060602846F3F7BEFB0028B9D0C4
:100BE000B9F1000F32D02A4B40461B6898470028C5
:100BF000B0D041F6773198E7A06812F0AAFF00283C
:100C000097D1E28D94F8300094F834104FF6FF73CA
:100C100001F0FF07002934D19A4294F8351011D021
:100C2000002814BF3B272327A06812F0BAFF6B7976
:100C3000014600972046226F18F0F6FB0028A8D145
:100C4000452077E7002918BF0927EDE7114B4A46F1
:100C50004046596908F0C0FE00283FF47BAF41F6DA
:100C60007C3162E7B9F1000F04D003B0BDE8F04376
:100C700018F0D8BE03B0BDE8F04318F099BE42208A
:100C800058E79A42CCD10927CEE700BF700D00216A
:100C90008C010021F4110021037813F0F80F73B5D3
:100CA000044640F0AA8013F0010307D142780F2ACE
:100CB00000F2A5808278012A00F2A180B4F8092010
:100CC000B2F5FA7F80F09B80B4F80B2043F6F67102
:100CD0000A3A92B28A4200F29280627B1F2A00F2A4
:100CE0008E8002F01702172A03D10C24204602B08E
:100CF00070BD4BB9E51CCDE9003305238DF80630F6
:100D00006846F0F7D1FF38B105216846F0F71CFFBF
:100D1000054688B90724E9E700986378827A9A4201
:100D2000EED100F10C012B46A278C07A15F042FFFB
:100D30000028E5D00B24D9E7324B0146BDF800006E
:100D400005F150061B689847BDF8003030462B81EE
:100D5000237883F00203C3F34003EB742378C3F3D7
:100D600080032B756378AB72A378EB722378C3F39F
:100D70000003AB75637B2B76D4F80330EB60B4F8DB
:100D800007302B82A27A637A43EA022342F210727E
:100D9000A5F88830B4F80B305343C5F88C3008F010
:100DA00015FE58B10521BDF80000F0F759FF0028E5
:100DB000B0D041F6B5613920EFF792FE2846F6F73C
:100DC000DDFB044680B1304618F0F2FD10B141F66B
:100DD000BB61F0E70521BDF80000F0F741FF0028F6
:100DE00083D041F6BC61E6E7074B1B68002B3FF45C
:100DF0007DAFBDF80000984778E7112476E712240C
:100E000074E700BF7C01002180010021014913F03B
:100E10000CB900BF780D002113B50378044653B117
:100E2000002301A801930DF067FF019B9B0702D0EF
:100E30000C2002B010BD22780020014B1A71F8E797
:100E4000700D00210278034672B1427862B1428887
:100E50001A2A09D982881A2A06D90068034A10601A
:100E600000209B889380704712207047F411002166
:100E700002680020014B9A60704700BFF411002106
:100E800002680020014BDA60704700BFF4110021B6
:100E90000378A3F10A02112A9BBF024A0020122004
:100EA00013747047F41100210378FF2B16D1437897
:100EB000FF2B13D18378FF2B10D1C378FF2B0DD1DB
:100EC000037923F0E0021F2A08D113F0E00F05D0C8
:100ED0005B09034A002082F82030704712207047D7
:100EE000700D00210378012B9DBF03F00103034A1D
:100EF0000020122098BF82F839307047700D002111
:100F000002680020014B5A61704700BFF4110021B4
:100F1000014B187600207047700D0021014B587668
:100F200000207047700D00212DE9F04F04468BB072
:100F300000780491FAF7F4FDA37B08210393F0F7FE
:100F400079FE0646002842D0466F002E3FD06FF44F
:100F500004714FF000084FF00E09771846460DF166
:100F60002602214697F8B401FBF736FDA0B9039D90
:100F70000135EBB2039397F8BF30002BFB7D18BF10
:100F80000126002B18BF4FF00108D7F81172FFB1EE
:100F90006FF404721744E2E79DF8263009FB034220
:100FA000B2F8112052B109FB0343B3F81330002B00
:100FB000EBD197F82830002BE7D003E097F8D0204A
:100FC000002AF0D00C2630460BB0BDE8F08FB046BA
:100FD000039B1F2B00F2EA802378EF2B00F2E680C0
:100FE000B4F8092040F67C41131F9BB28B4200F2FB
:100FF000DD8094F80EE000230E20D9B28E4554D83F
:101000007EB1A178637843EA0123E17843EA0143A2
:10101000944903F18073FF3B23F07F438B4200F23E
:10102000C580B8F1000F0FD06179237943EA01231D
:10103000A17943EA01438B4903F18073FF3B23F01D
:101040007F438B4200F2B280E379002B00F0AE8048
:10105000237A002B00F0AA80E37A072B00F2A68007
:10106000237B012B03D9BEF1010F00F29F80637B2C
:10107000022B059355D000F2998040F2E243A0463E
:1010800026464FF000095343069304F10F030793DC
:101090005FFA89F2964517D801F00CFA039B0646D1
:1010A0000E2B40F29B8009268DE700FB03410133A4
:1010B000B1F81170B1F81310002F18BF01260029E4
:1010C00018BF4FF0010898E7F07BEF286ED8002397
:1010D000D9B28E4527D896F810A00AF1FF331E2BFF
:1010E00064D80E2303FB0941B1F81120B2F5805FEB
:1010F0005CD2B1F81330B3F5805F57D2B1F8150068
:10110000FB2853D8B1F81710FB294FD896F81BC00D
:10111000BCF10F0F4AD8377F0F2F47D852EA03058B
:101120000BD111264FE7914205D00E21079D59435F
:10113000695C81423AD00133CAE750EA0105F0D038
:101140005CEA0705EDD042EA000B5BEA0C0506D02D
:10115000002AE6D00028E4D0BCF1000FE1D043EA39
:10116000010B5BEA070505D0002BDAD00029D8D0A7
:10117000002FD6D0BC45E34638BFBB46DA45D0D3B6
:10118000059D3DBBA0B1024494F802A0069D013A22
:10119000B2FBF0F0627842EA0A2294F803A042EA35
:1011A0000A42B5FBF2F25043604501D912260AE724
:1011B00081B10B446279013BB3FBF1F1237943EA3E
:1011C0000223A27943EA0243069AB2FBF3F359439E
:1011D000B942EBD809F101090E3659E70DF012F9C1
:1011E00005460DF0A9FB94F80EE000214FF00E0C1F
:1011F000CBB29E450CD840F2E243B4F80900584304
:10120000E37A0B2B30D940F2B5310620EFF768FCBA
:1012100098F819200F46002A83D0531E134280D11C
:1012200098F81A30002B3FF47CAF03F1FF3919EA2C
:10123000030F7FF476AF16423FF473AF1E423FF4C4
:1012400070AF0CFB0143B3F8113083423FF669AF36
:101250000CFB0743013108F10E08B3F81330AB4221
:10126000C6D95EE700FF0F00A04A00274FF096089E
:1012700002EB4303BA46B9463D46598C1AF079F958
:101280008346A37BFEB2B34231D82078FAF748FCFC
:101290000821F0F7CFFC00284FD0466F002E4CD02D
:1012A0006FF404730DF1260221461E4496F8B40132
:1012B000FBF792FBC0B959460390304612F081FF0C
:1012C000039B07463046194612F07BFF07F1960351
:1012D000B9441B1A984538BF984696F8B5319A45D7
:1012E00003FB075538BF9A46D6F81162D6E70E239E
:1012F000594601375E4306F10F022244104605921B
:1013000013F015F90390FAF75BFE00283FF44EAF97
:10131000059A00212644104613F009F9039B03F1B6
:1013200096029944121A904538BF9046327C9245F5
:1013300002FB035538BF9246A3E7237B012B08BF6E
:101340000AFB09F5B8F5FA7F38BF05F5AF75FAF76E
:1013500043FE38B9B4F8093040F2E2425343AB429D
:10136000FFF4DFAE2078FAF7DBFB0821ADF82400AC
:10137000F0F760FC0546D8B9082109A8F0F7E4FBAE
:10138000054608B907261EE6FAF784FB05F120009A
:1013900008F016FB064660B10821BDF82400F0F7FE
:1013A0005FFC00283FF40FAE42F2DA6139202DE7EE
:1013B000012695F86870002F7FF404AE09204FF0E5
:1013C0000E0A12F04CFA94F80E808146A27BFBB212
:1013D0009A420AD8C14580F08580002ED2D10821DA
:1013E000BDF82400F0F73CFCCCE70AFB0343284699
:1013F000D97BFAF7B1FB18B108F1FF385FFA88F82A
:101400000137E3E709FB0648284698F80F10FAF77A
:10141000A3FB8246002850D109210DF12600F0F7E8
:1014200093FB824610B942F20471BFE7F9F7DEFF81
:10143000BDF82430AAF8AE31BDF82630AAF8B03194
:1014400098F80F308AF8B4316B6FCAF811320AF28B
:1014500011236B67049B013703EB4606BAF8B031E2
:101460007380A17BFEB2B142CCD801232B702378CC
:101470002B75A2786378E67843EA0223627943EA1F
:101480000646237943EA0223A279AE6043EA024387
:10149000EB60E2796A75227AAA75627B002A14BF32
:1014A00001200020E8753FD140F2E240B4F8097015
:1014B0004FF00E0C4743104625E0B0F8B031D0F89D
:1014C00011B20393F9F792FF039BBDF82420AAF809
:1014D000B031AAF8AE2198F80F30CAF811B28AF8E4
:1014E000B431B7E700274FF00E09BAE728550301DA
:1014F0000CFB0042B2F8132022B1B7FBF3F203FB5E
:1015000012727AB90130C2B291420DD90CFB00427D
:10151000B2F81120002AEBD0B7FBF6F206FB1272EC
:10152000002AE5D00123EB75B4F8093040F2E2421D
:1015300000274FF00E085343A5F854202B656B602D
:10154000237B2B76A37BFEB2B34229D8E37A286DA6
:101550000B2B3FF658AE704A02EB4303598C1AF03E
:1015600008F82B7E80466E6F002B40F0A280002E84
:101570006ED06FF4047906EB09071E4638464146E3
:1015800012F01FFE97F8B531C7F89C01D7F8117219
:1015900000FB0366002F5BD06FF4047E7744EDE719
:1015A00008FB064628460137F17BFAF7D5FA0146D3
:1015B00010B942F25971F9E6337C80F8B531B27C4A
:1015C000737C43EA0223A0F8BC30327DF37C43EA0B
:1015D00002238382EB7D80F8CC3080F82430B6F88B
:1015E000153080F8BE30B6F817308375707E12F073
:1015F000E8FC81F89001B07E12F0E3FC81F8A800CD
:10160000F37E01F1B00081F8BF30337FCB75A27853
:10161000637843EA0223E27843EA02436279C1F83D
:10162000C430237943EA0223A27943EA02434FF00C
:10163000FF32CB616B68C1F8C8300B626B7D81F8FB
:10164000C130AB7D4B764FF0FF3319F0C0FE79E728
:101650006B6F2E616BB16FF4047C634493F8B5211A
:10166000D3F89C11C3F8986101FB1266D3F81132CC
:10167000F0E7DEB92B696A7DE87D0093D5E90113B7
:10168000FAF78CFC2B69AA7D0646E87D0093EB688F
:101690006968FAF783FC6B6FB3B36FF40472134499
:1016A000C3F8B460D860D3F81132F5E742F2927112
:1016B0007CE6AEB16FF40477F7190026B1463846E0
:1016C000414612F07EFD97F8B531D7F8117281448A
:1016D0009E4238BF1E4627B16FF404700744EEE700
:1016E000B14609FB06F66F6F2E61002FC2D06FF472
:1016F00004710F444146C7E96669384612F061FD3E
:10170000D7F81172361AF0E723780026049A13707E
:10171000A37B537057E400BF285503012DE9F04720
:101720000446BEB000780F46FAF7FAF9082194F89B
:101730000E80F0F77FFA054608B3456FFDB16FF4F0
:101740000472AE180025A946214696F8B401FBF7AD
:101750002FF968B996F8BF3008F10108002BF37D26
:101760005FFA88F818BF4FF00109002B18BF012558
:10177000D6F8116226B16FF404731E44E4E7A9465B
:10178000B8F11F0F4FD82378EF2B4CD8E379072BF4
:1017900049D8237A012B02D9A37B012B43D8637A42
:1017A000022B04D1112528463EB0BDE8F0873AD877
:1017B00094F80EC0264622460023D9B28C4534D870
:1017C000B9F1000F15D0A278637843EA0223E278DA
:1017D00043EA0243604A03F18073FF3B23F07F43F7
:1017E000934220D8638940F69B72053B9BB293429B
:1017F00019D8002D00F0A7806279237943EA0223EB
:10180000A27943EA0243544A03F18073FF3B23F079
:101810007F43934207D8A38940F69B72053B9BB256
:10182000934240F290801225BDE7D17BEF29FAD890
:1018300003EBC3012144B1F810E0BEF5805FF2D2A2
:10184000498AB1F5805FEED292F814A0BAF1070F81
:10185000A8D8507DBAF1000FA4D001380628A1D82D
:10186000BEF1000F05D100299CD0012501330932BA
:10187000A3E74FF001090029F8D0F6E7317D1A46B9
:1018800008428FD0717D08428CD003EBC301214404
:10189000098AFB2986D802EBC202013309362244A9
:1018A000528AFB2A3FF67EAFDAB29445E6D82B4641
:1018B0004A4609A92046FAF7D3FB054600287FF4DB
:1018C00072AF01A909A8FFF72FFB054600287FF496
:1018D0006AAF2078FAF724F94FF6FF73984204D1E3
:1018E00042F2E4413920EFF7FBF80821F0F7A2F9C2
:1018F000804620BB42F2E641F4E706EBC6064046CE
:1019000009F101092644F17BFAF726F910B942F2F0
:10191000EB41E7E7B37D80F8CD30F37D80F82530EB
:10192000A27B5FFA89F69642E7D323780DF1060190
:101930007A70B81C52003B7010F084FF33E7A94660
:10194000EEE709252FE700F0B5FDB8F10E0FF8D846
:1019500094F80EC00023A7E700FF0F00024B1B689E
:1019600003B11847112070477401002138B503886E
:1019700004469AB20B80B2F5706F3ED28278012A8B
:101980003BD8C078FF2838D02179032901D1237BA7
:101990009BBBA57A637A43EA0523E57A43EA0543CC
:1019A000184DAB4229D850BB032928D182F001053C
:1019B00005F0010572B109212088F0F73BF978B9EB
:1019C0000B212088F0F736F978B12946BDE8384078
:1019D00014F0EBB80CF0A0FF0028ECD10C2038BDBF
:1019E0002946BDE8384014F096B80C212088F0F75D
:1019F00021F90028E9D10220F1E71220EFE71120B8
:101A0000EDE700BF00093D0037B5002504460DF1A4
:101A100006010DF105008DF80550ADF806500CF0EB
:101A200083FF074B28465A8822801B78A370BDF895
:101A30000630A4F803309DF80530637103B030BD63
:101A4000F41100212DE9F04F03788DB00546EF2BFE
:101A500004D9122738460DB0BDE8F08F4378EF2B3C
:101A6000F7D88378013B1E2BF3D80279C37843EA79
:101A70000223427943EA02435E4A03F18073FF3B4B
:101A800023F07F439342E4D8C38840F67C42043B72
:101A90009BB29342DDD8037A013B1E2BD9D8B0F814
:101AA000093040F6FE72013B9BB29342D1D8B0F8A8
:101AB0000B30013BFA2BCCD8467B002EC9D0731ECD
:101AC0003342C6D100F0F6FC864301D01127C1E7AE
:101AD000AB7B012BBDD8EB7B022BF7D0B9D82B7C8D
:101AE000013B062BB5D86B7C013B0E2BB1D8AB7CF0
:101AF0000F2BAED8EB7C012BABD8002B72D12B7AFD
:101B0000287CB3FBF0F100FB1133DBB2002BA0D13A
:101B10006C7CCAB2A1429CD3AB7C01D0002B98D084
:101B2000121B5343DBB2142BD0D8EB7B002B5FD1BD
:101B300040F2E243EA88E9785A432B7941EA0321EB
:101B40006B7941EA0341B2FBF1F301FB1322002A56
:101B50004ED1B5F80B10B5F809200A44013A92FBB2
:101B6000F1F253439BB29842B0D30121687817F049
:101B70000FFC8046002800F00082C28D4FF6FF73F4
:101B80009A4240F0FA81EB7C002B90F83420806878
:101B900014BF3B24232412F004F898F810300146B7
:101BA00000944046D8F8702017F03EFC002800F062
:101BB000E681B5F80930B5F80B000193AB7CC0B2F3
:101BC0002A7C0093297A6B7C18F023FA07460028B8
:101BD0003FF47CAF0B2011F042FEAB7883420BD96F
:101BE0000D2737E719F0F9FC002888D1252731E7C0
:101BF0000123B8E700FF0F000A212878F0F71AF850
:101C0000002840F0BE810A212878EFF7D5FF04466E
:101C10000028E5D018F05BF9032384F830302B78E6
:101C200084F831300123A97884F8343084F83210F4
:101C300084F833102B7A84F8363084F83530EB7C16
:101C4000003B18BF012384F84F302B7C84F84C30C4
:101C5000AB7C84F84D306B7C84F84E30B5F80B309B
:101C600084F850302A79EB7843EA02236A7943EA10
:101C70000243E365A87A6A7A42EA0022A4F8522075
:101C8000E87B48B940F2E24CEA880CFB02F2B2FB76
:101C9000F3FC03FB1C2313B9071E18BF012784F8AC
:101CA0006470687B12F08DF9012984F8650003D90E
:101CB000AE7B003E18BF01264FF0FF3384F89460DE
:101CC000002640F2E2422361FF23A4F8D2600846D6
:101CD0002375E681EB88A4F8F4205343C4F8F03070
:101CE00012F016F9C4F8980001F044FDA4F89C0025
:101CF0006B783146D4F8980084F89E30667512F0FF
:101D0000DFF83146C4F80C01B4F89C0018F07EF9F5
:101D100094F84F30C4F8100194F8651094F850000E
:101D200084F814312676E67503B1043012F081FA96
:101D300004F1540394F83220064694F8361094F8CF
:101D40009400029304F15803CDE90063EB8818F086
:101D500095F994F8361094F832000096D4E91532CB
:101D600018F007F994F8642094F83630206603924E
:101D700094F84D20029294F84E20019294F84C2051
:101D80000092D4F8F020E16D18F02BF9A06404A8BB
:101D900001F0C6F920B942F6D9513920EEF7A0FE7C
:101DA00004A9204615F054F894F84F306BB304F1B1
:101DB000380705F1140305F124013A4653F8040BE2
:101DC0008B4242F8040BF9D1182108AE0DEB01004B
:101DD000EFF7D4FB06AB04F1A0020DF1300E03CBFC
:101DE0009446C4F88800C4F88C103346083203CBFC
:101DF000734542F8080C42F8041C1E46F5D104F164
:101E00007802614638460AF001FC94F84F3094F8A5
:101E1000362094F8321094F89400029394F86530C8
:101E20000193636D0093A36D18F0B3F8D4F8F0300C
:101E300000F5617A9A4509D90A212878EFF710FF51
:101E400000283FF443AE42F61961A6E704F1C00B47
:101E5000584607F0B5FD074648B10A212878EFF744
:101E6000FFFE00283FF4F6AD42F6206195E795F8B5
:101E7000029009F1FF394FFA89F9B9F1000F0ADA36
:101E800001225146584607F0A7FD0746002865D0B5
:101E900042F6456181E70B2106A8EFF755FE06469D
:101EA00010B942F6296178E75FFA89F918F018F954
:101EB000BDF8183009F10101A6F8FA30C9B286F868
:101EC000F81094F84F3086F8F4302B7886F8FC3010
:101ED000D4F8980011F0F4FF96F8F810C6F8EC006A
:101EE000B4F89C0018F092F8C6F8F00094F8653049
:101EF00030464FF0FF3206F5807606F8203C98F821
:101F00000F3046F8307C06F81F3C56F82C3C67F33F
:101F1000070346F82C3C94F8643006F8E43CB4F827
:101F2000523026F8F43C94F8503006F8F23C94F81D
:101F30004C3006F8F13CE36D46F8EC3CD4F8F03058
:101F400006F8EF7C46F8E83C4FF0FF3319F03CFA16
:101F5000D4F890303360C4F890608AE7D4E938321E
:101F6000293342F10002C4E90A3294F84F3088F86C
:101F700030302B78A8F82E306CE542276AE54527EB
:101F800068E50C2766E500BF0279C37843EA0223BF
:101F9000427943EA0243224A03F18073FF3B23F074
:101FA0007F43934230B504468BB002D912200BB068
:101FB00030BD038940F69B72053B9BB29342F5D836
:101FC000837A1E2BF2D8C28840F6FE71531E9BB254
:101FD0008B42EBD8F72A01D91120E8E7C57A15F032
:101FE000F80FF9D100F066FA35EA0003F4D1A378CE
:101FF000013B1E2BDAD8237B012BD7D8637B022B26
:10200000EAD0D3D8A37B012BD0D801A920460AF06F
:10201000F1F80028E0D001A8FFF714FDC7E700BFE2
:1020200000FF0F0008B5012001F080FB182000F030
:102030001FFA07F0EDF8034B034A1A60034B044AFA
:102040001A6008BD9C010021A17D010198010021B9
:10205000EF90020108B5012001F068FB182000F0A4
:1020600007FA05F0B1FB034B034A1A60034B044A1D
:102070001A6008BD9C010021A17D01019801002189
:10208000EF90020108B5012001F050FB192000F08B
:10209000EFF916F0C5FF01F063FF07F0A7FF024B51
:1020A000024A1A6008BD00BF98010021EF900201AA
:1020B00008B5012001F03AFB192000F0D9F917F01A
:1020C00001F901F04DFF07F091FF024B024A1A603F
:1020D00008BD00BF98010021EF90020108B5054A34
:1020E0000120054B1A6001F021FBBDE8084005F016
:1020F00077BB00BF234502017401002108B503F03E
:10210000CFFDF1F721FE0248BDE8084003F0B2BD63
:10211000C00D002108B5F8F7DFF8F7F731FFFDF73C
:1021200029FD01460248BDE80840F4F77DBF00BF25
:10213000C00D002108B5034807F066FABDE8084065
:10214000FDF7FEBAC00D0021044808B500F5847102
:10215000F9F792FCBDE8084001F0FABEC00D00217D
:10216000054808B500F58471F9F786FC01F0F0FE2A
:10217000BDE80840FFF7B2BFC00D0021044808B514
:1021800000F5847117F096FEBDE8084007F052BADA
:10219000C00D0021054808B500F5847117F08AFECE
:1021A00008F086FCBDE8084007F028BFC00D0021FC
:1021B00008B514F0FCFC064800F58471F0F7DCFA71
:1021C000022011F061FB0020BDE8084011F05CBB6B
:1021D000C00D002108B50122064B83F80A2203F046
:1021E00067FD04F0EDFCFFF7E3FFBDE8084001F0F8
:1021F000B3B900BFC00D002110B5064C064904F567
:10220000037014F012F804F504700449BDE810409E
:1022100014F00BB8C00D0021A4010021AC01002175
:1022200010B5094C094904F5037013F0FEFF04F5DD
:102230000470074913F0F9FF04F505700549BDE87E
:10224000104013F0F2BF00BFC00D00213C0200217E
:102250004402002134020021014B93F80A02704726
:10226000C00D002110B5094C094904F5037013F0A5
:10227000DCFF04F50470074913F0D7FF04F505707F
:102280000549BDE8104013F0D0BF00BFC00D0021CC
:10229000F4010021FC0100210C02002110B5094CC1
:1022A0000D2000F0E5F8084904F5037013F0BDFFB8
:1022B00004F50470054913F0B8FF2420BDE8104070
:1022C00000F0D6B8C00D0021140200211C0200212C
:1022D00010B5084C0D2000F0CBF8074904F5037049
:1022E00013F0A3FF04F504700449BDE8104013F097
:1022F0009CBF00BFC00D0021240200212C02002140
:1023000010B50A4C1D2000F0B3F8094904F503701C
:1023100013F08BFF04F50470064913F086FF04F5F3
:1023200005700549BDE8104013F07FBFC00D0021C6
:10233000E4010021EC0100210402002110B50A4C47
:102340001C2000F095F8094904F5037013F06DFFA7
:1023500004F50470064913F068FF04F5057005499B
:10236000BDE8104013F061BFC00D0021D401002171
:10237000DC0100210402002110B50A4C1E2000F0EF
:1023800077F8094904F5037013F04FFF04F5047062
:10239000064913F04AFF04F505700549BDE81040F1
:1023A00013F043BFC00D0021C4010021CC01002166
:1023B0000402002110B50A4C1F2000F059F8094909
:1023C00004F5037013F031FF04F50470064913F0AF
:1023D0002CFF04F505700549BDE8104013F025BF3A
:1023E000C00D0021B4010021BC0100210402002124
:1023F00038B5094C0D4601F0A1F8D4F80C02C4F828
:10240000045113F00AFFFDF7FDF901F0CBF90123A8
:1024100084F8183238BD00BFC00D0021014B93F87D
:1024200018027047C00D002110B50A4CD4F81002F4
:1024300013F0F3FED4F8140213F0EFFEFDF798F951
:10244000202000F023F8262000F020F8002384F854
:10245000183210BDC00D0021014B83F819027047DE
:10246000C00D0021014B93F819027047C00D0021E7
:10247000C2080549012300F0070003FA00F08B5C55
:1024800018438854704700BF18000021C20805494E
:1024900000F0070001238340885C20EA0300885491
:1024A000704700BF18000021014BD3E900017047BD
:1024B00018000021054B1868C0F3C022C0F30020AB
:1024C000400040EA820040F00100704718000021FF
:1024D00008B519F056F80023074A32F82310814254
:1024E00005D302EB83039B78044A137008BD0133C4
:1024F0000C2BF2D10023F7E762550301DA0F00211C
:10250000024B1878072828BF07207047DA0F0021F0
:1025100010B54468238884F8A711A4F8A83194F86A
:102520007C00FCF781FE84F8AA0194F87D00FCF79A
:102530007BFE054984F8AB0104F5CF7015F0EDFA88
:10254000002384F84C3110BD7964020140680749CA
:102550000388A0F89A3190F8743080F89C3190F894
:10256000753000F29110037315F0D1BAB164020115
:1025700030B504460568084651B115B12179994234
:1025800015D1FF216171237122600023637130BD79
:10259000002DFCD0FF23637101222379216002FA10
:1025A00003F30449C1F8083560711046EFE70020D5
:1025B000EDE700BF00F00041044B002283F8322019
:1025C0004FF6FF729A86DA861A877047DC0F002171
:1025D000054B9A8E824201BF002283F832204FF6CB
:1025E000FF729A86704700BFDC0F0021014BD8862E
:1025F000704700BFDC0F0021094A03464FF6FF7108
:10260000908E884206D192F83210012905D001201F
:102610001A6070470020186070470020704700BFA4
:10262000DC0F0021064B93F83220012A1BBF01204A
:10263000DA8E002083F8320018BF9A86704700BFF8
:10264000DC0F0021014B1887704700BFDC0F002111
:10265000064B0246198F988E884205D193F83200B6
:1026600018B101201360704700207047DC0F002173
:10267000094B998E1A8F914201D0002070474FF676
:10268000FF729A8693F83220002AF6D000220120A9
:1026900083F83220704700BFDC0F0021054B998E74
:1026A0001A8F914203BF93F83200B0FA80F04009CC
:1026B00001207047DC0F002150B90A4A012013465F
:1026C00003F8010B0868C2F801008A889A807047F5
:1026D000012805D1034B0A68D8719A608A889A81CB
:1026E000704700BF1610002148B90A4B187880B116
:1026F000D3F80120B3F805300A608B8070470128B9
:1027000006D1044BD87920B19A689B890A60F4E716
:10271000002070471610002120B9054B187800F0F2
:102720000100704701280ABF014B0020D879F6E765
:1027300016100021F7B58B8800228DF80600ADF841
:10274000043008680B4B8DF8072001461C7803F510
:10275000AC73019DD0B2844201D8082007E0D3E9D0
:10276000007601320833AE4208BF8F42F2D103B087
:10277000F0BD00BF28100021084B0146002230B5F3
:102780005C7803F58173D0B2844201D8082004E05C
:1027900013F8015B01328D42F5D130BD28100021C4
:1027A000F8B52D4C63782218013B92F80251DBB248
:1027B0008342637030D01A010101961C8F1C26449D
:1027C000274406F1100C56F804EB664547F804EB75
:1027D000F9D1823282312244214402F1100652F8AA
:1027E000047BB24241F8047BF9D1E118221891F838
:1027F000026182F8026106267343704303F5857314
:1028000000F58570E618E35827182350B388BB807D
:1028100091F83A3182F83A312846FFF7ADFF08289F
:1028200018D12378013BDBB29D42237012D02B33A9
:1028300005F12B0204EBC30304EBC20293E803008F
:1028400082E803002078FFF797FF08281CBF2418B0
:1028500084F80251F8BD00BF28100021F0B5254DC5
:1028600089B095F8984105F29911684622460FF013
:10287000E9FF2146684614F0BBF90446B8B300EB03
:10288000400102A8C9B2EEF779FE601E95F8A16179
:102890000124C0B295F8982105E0731CB3FBF2F156
:1028A00002FB1133DEB206F120030DEB030111F838
:1028B000203C002BF1D100EB400201F8204C06EB4C
:1028C000460320322B446A4412F8187C83F8A27124
:1028D00012F8177C12F8162C83F8A37183F8A42140
:1028E0000138AB19C0B283F89941FF28D2D109B0A1
:1028F000F0BD00BF2810002170B5064688B00C4618
:10290000002A4FD02A4A92F8A131D01890F8991194
:1029100021B94FF480712820EEF7E2F803EB430170
:102920000133114491F8A251E57091F8A35191F847
:10293000A41125716171002180F8991192F8981104
:10294000B3FBF1F001FB103382F8A13192F8C231F0
:1029500023B9184902F5DD7015F0DCF865790D2210
:102960000021684605F03F0545F0400565710FF010
:10297000DFFFE37804AA69468DF80F3030462379EB
:102980008DF80D508DF80E3004230FF021FC9DF8CA
:102990001F3023709DF81E3063709DF81D30A370AA
:1029A00008B070BD03216018EEF7E8FDD6E700BF60
:1029B000281000215D280101044B5A78824286BF0D
:1029C0001B1893F84A010020704700BF281000210F
:1029D000044B5A78824286BF1B1893F842010020AC
:1029E000704700BF28100021064B00224FF4617190
:1029F0001A8083F8C32183F8C421A3F8C61183F891
:102A0000C221704728100021014B83F8C401704790
:102A100028100021014B93F8C401704728100021B1
:102A200010B51446FFF786FE082803D1012000F0F8
:102A3000010010BDFFF7A0FE064B5A788242F5D97F
:102A400004B12070184490F83A31012BEED090F880
:102A50004A01ECE7281000212DE9F047824689461B
:102A600017469846FFF766FE08280546064603D037
:102A7000FFF782FE082863D1334C6378072B61D8B7
:102A8000082D18D12678731C072E237003D96B21CB
:102A90002820EEF725F806F12B03D9F80000DAB26A
:102AA00004EBC30344F8320004EBC201B9F804207C
:102AB0008A8083F806A0657807F110026B1C290153
:102AC00063704B1C234412F8010DBA4203F8010F46
:102AD000F9D1813108F11003214413F8012D9845F3
:102AE00001F8012FF9D125441021404614F0E0F8F7
:102AF000102185F84201384614F0DAF8002385F8F1
:102B00000261667885F84A0185F83A3131460F4806
:102B100014F06EF8054631460D4814F069F8012DA1
:102B200003D8002818BF0135EDB284F8985100256C
:102B3000284684F8A151FFF791FE2846BDE8F087AA
:102B40001220FBE70720F9E7281000216A11002175
:102B500072110021064B10B55878013840B2002898
:102B600000DA10BDC4B22046FFF71AFE601EF5E77A
:102B700028100021014B83F8C30170472810002161
:102B8000014B93F8C301704728100021431E4AF2FD
:102B9000B7129BB293429DBF024BA3F8C60101201E
:102BA0000020704728100021014BB3F8C601704780
:102BB000281000210A4B30B55C7884420ED91844A5
:102BC00090F802012B3003EBC004A5790D7053F887
:102BD000300010600120A388938030BD0020FCE706
:102BE0002810002170B506460D460AF0CFFF09F007
:102BF000ABFD0A4B93F8C3415CB1597859B1981CAD
:102C000082333246002D08BF184609F069FD09F0ED
:102C1000C1FD204670BD0C46FBE700BF2810002117
:102C200008B5064B024603EB0113012103F18200B4
:102C300009F056FDBDE8084009F0ACBD28100021A0
:102C40000246074810B590F8C34124B1417821B13C
:102C5000023009F045FD204610BD0C46FBE700BFE1
:102C60002810002108B5084B5A7882420AD91A1850
:102C700092F8422132B903EB00108230FFF73CFE9C
:102C8000012008BD0020FCE72810002108B5084BF2
:102C90005A7882420AD91A1892F84A2132B903EBBB
:102CA00000100230FFF728FE012008BD0020FCE7DD
:102CB000281000212DE9F74F2F4C9A46804689466F
:102CC0006378834256D9231893F8425185F0010561
:102CD000F9B193F84A31E3B945F002070135BAF189
:102CE000000F18D1FA070AD5062104EB0810524646
:102CF00001FB0841823001F58571FFF7FDFDBB073F
:102D000034D504EB0810524649460230FFF7F4FD73
:102D10002CE02F46E3E794F8A1614FF0010B002D62
:102D2000E0D0A31993F89911019399B90092DAB1FF
:102D300000F008FD019B06EB4601009A4FEA102CBB
:102D400083F899B1214481F8A201000C81F8A3C154
:102D500081F8A401013694F89831013DB6FBF3F1F6
:102D600003FB1166F6B2DAE747F00407384603B012
:102D7000BDE8F08F0027F9E728100021F8B50646D6
:102D8000174C48B3617804F5A17013F031FF94F843
:102D90009851074604F29910294613F029FF2D1A7D
:102DA000EDB2AF421AD8002506270FE0E21892F8DC
:102DB000422152B907FB034104EB0313324601F5EC
:102DC000857103F18200FFF797FD01356278EBB260
:102DD0009A42EBD80120F8BD0546E5E70020FAE766
:102DE00028100021F0B51B4E89B007460D467378B8
:102DF00083422CD9331893F8424144BB0D2221461B
:102E000068460FF095FDEB7806EB071004AA8DF8E5
:102E10000F3069462B7982308DF80E306B798DF842
:102E20000D3004230FF0D4F92A789DF81F309A4210
:102E30000AD16A789DF81E309A4205D1AC789DF887
:102E40001D00231A5C425C41204609B0F0BD002001
:102E5000FBE700BF28100021074B5A78824209D9AE
:102E60001A1892F842212AB9062202FB003000F516
:102E7000857070470020704728100021064B5A7853
:102E8000824281BF1B1893F83A01B0FA80F04009E2
:102E900098BF0020704700BF28100021F8B50E46EB
:102EA000074606211546304613F002FF044640B19E
:102EB0000A482946427800F59D700FF039FD2046FA
:102EC000F8BD3146384613F0AFFE08281FBF034B4C
:102ED0000124C01880F83A51F1E700BF2810002102
:102EE00030B5002442F21075A0F84240B0F84640D8
:102EF0004C43B4FBF2F4A0F84640541E05FB0343D8
:102F0000B3FBF2F3A0F84430084BB3FBF2F3013308
:102F1000A0F84A30838F05FB0344436B5943B4FB4D
:102F2000F2F4B1FBF2F28463426330BD005A6202F4
:102F300070B504460D4649BB4FF442720FF0F8FCE1
:102F4000012384F8F85084F8A6306FF0360384F833
:102F5000F95084F8F330042384F8F4306FF03B0325
:102F600084F8F5306F2384F8F6306FF03F0384F86F
:102F7000F7302B2384F8F230FE2384F832317F239C
:102F800084F89D30202384F85C3270BD012917D16C
:102F90000023A0F81C3280F813320D4BC269134491
:102FA0001146B3FBF2F3C0F8C83040F6B833A0F8CE
:102FB000CC30C38C04F19000BDE87040FFF790BFA7
:102FC0000229E2D1B0F8E232D0F8DC22C169F1E79F
:102FD0007FC3C90170B504460D4649BB4FF4267244
:102FE0000FF0A6FC012384F8F85084F8A6306FF0A7
:102FF000360384F8F95084F8F330042384F8F4306D
:103000006FF03B0384F8F5306F2384F8F6306FF0EF
:103010003F0384F8F7302B2384F8F230FE2384F842
:1030200032317F2384F89D30202384F8293270BD0B
:10303000012912D1C2690D4B11461344B3FBF2F3BF
:10304000C0F8C83040F6B833A0F8CC30C38C04F1D7
:103050009000BDE87040FFF743BF0229E7D1B0F808
:103060005632D0F85022C169F1E700BF7FC3C901D1
:10307000034B80F880101B680BB10088184770471D
:103080004C020021074B93F900301844142804DC4B
:1030900010F17F0F03DB40B27047142070476FF0D0
:1030A0007E007047F01100217F2307B50DF1070066
:1030B0008DF807300AF078FD9DF9073068B10A4AAB
:1030C0005078404240B21844142808DC10F17F0FB9
:1030D00007DB40B203B05DF804FB1846FAE71420A2
:1030E000F8E76FF07E00F5E7F0110021014B187052
:1030F00059707047F0110021024B00221A705A706B
:10310000704700BFF0110021014B93F90000704798
:10311000F0110021014B93F901007047F0110021DB
:10312000054B1B7833B9054B1A681B790260037194
:103130000120704700207047F2110021200000217B
:10314000054BFF221A70054A01681160017911715F
:1031500000221A70704700BFF211002120000021E8
:10316000064B07B518681B79009068468DF8043047
:10317000FFF7E6FF03B05DF804FB00BF4C5E030100
:103180000346407848B1DB783A2B05D8034AD35C34
:103190001B1A584258417047012070479655030149
:1031A0003A2908B5C17003D8064B5B5C437008BD73
:1031B000FF2904D04FF489612A20EDF791FC012307
:1031C000F4E700BF965503012DE9F04385B0894629
:1031D0001446984602A913F03DFD054600283DD14E
:1031E000039E34B9012486F8A540204605B0BDE809
:1031F000F08377692146384610F047F9014678B3E5
:10320000194B5B88A3422DD301AA384610F096FAD9
:1032100096F8A5300198002B0CBF4946022114F006
:10322000C1F901982246414603300FF00BFB2146BD
:10323000384610F06FF9044618B97A212B20EDF7C3
:103240004FFC9DF808302BB102A814F034FC039B0E
:10325000A3F80A52002386F8A530C6E70124C4E784
:103260000446C2E72C46C0E7F4110021024B987FC8
:10327000C04300F001007047F41100217FB50546FE
:103280000C4621B940F215111020EDF729FC0388F6
:103290008B8000234B728669304610F041FA01465C
:1032A00010B94FF48F71EFE701AA304610F046FADB
:1032B000E08010B940F22311E6E7FB2802D940F282
:1032C0002511E1E7019814F075F9012801D00228D1
:1032D00005D12072206828B94FF49E71D4E740F2DE
:1032E0003511D1E70199E28803310FF0ABFA30468E
:1032F00010F02CFA10B940F24111C5E70021304618
:1033000010F06BF910B94FF4A371BDE70A4BDA7FE7
:1033100082B11A8C02A92888013A1A8413F09AFC07
:1033200010B140F24F11AFE7039AB2F8B630013353
:10333000A2F8B63004B070BDF411002110B521B967
:1033400040F25B211020EDF7CBFB4A600B72EFF3EC
:10335000108472B6031D0B6042681AB1127A012AFA
:1033600008BF036003681960016004B962B6034BCB
:10337000BDE8104058780FF057B800BF1812002170
:103380002DE9F34706460D464FF005080027DFF804
:1033900050912B693BB11B7A2BB12C699CB9002051
:1033A00002B0BDE8F0876C68237A012BF7D0EFF309
:1033B000108372B66A6812686A6003B962B6237ACB
:1033C000002BE6D02C6194F808A05FFA8AFA84F802
:1033D00008800AF1FF330B2B74D8DFE803F0700686
:1033E00012266D3D4C3D3D3D3D60636823B940F282
:1033F000C7111020EDF774FB314620469847042092
:103400001BE0636813B94FF4E871F2E731462046D8
:1034100098470346ADF80400C0B2C3F30723012B5D
:1034200053D0022B09D12F6151E0636813B94FF4D7
:10343000ED71DEE7204698470020EFF3108372B667
:10344000227A052AD1B201D0002944D127722F61F6
:10345000002B3CD162B63AE0D9F80030002BEBD01B
:103460005246314660689847BAF10A0FC7D1002327
:103470002B61042094E763680BB9DA21B9E70D22C8
:1034800000243270012219885869A6F803102146D9
:10349000B2707271B47110F0A0F82C61E9E7606845
:1034A00010B940F20521A4E70E4B31461B6898473E
:1034B000002302202B6173E740F20E2199E740F2CE
:1034C000112196E74FF4057193E703232372002837
:1034D0003FF45FAF64E7002B7FF45BAF62B658E761
:1034E000540200215002002170B5134C1426002113
:1034F000231D324618460FF01BFA0346012525749A
:1035000004333246002104F11800C4E901330FF0FE
:103510000FFA84F8245004F11C03C4E90633002395
:10352000E362236384F83430C4F83530C4F83930AA
:1035300084F83D3070BD00BF18120021014B587057
:10354000FFF7D2BF18120021014B024A1A607047E0
:10355000500200217D320101014B024A1A6070477E
:10356000500200217D32010138B50B4D044605F1B2
:103570001801FFF705FF70B9AB681B7A0C2B04D15B
:10358000064BDA7F0AB11B8C2BB120460449BDE8FB
:103590003840FFF7F5BE38BD18120021F4110021A4
:1035A0001C120021134610B5027A22B14FF42D717E
:1035B0001020EDF795FA0A4601460248BDE8104092
:1035C000FFF7BCBE1C120021044890F834301BB930
:1035D00003492C3014F098BA704700BF181200212C
:1035E000FB7A02010A4610B5037A23B14FF42F711A
:1035F0001020EDF775FA014607230248BDE8104098
:10360000FFF79CBE301200211346027A0AB1037202
:1036100070470A4601460148FFF790BE1C12002180
:103620001B234FF01B128384038482618382C26058
:10363000038541B94FF4A473094AC3844384C2612A
:10364000C382026170474FF429634FF4A472C384AC
:10365000438403F12963C282C3610361704700BFE1
:103660004801480103460846B3F86820B3F85C10E7
:10367000B3F852C08A42F0B493F87D4028BF0A469E
:10368000B3F86060B3F86A10033CB3F85870B14205
:10369000E4B2B3F8565028BF3146012CA3F85220AB
:1036A0008BBFB3F85A604FF429660C464FF4296477
:1036B0009742A3F8564038BF17468E4238BF0E4691
:1036C0009445A3F85870A3F85A6026D12C1B18BF54
:1036D0000124B3F86420B3F85E50B3F8506095420B
:1036E000B3F8541028BF154693F87C20033A012AFA
:1036F00015D9B3F86220B3F86670BA4228BF3A46CB
:10370000AE42A3F85050A3F8542002D1914200D108
:1037100044B10549F0BC14F000BA0124D9E74FF4D4
:103720002962EDE7F0BC70472D7B0201014B187058
:10373000704700BF56120021014B1878704700BF38
:1037400056120021094AD2E90003434083EAB0112E
:1037500081EA43214FEAF34311605360044B58431D
:103760004FEAF06000EB8000704700BF5812002164
:10377000BB79379E094AD2E90003434083EAB0117E
:1037800081EA43214FEAF34311605360044B5843ED
:103790004FEAF06000EB8000704700BF2800002176
:1037A000BB79379E10B50A4C08210948EDF7E6FEB3
:1037B000D4E900231343F7D0064CFFF7DBFF20606A
:1037C000FFF7D8FF236860600343F6D010BD00BF49
:1037D0002800002158120021174B184A9A60184AF5
:1037E000DA62184A1A61184A5A61184A9A61184AE4
:1037F0001A63184A5A62184ADA64184A9A64184ACC
:103800009A63184B184A9A60184A1A62184A5A6002
:10381000184A1A60184A9A62184ADA62184ADA6034
:10382000184A9A61184A1A63184A9A64184ADA645C
:10383000184A5A62704700BF58020021117F0201E6
:10384000918102015B8102011F810201954001010A
:103850009D43010161420101A3830201CB83020167
:10386000E941010144030021337F02013583020154
:103870009F7F0201BB800201C9820201AD8102016A
:10388000EB820201AB8202018984020129840201D8
:103890000D8402014F830201174B184A9A60184A9F
:1038A0005A60184A1A60184A9A62184ADA62184A24
:1038B000DA60184A9A61184A1A63184A1A62184A52
:1038C000DA64184A9A64184A5A62184B184A9A607D
:1038D000184A5A62184ADA62184A1A61184A5A6132
:1038E000184A9A61184A1A63184A9A64184ADA649C
:1038F000184A9A63704700BF30040021117F02010B
:10390000477F0201D97F0201D18102013182020188
:10391000F9400101478202019D430101E941010192
:10392000A3830201CB830201614201011C05002136
:10393000337F02014F830201698202010D8202017D
:103940008D820201894101018984020129840201D9
:103950000D840201358302010C4B0D4A0D491A609A
:103960000D4B0E4A1A600E4B0E4A1A600E4B0F4A50
:10397000DA670F4AC2F880100E49C3F884100E4966
:10398000C3F888100D4BC2F8883070470C06002130
:1039900069E9000169EB0001080600215DEC000106
:1039A00014060021E5E20001440300214DEB000173
:1039B0005802002145ED000139E90001B5E8000198
:1039C0000B4B0C4A0C491A600C4B0D4A1A600D4BFC
:1039D0000D4ADA670D4AC3F884200D4AC2F88010F8
:1039E0000C49C3F888100C4BC2F88830704700BFF0
:1039F0001006002129E20001D9E30001140600218C
:103A0000E5E20001300400216DE00001F1E4000175
:103A10001C050021B5E8000139E90001054B064A03
:103A20009A65064ADA65064B064A9A65064A1A6698
:103A3000704700BF58020021176702019F6802010A
:103A40004403002135650201076B0201054B064A5C
:103A50009A65064A1A66064B064A9A65064ADA6568
:103A6000704700BF30040021F767020101690201BD
:103A70001C05002135650201736B020110B5084B6E
:103A8000084C09485C6798670849094B094A596717
:103A90009A67094BC3E91D40084BC3E91D1210BDCD
:103AA0004403002151A402016BA40201B1A402014C
:103AB000580200210DA502011C050021300400213F
:103AC000024B034A1367034A13677047397B0101AE
:103AD0005802002130040021024B034A1367034AB5
:103AE00013677047CD7E0201440300211C050021AD
:103AF0002A2A73B505460C462ED82A2A2FD8DFE885
:103B000012F0330074007E008A00A2008800880052
:103B1000B100B300B90088008800BE00C900B3003E
:103B20002E002E00CD0088008800E900E900F0009A
:103B3000F70003012E002E0022013F014C0152012B
:103B40005801630165016701690174017C019301FA
:103B500095012E002E008401FF2A00F0698140F2B9
:103B6000FE315120ECF7BCFF416841F64B50D1F8D3
:103B70005032B1F84822834294BF642040F2E240C0
:103B8000B2FBF0F241F64B50D2B283422271D1F82F
:103B90004C2294BF642040F2E240B2FBF0F292B2B9
:103BA000A3F57A706271120AA27141F270729042AA
:103BB000204695BF4FF47A7240F2E242B3FBF2F333
:103BC000B3FBF2F398BF03F550639BB2E3711B0A9A
:103BD0002372B1F8543263721B0AA372B1F8561201
:103BE00002B0BDE8704013F009BD43682046D3F829
:103BF0003812013102B0BDE8704013F033BD0278D5
:103C00004368012A02D193F8343101E093F841313D
:103C1000237102B070BD4568204605F51F7113F091
:103C200030FD05F52171204613F035FD05F51771BE
:103C3000204613F036FD05F59071204602B0BDE830
:103C4000704013F03CBD4168204601F2262113F07C
:103C50003EFD6968204601F5927102B0BDE87040F2
:103C600013F039BD4368CEE7084602B0BDE87040A6
:103C700000F04ABB02B0BDE8704000F057BB0E2315
:103C80000B7159234B7100238B714E23CB71202371
:103C90000B72BEE7436893F82A31B9E703784668A8
:103CA0007BB996F8343163B196F82D11204613F0A4
:103CB0009FFD96F82C11204602B0BDE8704013F02D
:103CC0009BBD96F82B112046903613F091FD96F887
:103CD0009A10F0E70146204602B0BDE8704014F0AB
:103CE000FFB8436893F84E21227193F84F3109E0F1
:103CF000436893F84C21012AF4D093F878200A7194
:103D000093F87930637184E7456895F8430212F0BF
:103D1000DDFC0146204613F052FD95F84202C31E19
:103D2000012B07D895F87C30DA1E012A02D8984278
:103D300018BF002012F0CAFC0146204602B0BDE8C0
:103D4000704013F038BD45680023204601218DF8EE
:103D5000043013F033FC2A7C01A96B7C2046032A33
:103D600003F01F0308BF002243EA82139DF80420DA
:103D700002F0200213438DF8043013F028FC48E7CA
:103D800043680F211888EDF755FF00F15B012046CD
:103D900002B0BDE8704013F0BABC084602B0BDE8FE
:103DA000704016F045BB084602B0BDE8704016F002
:103DB00047BB254B1B68002B3FF42BAF2946204601
:103DC00002B0BDE870401847204BF3E7204BF1E705
:103DD000204BEFE7204B1B68002B3FF41AAF024645
:103DE000232002B0BDE8704018471B4B1B68002B16
:103DF0003FF40FAF02462420F3E7174B1B68002B5C
:103E00003FF407AF02462520EBE743680F211888EF
:103E1000EDF710FF00F17D0200F15B01204602B0DA
:103E2000BDE8704013F07FBC0C4BC3E70C4BC1E7FF
:103E30004368204693F8CF22D3F8D01202B0BDE8F1
:103E4000704013F0C7BB00BF0C0600211006002114
:103E50000806002114060021200600211C0600216E
:103E6000180600213A289ABF024B53F82000002080
:103E7000704700BF580200213A289ABF024B53F8FE
:103E800020000020704700BF300400213A289ABF6C
:103E9000024B53F820000020704700BF440300216C
:103EA0003A289ABF024B53F820000020704700BF09
:103EB0001C05002130F8023CF7B504460D467BB1E5
:103EC00000238DF804308DF8053000209DF8043073
:103ED00063F307009DF8053063F30F2003B0F0BDD6
:103EE000184B30F8B86C1B680BB128389847164B44
:103EF0001B680BB1304698470A230027A5F80360DA
:103F00002B70AF70637A54F8A00C6B710FF081FBCB
:103F100018B9B2216320ECF7E3FD3046FEF758FBF9
:103F200039463046EDF79CFE02213046EDF798FE0B
:103F300018B9064B1B6803B1984704238DF8043069
:103F40000023C0E7240600212C06002128060021BA
:103F5000014B024A1A607047240600213DE9000126
:103F6000014B024A1A6070472C0600215B90020147
:103F7000F7B5456804464FF6FF776E690DF102010B
:103F80000DF101023046ADF802700FF0DFFA01A921
:103F900030460FF0FDFA40B101980FF0D5FB616893
:103FA00000220272FFF71EFBE8E7044905F1B800A2
:103FB00003B0BDE8F04013F0AABD00BFB53E01015B
:103FC000F0B5044685B00D46FF2600F8B56C10F834
:103FD000B63CF3B1174F3B781BB148211F20ECF7DB
:103FE0007FFD0C21381DEDF7C9FA3E70002304F85F
:103FF000B53C09232A4602F8033BD4F80930C5F83A
:104000000330D4F80D305360D4F81130936005B00C
:10401000F0BD01A80C21EDF7B1FAA4F5E073039A05
:104020001A6001AB03CB44F8BE0C44F8BA1C04F888
:10403000B66CDBE76012002110B5054C23782BB974
:104040000C21201DEDF79AFAFF23237010BD00BF4D
:1040500060120021024690F82E32BBB990F82F3240
:1040600003F0FF010BB100207047094B18780028BE
:10407000F9D01970D9680433C2F8241103CBC2F8FF
:104080002602C2F82A12FF2382F82E32012070473E
:104090006012002138B54368044693F89E201C2A1C
:1040A00024D1002283F8E12083F8DC2083F88622E3
:1040B000436893F8E21003F5F3701D8869B10C4969
:1040C00083F8E220A3F8F05183F8EF2113F01CFDF0
:1040D0006368002083F89E0038BD012283F8EF1149
:1040E000A3F8F051034983F8F221EFE70220F3E748
:1040F000E3800201D580020138B5436804460D46CD
:1041000093F89F303BB1142B05D0123B0B2B94BF7F
:104110000820012038BD0321204613F0ECFF78BBB6
:10412000636893F8E23013B9204613F061FE6168CA
:10413000284601F21E2113F0BBFA6168284601F5FA
:10414000907113F0C0FA616828460B8801F2EF21E4
:1041500021F8023C13F09AFA6168284601F2F7212F
:1041600013F09CFA6368002583F82E5260680549B5
:1041700000F5397013F0C8FC6368162283F89F209D
:104180000020C7E7C13F010138B54368044693F8F2
:104190009F201D2A04D040F2BB111F20ECF7A0FC89
:1041A000002293F8E2101D8803F5F37083F8E120F4
:1041B00069B10B4983F8E220A3F8F05183F8EF21AD
:1041C00013F0A2FC6368002283F89F2038BD01220F
:1041D00083F8EF11A3F8F051024983F8F221EFE7D9
:1041E000E3800201D5800201034610B500785B68C8
:1041F00020B993F89F202AB1012021E0D3F8902024
:10420000D207F9D44C688968144A21F41E5122401F
:1042100021F01001C3F8F220C2F30762090442F052
:104220000802090C83F8F520C3F8F6100021A3F862
:10423000DE1030B9012283F8E020042283F89F20A9
:1042400010BD93F8E0200846013283F8E020D3F84F
:10425000902042F00102C3F89020F1E72FC904F743
:10426000436870B593F89E20042A34D14E688C6858
:104270001B4A24F41E540578324024F01004C3F87D
:10428000F220C2F30762240442F00802240C83F8EF
:10429000F5200022C3F8F64083F8DC2083F89E2046
:1042A00015B9426882F8535193F8B42102F0FF0423
:1042B0009AB91A8803F5D67083F8B541A3F8B621E8
:1042C0004A68C3F8B8218A680649C3F8BC2113F0CC
:1042D0001BFC204670BD0124FBE70024F9E700BF6A
:1042E0002FC904F713830201406890F8B43143B931
:1042F000038800F5D670034943811A23437213F0F3
:1043000003BC70471383020110B50446FEF7CCF8D6
:1043100021F41E51044B21F0100103400904636095
:10432000090CA16010BD00BF2FC904F737B50C46BA
:104330004568FEF7B9F80A4B21F41E5195F8F220B2
:10434000034021F010010093134009048DF8003060
:104350006B46090C019103CB6060A16003B030BDD6
:104360002FC904F7DB0410B5144604D5037D13B13F
:104370000023436310BD436B0133436314F065F8BE
:10438000D0E90D239A42F5D3002303494363204625
:10439000BDE8104013F0C1BB9583020170B54468BD
:1043A0000D46067894F89E30012B09D026B994F872
:1043B0009F302BB1012042E0D4F890309807F9D417
:1043C00094F8E330990719D4284613F08AF984F851
:1043D000ED00B5F80530A4F8EE30B5F80730A4F8D4
:1043E000F03094F8E33043F0020284F8E320DA0777
:1043F00010D51D4904F1E40013F08FFB94F8E3306D
:10440000DB0713D4E6B994F89F3043B14E21402026
:10441000ECF766FB94F85231002BEAD1EEE701236A
:10442000A4F8DE6084F89F3084F8E03094F89E3081
:104430000020012B03D184F89E0084F8DC0070BDBD
:10444000D4F8903013F0020201D05521DFE743F099
:104450000203A4F8DE20C4F8903094F8E030013371
:1044600084F8E030E2E700BF6B84020170B5456874
:104470000446FEF719FE054B014685F89D001B68B2
:104480001BB12046BDE87040184770BD34060021BE
:10449000024B1B6803B11847704700BF300600216C
:1044A000F0B5204E054600243078147080B1431ECC
:1044B0007768DBB2181B01280BDC07EBC40057F848
:1044C00034604068884208BFAE4212D114700120A7
:1044D000F0BD18194610C0F3470057F836C007EB77
:1044E000C60EAC45DEF804608E412CBF0346044680
:1044F000E0E7B54271EB000002D214700020E7E75C
:1045000007EBC30057F833404068884208BFAC420D
:1045100001D11370DBE7A542814128BF013313703D
:10452000ECE700BF8012002110F0070208B503D0AD
:1045300063214820ECF7D4FA18B1034B1972586084
:104540001A70C80008BD00BF80120021014B002274
:104550001A70704780120021014B187A704700BF13
:10456000801200212DE9D34313F0C1FF0DF10702A2
:1045700007460E46FFF794FF98B9114C2278237A2C
:1045800093420ED0616813466FF0604E9DF80700AD
:10459000984209D301EBC003013201202270C3E924
:1045A000007602B0BDE8D08303EB0E00013B01EBC7
:1045B000C000DBB2D0E90089C0E90289E6E700BFAC
:1045C0008012002137B513F092FF0DF10702FFF7BB
:1045D00067FF0446A0B10C4A9DF8070013785568A0
:1045E000411C013B05EBC101DBB213701A1AD2B2B8
:1045F000D200834238BF002205EBC0000EF0DCF889
:10460000204603B030BD00BF801200210A46064894
:10461000822302F8033B0368C1F803304368536008
:1046200083689360704700BF891200211622002121
:1046300001480EF07DB900BF8912002117B402AB0A
:1046400003E903001B48437D83B30B469DF800102C
:1046500009BB93F87C10184A32F811204FF47A7194
:1046600002F23F62B2FBF1F2D3E980147D3144F1F2
:1046700000045218198844F10004426001808460EB
:10468000B3F8983002220D490C3020F80A3C03B0F0
:1046900010BCFEF7B9BF520608D51A880280D3F8BD
:1046A00080224260D3F884228260E9E703B010BC24
:1046B000704700BF89120021D25503010D46010148
:1046C0000F4B4FF47A72042933F8113010B503F20E
:1046D000E73300F1FF34B3FBF2F34FEAC41409D01F
:1046E00003290AD002290CBF6022F022234400FBD8
:1046F000023010BD4FF4D262F8E740F2BE22F5E777
:10470000DC550301274B1A6810B5D2F80F3041F67B
:104710004B540362537D117D1B0443EA0123D17C7A
:104720000B4383636FF45063B2F81910CB18062B58
:1047300096BF4FF47A7340F2E243A1F550615943BA
:10474000A142C161937D8ABFC3EB431403EB830392
:1047500003EB840341F64B5495BF03EB830303EB58
:1047600083039B005B0088BF9BB2A142A0F840304E
:1047700098BF6421B2F8173088BF40F2E2414B4342
:10478000C363B2F81B308384B2F81D30C38492F83F
:10479000243003F01F025B0980F8B22080F8003259
:1047A00010BD00BFA0120021042913B517D19B0131
:1047B00003F53473417990F844400139C9B20329B3
:1047C0001AD81A480144887AD101CA3103FB02136E
:1047D000174A934215D940F262712D200FE0032948
:1047E00003D11B0103F5E773E4E702290BBF0B3389
:1047F0000A339B00DB00DDE740F255310620ECF781
:104800006FF91E2204F03F01B3FBF2F31A0A41F0E4
:104810004001DBB242EA4012002061F3070063F37B
:104820000F20D3B263F3174002B010BDDC55030173
:10483000C3BF030038B5074D044600F1690128687D
:1048400012F047FC94F868102868BDE8384012F070
:1048500055BC00BFA0120021F7B50446803012F00D
:104860009FF9D4F888300BB101221A606388DB0706
:1048700027D50023256A144E05F10A07CDE9003338
:1048800002238DF80630FF2386F820306846EDF7C6
:104890000BFAB0B9009CA542F8D03B466A7A04F105
:1048A0000A01607A12F086F90028EFD0A37886F822
:1048B0002030D4F80330C6F82130044BB4F8072078
:1048C0009A8003B0F0BD00BFA0120021C1120021E8
:1048D00038B5084D044600F1690106232868002216
:1048E00012F02CFD94F868102868BDE8384012F0EA
:1048F00005BC00BFA012002107B512F06FFA8DF8B9
:1049000007000548012306220DF10701006812F097
:1049100015FD03B05DF804FBA012002108B5044B9F
:10492000986910B1403014F066FF00F0010008BD36
:10493000A012002108B5044BD86910B1403014F022
:104940005AFF00F0010008BDA0120021F8B504468E
:104950000E461346C07F6588324615F0040118BF25
:1049600004F17701FEF7A6F9C20705460BD501232E
:10497000E07F84F86830FEF76FFA0368C4F86930A6
:104980008388A4F86D30AB070CD50127084E04F1DD
:104990007701306884F8767012F0A9FB39463068E8
:1049A00012F0B9FB85F00400C0F38000F8BD00BF31
:1049B000A012002110B50446084694F8E0306BBB05
:1049C0002378082904F1E30284F8E13016D004F1D9
:1049D000E201FEF7EFF820B940F6FB612D20ECF77D
:1049E0007FF894F8E23043F0020384F8E23004F1F7
:1049F000D8000B49BDE8104013F086B8094B186881
:104A0000034613F8031BC1F3801184F8E210D0F8B9
:104A10000310C4F8E3109B889380E8E710BD00BF43
:104A2000AF850201A012002170B504460E4615465E
:104A3000FDF718FD98B92378A4F8C96084F8C83048
:104A4000637C84F8C7500BB194F8483004F1BE0081
:104A500084F8CB300249BDE8704013F055B870BD02
:104A6000FB89020110B504460E49943013F04CF84E
:104A70000D4904F1CC0013F047F894F89D20B4F8E8
:104A80009E102046FFF7D0FF084B00221A71084BFA
:104A90001B682BB12146206A0222BDE8104018474E
:104AA00010BD00BFA388020199850201A012002158
:104AB0004006002138B5B0F848300446184D01339F
:104AC000A0F84830AB7C2BB109F060F807F03CFE51
:104AD0000023AB7400232B7194F891302BB101218A
:104AE0002046BDE83840EFF7CBBB637CB3B1B4F8E8
:104AF00048209A4212D301212046EFF7C1FB638878
:104B00002046DB0747BF236A432243224FF6FF714B
:104B100048BF1988BDE83840FFF786BF0021DFE7AE
:104B2000A012002110B5094C2379012B02D0237962
:104B3000022B05D1A37C1BB109F028F807F004FE75
:104B4000A06ABDE81040FFF7B5BF00BFA01200216A
:104B50000346074A906A03B909B9FFF7ABBF137957
:104B6000D26A03F180431269033B52F8233018479D
:104B7000A012002103292DE9F043054685B0904697
:104B80007BD090F890300529DBB202D14288D6075D
:104B900060D5002B5ED10127DFF8E89099F812600C
:104BA000B6B112F04BF8082888F8000014D002AA19
:104BB0000DF10701FDF7FEFF20B940F685612D20BC
:104BC000EBF78EFF02A99DF8070013F09CFC064648
:104BD00098F80030082B08D1D9F8001011F8030B11
:104BE000C0F3801013F08FFC0646D9F8001005F1D1
:104BF000700395F86F2011F8030BC0F3801011F0CB
:104C0000D9FFD9F80010044611F8030BC0F3801047
:104C100012F00AF88146FEF731F9014640B1B9F1C8
:104C2000080F1BD04846FDF7C7FE80F00101C9B24E
:104C300098F80000082815D094B9EB7F1C1A604240
:104C400060416B885A0706D421B996B96B7D93B140
:104C5000BB4210D0002005B0BDE8F0830021E7E79B
:104C60000120EEE714B181F00104E4B204F0010088
:104C7000E7E73046EFE70120EDE743889B07E9D5FA
:104C8000022789E7A01200212DE9F341444C237942
:104C9000012B07D02379022B04D040F63C412D2074
:104CA000EBF71EFFA26A176A0FB197F88170A8B9D7
:104CB0000125A37C1BB108F069FF07F045FD002D1D
:104CC0006BD0A06AEFF736F9002860D008F062FDDB
:104CD000E36A9B6802B0BDE8F0411847216802F121
:104CE000690392F8682011F8096BF00911F062FF6E
:104CF0000028DDD006F00F062068052E2CD190F894
:104D0000243003F01F03102B26D9D4F8288098F8FC
:104D100013500DB308230DF10702314640468DF8BC
:104D20000730FFF727FF0028C3D098F8F130002B99
:104D3000BFD1226808F1F201D31C233253F8040BCF
:104D4000934241F8040BF9D11B8808F1E9000B806C
:104D5000144912F0D9FEACE7394612F004FA0028E3
:104D6000A6D02379A06A012B05D02379022B02D08B
:104D700040F6154193E723793146E26A03F1804317
:104D80005269013B52F823309847054691E7A06AE3
:104D900002B0BDE8F041FFF78DBE02B0BDE8F08182
:104DA000A0120021C7850201032973B5044604D06F
:104DB000052927D0012002B070BD08230DF107029C
:104DC0008DF80730FFF7D6FE0028F3D0237C23B1FF
:104DD0009DF807102046FFF7EDFD0F4D0622042633
:104DE00020462B685A701E70FFF724FD94F85C2053
:104DF000A16D286812F0A8F928682E7108F0DEFD70
:104E00000020D8E7054B1B6823B1984780F00100CC
:104E1000C0B2D0E71846CEE7A01200213C06002120
:104E2000F8B504460F4619B300F13005284613F0D3
:104E3000B0FFA0B963881A072ED5284613F0BEFF2D
:104E40000646284613F0A5FF301AC0B213F0F7FF4C
:104E5000444A936803442846936013F079FF284638
:104E600013F07BFF08F038F92179252007F0B4FF13
:104E70003C4D002394F876202868037043706388C3
:104E8000103B0D2B5ED8DFE803F0595D550C5D40FB
:104E90005D5D5D5D5D5D5D402046BDE8F840FFF70E
:104EA00009BE06234370202303702046FFF7C2FC8F
:104EB000638823F008039BB2152B05D094F8542087
:104EC000216D286812F031F9286808F077FD032376
:104ED000217900202B7108F00DF9064607B9E8602A
:104EE00063881B0704D513F0A7FF0644C4F82861A4
:104EF0006388103B0D2B30D8DFE803F0322F2929CF
:104F00002F292F2F2F2F2F2F2F290C2343702123B1
:104F1000037042B104F1770112F0E9F80121286829
:104F200012F0F9F8C1E704F1700112F0E0F894F81A
:104F30006F10F4E7062303704370B6E70223037093
:104F40000623F9E740F226612D20EBF7C9FD217910
:104F50000120BDE8F84008F0C3BE40F6AA41F3E7DF
:104F6000F8BD00BFA012002138B543880446102BBD
:104F700004D10121BDE83840FFF752BF0B4DAB7C97
:104F800023B107F0C5FB402008F0F4FD286808F0C5
:104F900015FD608810F0040002D1217908F0A0FE10
:104FA000002008F0A9FD01232B7138BDA0120021BB
:104FB00003292DE9F743044605D0052900F0868032
:104FC000FFF778FD7CE008230DF103028DF8033034
:104FD000FFF7D0FD002877D0237C23B19DF8031084
:104FE0002046FFF7E7FC0123B4F802803C4E002581
:104FF0001F464FEA98123068294662F38617072247
:105000004370C8F380180270C57012F0C1F92A46C7
:105010003946306812F0C3F92046FFF759FC306872
:1050200012F027FAB4F85C30C0F1FE05AB42B4BF11
:10503000DDB2EDB2AB422AD947F01007002230684A
:10504000A5F10309394612F0AAF9306812F09CF96B
:10505000A91E5FFA89F9014420464D46C9B213F0F2
:1050600057FC0422C0F307238DF80400C0F3074067
:105070000DEB02018DF8053003238DF80600306832
:1050800012F05CF900223946306812F088F9B8F164
:10509000000F06D094F9142094F844106079FFF7BB
:1050A0002BFC2A46A16D306812F0ADF9FF20358245
:1050B000617907F091FE07233068337108F07EFCB8
:1050C000002003B0BDE8F083204679E7054B1B685C
:1050D00023B1984780F00100C0B2F2E71846F0E72C
:1050E000A0120021380600212DE9FF4708230DF109
:1050F0000702052104468DF80730FFF73BFD002825
:1051000000F08580444D206AFFF7FCFA2B68D3F845
:105110001F0093F8232002908DF80C20226AD3F808
:105120000310C2F80310B3F80710A2F807101B7899
:10513000206AC3F380138370384B1B6813B10122BC
:1051400021469847266A0E2328684FF00808B7784A
:105150000021437080F8008012F01AF900224FF00D
:105160000301286812F01BF92046FFF7B1FB39460E
:10517000286811F0D0FF06230122F11C286812F0E4
:10518000DDF86179FF2007F027FE286808F016FC9B
:10519000266A67790DEB080106F1A60094F914A0C0
:1051A00011F056FE86F87C7086F87D704FF0FF098E
:1051B00086F87E90F91E06F1440001298CBF00217B
:1051C0000121FEF72DFA51463046FDF751FF216AC5
:1051D00000239DF80720204684F89D300B8884F832
:1051E000BB90A4F89E304FF6FF73A4F8BC3013F0C8
:1051F0009DFB236A1A8885F80480A4F8D52093F8CB
:10520000A63084F8D730012004B0BDE8F0872046EE
:10521000FFF750FCF7E700BFA01200214006002175
:105220002DE9FF4708230DF10702052104468DF8FB
:105230000730FFF79FFC064620B90026304604B031
:10524000BDE8F087414F396807F1210397F8202026
:1052500011F8030BC0F3801011F0ACFC05460028D8
:10526000EBD13A68216A104691F8A63010F803CBCA
:1052700003EA5C1303F0010381F8A630D2F803308F
:10528000C1F803308388A1F807301346D4F820C052
:1052900013F81F1BC1F380118CF80210D2F81F0005
:1052A0001B79029060468DF80C30FFF72BFAD4F88A
:1052B000208002A994F914A008F1A60011F0C8FDFD
:1052C00040F20113A8F87C304FF0FF0988F87E9077
:1052D000294608F14400FEF7A3F951464046FDF780
:1052E000C7FE216A84F89D5020460B889DF8072050
:1052F000A4F89E304FF6FF7384F8BB90A4F8BC303E
:1053000013F014FB124904F1940012F0FDFB236A20
:10531000104904F1CC001A88A4F8D52093F8A630DF
:1053200084F8D73012F0F0FB236A2A462046198809
:10533000FFF77AFB084B3D711B68002B3FF47EAFF3
:105340002A462146206A984778E700BFA01200212C
:10535000A3880201998502014006002110B5154C71
:10536000A37C1BB108F012FC07F0EEF9A06AEEF77F
:10537000E1FD20B1A06A438803F0180323B9A06AB5
:10538000BDE81040FFF796BB2379012B07D02379A6
:10539000022B04D040F643312D20EBF7A1FB2379FB
:1053A000E26A03F18043D268013BBDE8104052F845
:1053B00023301847A01200212DE9F04FB0F802B0B9
:1053C0008BB0044616461BF00307019108D0012F4D
:1053D00006D0022F04D040F253612D20EBF780FB62
:1053E0000BF00703052B08D1002E72D04FF00009F7
:1053F0004FF0010A4D46012209E0022B5DD1002E3B
:1054000067D04FF000094FF0010A4D464A464FF071
:1054100001081BF0400B04D0002E00F0FE804FF07E
:10542000010B48EA4202DFF86C820121072042EAC0
:10543000CA03002243EA051343EA491949EA8B1BD0
:105440000BF07B030093D8F800309DF800B05A7041
:1054500018705970002E40F00381B146DE70394655
:10546000D8F8000011F094FFD8F800004A469DF8E3
:10547000001011F094FF009B9DF80070D80702D532
:105480002046FFF725FAB90710D5019BD8F8000090
:10549000002B00F0F68004F177010623012211F0C1
:1054A0004DFF0121D8F8000011F035FE0023002B3C
:1054B00000F0F28040F635018FE7002B47D15EBB4C
:1054C0000BF02303B4F85420134309D01BF0200938
:1054D00013D04FF0000901254A46AA46C84698E76E
:1054E000FFF71CFA0028F1D1FFF724FA0246002842
:1054F000ECD1B1463546B24689E794F804800125DF
:10550000A8F10308AA46B8F1010F94BF4FF00008B4
:105510004FF001084A467CE7FFF700FAA8B9FFF709
:1055200009FA1BF0200500F001096CD194F8048001
:105530004FF0010A2A46A8F10308B8F1010F8CBF09
:105540004FF000084FF0010863E70120E9E7012B65
:1055500017D194F8048056B9A8F10205B1469A46CD
:105560003246D5F1000848EB05081D4651E7B8F171
:1055700002084FF000099A4618BF4FF001084D4647
:10558000C8E7062B3FF430AF042B39D126BB0BF014
:105590002303B4F85420134311D022794FF00009AB
:1055A0000125033A012A94BF002201221BF0200F9B
:1055B0000CBF90464FF000084FF0010A29E7FFF7B3
:1055C000ADF90028E9D1FFF7B5F982460028E4D10A
:1055D0004FF000094D460EE7FFF7A0F970B9FFF74D
:1055E000A9F9227900F00109033A012A8CBF0022AF
:1055F00001221BF020050CD19046DDE70120F0E7E9
:1056000040F2F661E9E600254FF0010A2A46A84675
:10561000FFE600254FF0010AF9E7B4F8541059B13C
:1056200094F804B0ABF1030BBBF1010F94BF4FF042
:10563000000B4FF0010BF4E6618801F02301002913
:10564000EED10092FFF76AF9009A0028E8D1FFF73F
:1056500071F9009A0028E3D1002F3FF4E0AEDFE7B4
:10566000DA70FFF767F950B1D8F81C3093F8BD3005
:10567000002B0CBF4FF000094FF00A09EFE68146FE
:10568000EDE604F170010623012211F057FE94F8B3
:105690006F1007E7A01200213A0716D5626C05A922
:1056A000D8F80000C2F30B2262F30B0394F84620F3
:1056B000ADF814301209C3F3072362F30713032272
:1056C0008DF81530022311F039FEBF0640F1B58088
:1056D000D4F85831D8F81C700293D4F85C31039395
:1056E0000FB9D8F81870D7E918A30193FFF722F97A
:1056F00080B1D8F81C3093F8BD305BB107F14000A1
:1057000014F0A4F930B93B6F13EB0A0A019B43F183
:1057100000030193397C4FF0000CA34BD8F8142000
:1057200033F811004FF47A73DDF808E000F2E73047
:10573000B0FBF3F0D2F1900361EB0101B3EB0E0388
:10574000DDF80CE061EB0E01C318019841F1000196
:1057500013EB0A0340EB0101D4F84C01B3F5161F1B
:10576000A0EB020E9DF8150071F100024FEAEE7AEF
:1057700000F0BF000ADB6CF345108DF81500BDF892
:1057800014306FF30C03ADF8143026E0B3F5703F1E
:1057900071F1000208DB9E457AEB0102EBDA40F082
:1057A00020008DF8150007E09E456CF345107AEB5C
:1057B00001028DF81500E2DA9DF8152012F0200F95
:1057C000BDF8142014BF4FF4967A4FF01E0AB3FBB5
:1057D000FAF363F30C02ADF814203B6F40F2E2429F
:1057E000B3FBF2F3ADF81630D7F81730FA7E069314
:1057F0009DF81C3062F304038DF81C30FCF780FE2A
:105800009DF81C3060F347138DF81C309DF815305F
:105810006FF3C7138DF815303B68CDF81D303B7919
:105820008DF821307B798DF82230BB798DF82330CB
:10583000B7F852300133ADF82430012E4FD1B4F80F
:105840005430002B4BD06388980748D4DFF85CA114
:10585000DAF8000011F098FD421CB4F85410034629
:10586000D2B2BAF81070C2F1FF00CF1B8742A8BFB6
:10587000D743FFB2B94227D96288D10724D4019314
:105880004A46009B033FD8F80000012543F0100171
:10589000FFB28B4611F083FD019B2046191D394450
:1058A000C9B213F035F8C0F307238DF81000C0F328
:1058B00007408DF8113004228DF81200032304A94B
:1058C000D8F8000011F03AFD3A46216DDAF80000F0
:1058D00011F099FDBAF810301F44AAF8107065F362
:1058E000041B1BF0200F5FFA8BF506D02F48122304
:1058F000052205A9006811F021FD6A060CD5002ECD
:105900004AD104F13000267913F063FA014694F984
:1059100014203046FEF7F0FFFFF70CF8002836D0D1
:10592000224CE36993F8BD308BB30721206811F056
:1059300024FD092340F2E241037032234370E369FE
:10594000D3F890308370E369D3F890301B0AC370AA
:10595000E369B3F892300371E36993F893304371CC
:10596000E36993F8A1308371E369D3F89420B2FB23
:10597000F1F2C2717D22E369D3F89830B3FBF1F301
:105980000372E369D3F89C30B3FBF2F343722B0646
:1059900006D540F69A0120E5667994F84410B6E7FA
:1059A0000BB0BDE8F08F00BFDC550301A012002151
:1059B0002DE9F74F04460F4690F8440007F08CFBA2
:1059C0006179FF20744D07F007FA002F48D128684D
:1059D00011F07DFB94F80480064604F1300013F0CA
:1059E000EDF9B8F1040F2CD1B60106F53476EB6869
:1059F00003EBC013CA3306FB003663880020190787
:105A00006E6142BFAB68F6186E616279696907F032
:105A1000EFFC63889A072AD05FBB6179012008F008
:105A20005FF9012294F876102046FFF7C5FC28683C
:105A300007F0C4FF06232B7101236B7103B0BDE88F
:105A4000F08FB8F1030F03D1360106F5E776CEE704
:105A5000B8F1020F0BBF0B360A36B600F600C6E7E8
:105A600062794FF4A571002007F05EFED1E7002FA8
:105A7000D7D066884FF0000A286806F00203C6F304
:105A800080165146002B4FF007030EBF4FF001095F
:105A90004FF00009D4F858804FEAC90912BFB4F892
:105AA0005C70D4F85080B4F8547049EA861B0370D7
:105AB000012380F803A0D946437011F069FC5246D7
:105AC0005946286811F06BFC1BF0080F17D0626C68
:105AD00001A9BDF80430C2F30B22286862F30B035E
:105AE00094F84620ADF804301209C3F3072362F39B
:105AF000071303228DF80530022311F01FFC2868DC
:105B000011F0B7FC2B8AC0F1FE06FA1AB242B4BFFC
:105B1000D6B2F6B233449F422ADD002249F010018A
:105B2000286811F03CFC286811F0A3FC2E8ABF1BEA
:105B3000C0F1FE062868B742B4BFFEB2F6B211F05B
:105B400023FC811920460131C9B212F0E1FE042282
:105B5000C0F307238DF80400C0F307400DEB0201EA
:105B60008DF8053003238DF80600286811F0E6FB58
:105B700063885B0606D594F9142094F84410607984
:105B8000FEF7BAFE298A32462868414411F03BFCF0
:105B9000288A06442E824AE7A012002110B5084C3C
:105BA000B0F85C30228A9A4205D00121FFF700FF4D
:105BB0000723237110BDBDE81040FEF77BBF00BF77
:105BC000A012002138B5438804461E4D13F0020F81
:105BD0000FD1DB070DD42A8AB0F854309A4203D192
:105BE000BDE83840FEF766BF0121BDE83840FFF749
:105BF000DFBE0020617908F073F86388617913F0E3
:105C0000020F14BF0C20222007F0E6F802232B71AC
:105C1000AB7C4BB106F07CFD6379033B012B94BF59
:105C20004520402007F0A6FF6379033B012B94BF7A
:105C30002820002007F060FF2868BDE8384007F002
:105C4000BDBE00BFA0120021094810B5037903F0C2
:105C5000FF0453B92422214604300CF069FE07F0FA
:105C600095FF06F071FD204610BD0C24FBE700BF38
:105C7000A012002110B50023084C23712060FFF70B
:105C8000E3FF20B140F2F6212D20EAF729FFE36A75
:105C900013B940F2F921F7E710BD00BFA0120021AF
:105CA000014B024ADA627047A0120021E863010149
:105CB000044B054A1A60054B054A1A60054B064A13
:105CC0001A6070473C060021215201014006002164
:105CD0000942000138060021E95001012DE9F3478E
:105CE00004460E4600297BD000F13005284613F00B
:105CF00050F828B9638818076CD5284613F028F89F
:105D0000284613F02AF807F0E7F92179252007F053
:105D100063F8364D28680379D90623D5C3789A06E7
:105D200020D011F0D4F9074604F1300094F8048033
:105D300013F02FF8421C3B464146D2B22046FEF7F4
:105D400033FD0422C0F307238DF80400C0F307409D
:105D50000DEB02018DF8053003238DF8060028684D
:105D600011F0ECFA46B304F1300A2868D5F80C803B
:105D700011F0ADF98146504613F020F80746504621
:105D8000013F13F006F81FFA89F2391A2079C9B2D7
:105D900013F03CF8638880441B0708D5AB680121E9
:105DA0002046984412F0B4FE4044C4F828012279F9
:105DB0004146002007F01CFB286807F0FFFD26B9CC
:105DC0002179304607F096F9E86005232B7102B07F
:105DD000BDE8F087204602B0BDE8F047FEF76ABE96
:105DE0000A4690F87610FFF7E7FA92E7A012002132
:105DF00070B5174E012504463030B57112F0C9FF59
:105E0000F8B96388DA0604D52046BDE87040FEF78D
:105E100051BEB279002AF7D003F02303B4F854201E
:105E2000134305D020460021BDE87040FFF7C0BDF8
:105E3000FEF774FD0028F5D1FEF77CFD0028F1D1B6
:105E4000E2E729462046BDE87040FFF747BF00BFA4
:105E5000A012002170B5114D0026012104462E82AA
:105E60006E7112F055FEAB680344AB60B4F8483075
:105E70000133A4F84830FDF765FC4FF47F7394F8C4
:105E80007610B0FBF3F202FB1300AB683246184405
:105E9000A8602046BDE87040FFF78EBAA01200212E
:105EA00010B5094CA06A4388092B07D1FFF7D2FF30
:105EB000A06A0121BDE81040FFF710BF0121BDE835
:105EC0001040FEF7ADBF00BFA0120021F8B5867DDF
:105ED0000446B31EDBB2012B8CBF0027012796B30B
:105EE000023E18BF0126012B2DD800F1700190F859
:105EF0006F0010F099FE054663889B0605D4082DB7
:105F00002CD02846FCF764FD40BBE577A77784F8E2
:105F10006860FCF749FE054609F066FB164B002257
:105F2000A5FB033584F876201B18204645EB0105B8
:105F30001146C4E91835FEF709FD70B940F29341E6
:105F40002D20EAF7CDFD0825D6E704F1690130469A
:105F5000FCF7CAFB0028D8D10020F8BD002EF4D0F1
:105F6000637F002BF8D0D4F81730C4F86930B4F848
:105F70001B30A4F86D30C8E740420F002DE9F04F08
:105F800007469BB00C4605460EAE95F812900FCF13
:105F90000FC60FCF0FC697E80F0086E80F0006A8C0
:105FA0006E7912F0BBFEA37A61780293237801F038
:105FB0007F080393237D013BDBB2022B00F281803B
:105FC000684AC90613449F7B06D4A37D013BDBB21C
:105FD000022B76D813449E7BB9F1010F05D1042F13
:105FE00008BF0327042E08BF0326617A06A812F013
:105FF0009CFE237DA27E06A8022B02F101020CBFAB
:10600000617D0121D2B204BF0131C9B212F08FFE0D
:1060100018F0080F6CD106A812F0D0FE6378824603
:10602000DA0653D4EBF74EFF814639465046FEF769
:1060300047FB0123014632464846CDF8008012F066
:10604000D1FA40F27121227900F53970E378B0FB82
:10605000F1F043EA02236279484343EA02434B43A7
:10606000984238D84FF0000B94F818A00593A37C01
:10607000E86C04930AF1FF33D3F1000A4AEB030AF8
:106080000DF08FFD8146E86C0DF09BFD059B4845AA
:1060900038BF48460DF1180980B260B308A9CDF8A1
:1060A0002090ADF824808DF830708DF83160CDE906
:1060B0000A3B12F0C7FB059BE8B945201BB0BDE8C1
:1060C000F08F40F21D310620EAF70AFD28224146F2
:1060D00000F096F9B5E7E379A27942EA0322237A40
:1060E00042EA034201FB02F3984298BF0346B9E734
:1060F00000239B46B8E7CDE9103B049B039A8DF83B
:106100004D308DF83C700EAF029B8DF83D602E46F1
:106110008DF848A08DF84E308DF83820ADF83A80D3
:106120000FCF0FC60FCF0FC697E80F0086E80F00FE
:1061300099E8030028630020A986E37A13F0FD0F95
:1061400014BF0123002385F86F30E3682B67238A8F
:10615000A5F8743095F84630E27D62F3071385F8B0
:106160004630ABE7DC5503012DE9FF41564E0446AE
:10617000327902F0FF0312B90278FF2A04D140F607
:10618000A9112D20EAF7ACFC3382B3607371B371AF
:1061900080F891304D4B684604F1300500934C4B2C
:1061A00001934C4B0293F36A5B68039307F0F0FB97
:1061B00006F076FE07F0EAFC06F0C6FA464806F05E
:1061C00081FF464807F0DEFB284612F0C1FD284655
:1061D00012F0C3FD06F080FF2179252006F0FCFDBA
:1061E00094F9140006F068FF04F15001E06C0DF022
:1061F00067FC074604F15801E06C0DF088FC80460E
:106200001FB194F82430002B38D1B8F1000F37D0EB
:1062100094F82550A37F13B963885B0709D56FF005
:106220000043D4E918129A4208BFB1F1FF3F29D1C7
:1062300085BB002F08BF474694F8933003B9AFB130
:10624000638813F0100511D1606CC0F30B2012F0BD
:106250000EFD94F8463084F84500C0F3032023F087
:106260000F03184384F8460084F8935030680330D5
:10627000FCF7E6FCB07404B0BDE8F0810125C9E785
:106280004546C7E709F0B0F9D4E91823904271EB0D
:106290000303CDD30122204605EA0201FEF756FB97
:1062A00068B1FCF781FC054609F09EF90C4BA5FB93
:1062B00003351B1845EB0105C4E91835B9E7002D76
:1062C000B7D040F6DE115CE7A01200215D5301015A
:1062D000894C0101514B0101D6BE898E555555009F
:1062E00040420F0037B504461C4DFFF73DFF042127
:1062F0002078EBF79FFC0621A8612078EBF79AFC49
:10630000AB69E8612BB120B140F616212D20EAF7E8
:10631000E7FB204612F0EEFA618811F0100118D068
:1063200000212046FEF77CFD94F892305BB1684670
:10633000FCF7F6FE38B1694604F1360010F088FD2E
:10634000002384F89230204603B0BDE83040FEF7C9
:1063500083BA2046FFF7C2FCE6E700BFA012002187
:10636000024B9862DB6A1B68184700BFA01200212D
:1063700043881A0710B504460ED5036A3C220F491C
:10638000943042721B884381FF2380F827304FF6F8
:10639000FF73038511F0B8FB63882046DB0747BF16
:1063A000236A3C223C224FF6FF7148BF1988FEF752
:1063B0003BFBFF2384F8913010BD00BFA38802018E
:1063C000A94D0101B14F0101694F01014D8A02013F
:1063D000F15D0101C55B01019D5B0101654A0101A0
:1063E000478A02015D8B0201E5620101254B010133
:1063F000A15E0101E0630101C8630101C063010105
:106400000138022808B503D9C3212F20EAF768FB19
:1064100013290A4B05D811290CD8102907D0D121EE
:10642000F3E71529FBD103EB4003D88801E033F8EB
:10643000100008BD03EB40039889FAE7EE5503010D
:10644000F8B52F4B40281A8842EA00021A8005D17D
:1064500004219868BDE8F840EDF72EBE802801D1F0
:106460000521F6E700F00302032A04D140F6CA1121
:106470003120EAF735FB10F0020418BFD960C507D8
:1064800005D5CA781961062A0DD00B2A18D02CB16F
:10649000DA68D278052A1FD00B2A2AD0820644BF98
:1064A00008221A75F8BD9A6892F89F101929EED142
:1064B000002600270121C2E9406782F8A310E6E721
:1064C0009A6892F89F10132901BF002182F8A31047
:1064D000012182F8E210DAE79A6892F89F101729F2
:1064E000DCD1002400250121C2E9424582F8A41034
:1064F000D4E79A6892F89F101229CFD10021F5E7CE
:10650000D012002113B5044601A8FCF775F820B994
:1065100040F2CA713120EAF7E3FA322200210198F1
:106520000CF006FA0321019811F03CF8019821467D
:10653000037823F010030370FCF732FE2246019922
:106540000548FDF7D5FAFCF76DF810B940F2D471A3
:10655000E0E702B010BD00BFD412002170B5274C97
:10656000A36893F8D66293F8D752002E3FD193F8E0
:106570007C10002D3DD193F87D2083F87C1083F8AA
:106580007D20FF2283F87E201D4B1B680BB1A06885
:106590009847A36893F84C31012B02D056EA0503C3
:1065A00003D000211748FBF7B3FFA068443011F077
:1065B000EEFA0546A06800F27511FDF753F8A068E1
:1065C0000621EDF779FDA068443011F0E0FA85422C
:1065D000044610D209F01AF80146601B402838BF63
:1065E00040200BF0F1F9B0FA80F0400970BD31465F
:1065F000BFE72A46C1E70120F8E700BFD01200211B
:1066000058060021D41200210029A0F10E0308BF72
:106610001F2110B5182B22D8DFE803F00D2121210E
:106620000D210D21120D21212121213621213C2175
:10663000212F2F2F47000021BDE8104012F003BC8E
:106640001E4CA36893F89E20222A0AD1201DFBF736
:106650005FFFA368002283F89E2083F8DC200020DF
:1066600010BD2F2AFBD193F89F30A3F12102062AF7
:10667000EFD92F2BEDD02A21E8E7114B1B68002B17
:10668000EDD0BDE8104018470E4B1B68002BE6D03C
:106690001D20F6E70C4B1B68002BE0D007480A468C
:1066A00020218068BDE810401847084B1B68002B6C
:1066B000D5D00748BDE81040184700BFD0120021D0
:1066C000540600216C060021480600217C060021AA
:1066D000D4120021134B02460979986890F89E3035
:1066E000222B13D02F2B11D0292B11D0042B11D0FA
:1066F000102B11D01E2B11D090F89F0024280FD002
:10670000302B14BFFE202620FFF77EBF1620FBE7AC
:106710002320F9E70E20F7E71220F5E71420F3E72E
:106720001720F1E7D01200210A460146044808B5B7
:1067300013F022FF10B9024811F051FB002008BDF0
:10674000D412002108B50C4B9B6893F83221FE2A25
:1067500004D040F2D9713120EAF7C2F983F832014E
:1067600011B9A3F8DE1008BD0022A3F8D820012239
:1067700083F8DC20F7E700BFD0120021104B1A7D10
:10678000CAB970B99B6841F64B52D969914215D983
:10679000B3F86C10B3F8502091420FD81846EDF7BB
:1067A000E1BB1A88120708D59B6893F8A000083847
:1067B00018BF01207047002070470120704700BFBC
:1067C000D0120021164BDB6810B51979436893F895
:1067D0009E200A2A09D193F829218A4205D1002254
:1067E00083F89E2083F8DC2010BDD3F8902012F0AF
:1067F000080407D022F00802BDE81040C3F890203A
:1068000011F000BBFF2905D1342283F8CC4283F874
:106810009E20E9E740F2DE413120EAF761F900BF4E
:10682000D012002110B5044608796268262892F833
:106830009E303BD8112807D80E2839D12246012195
:10684000BDE8104012F0FFBAA0F11202142A2FD8AE
:106850000FF2040C5CF822F03D680101B1680101FF
:106860003D680101B1680101B56801013D680101A0
:10687000B1680101B1680101B1680101B1680101AC
:10688000B168010103690101B1680101B168010149
:10689000B1680101B1680101B1680101F16801014C
:1068A000B1680101B16801010B690101FF2833D012
:1068B000002010BD222B01D02F2BF9D1204611F042
:1068C0008EFA636893F89F20232AF1D093F8F3207F
:1068D0001A21204622F0010283F8F320626892F820
:1068E000F33023F0080382F8F330FBF711FEDFE703
:1068F000292BDDD10C4B1B68002BD9D020469847A3
:10690000D6E7332BD4D1094BF5E7094B1B68002B95
:10691000CED020469847CBE7064B9B69002BC7D0CB
:10692000012382F8CE32C3E75C0600217006002105
:1069300074060021D0120021F7B50546924C0028BC
:1069400040F0DD8023881F0752D5A36893F83221D9
:10695000222A13D02A2A01D01C2A05D1002283F82A
:1069600054218A4811F03BFAA36893F83221FE2A99
:1069700011D14FF4AA613120EAF7B2F883F8560139
:10698000834B1B68002BECD0A06800F5AB7100F5C1
:106990009C709847E5E7FE2283F8322193F89F2008
:1069A0001B2A08D10026794883F8E16011F02AFA01
:1069B000A36883F89F60A36893F89E20342A3AD096
:1069C000402A41D0212A0AD193F89F20A2F1210127
:1069D000062901D92F2A2CD12F2283F89E20A368C3
:1069E00093F8A020082A02BF0222227783F83221DE
:1069F0002388DE0757D5A368276993F89F30123B99
:106A00000B2B0DD8FB78023BDBB2092B00F2B780D1
:106A1000012202FA03F340F23332134200F0AF8056
:106A20003846FCF7ADFB98B93946584811F028FABA
:106A300089E02222D1E7012283F8CD22002283F8C7
:106A40009E2083F8DC20CAE7504811F0C8F9C6E759
:106A5000FE78012E01D9162E0FD1A36893F89E005F
:106A600011F0E5F948B1A36893F89E20212A04D0DB
:106A7000222A40D12F2283F89E20112E67D058D889
:106A8000072E66D00D2E66D03046FDF7F5F9034689
:106A9000002855D1FF2EC7D1A369002BC4D0A3680D
:106AA000012283F8CE222388580706D5A26892F8DF
:106AB000A020072A04BF0122227799070FD5E36897
:106AC000DE780D2E49D0112E49D0072E49D0304600
:106AD000FDF7E6F90346002845D02C48984723885F
:106AE000DA060CD5A36893F89F200B2A07D10C2255
:106AF00083F89F2003E0162E0CBF20250225237D5E
:106B00001B0713D5A36893F89F30123B0B2B38D982
:106B1000002601A903200196ECF770F8019B2BB128
:106B20001E720C22A1680198FCF73CFD284603B0B8
:106B3000F0BD142EA8D1174B1B68002B3FF474AF87
:106B40002169124898470028ADD00546D7E7124B77
:106B5000F6E7124BF4E7124BF2E7124BBDE7124B8C
:106B6000BBE7124BB9E7FF2E06D1A268342182F8A9
:106B7000CC0282F89E10B2E740F24451FBE60825B1
:106B8000BDE70825D2E700BFD0120021D4120021B2
:106B90004C06002168060021878F0201256801014B
:106BA000D5660101F58E0201138F0201C56701014F
:106BB000024B002098611862704700BFD01200217C
:106BC00008B50022044B9A611A62FCF765FEBDE825
:106BD0000840FDF731BA00BFD0120021024B98697E
:106BE000003818BF01207047D01200212DE9F04372
:106BF000814C0E4687B00746B4F80080A16818F4AF
:106C0000007F01F190050CBFB1F8D2200023284687
:106C10000DBF0132A1F8D23081F81732A1F8D2208D
:106C200012F08FF928B1434601F5B6722846FDF7F8
:106C300099FB238803F4C06343B1A06890F8A230A5
:106C4000002B00F0AF80032B00F0B280A1682388F6
:106C500091F8A220012A04D11D0544BF022281F827
:106C6000A220002F40F07C81580657BFB1F8302297
:106C70003A46013292B2A1F8302203F00A020A2AFF
:106C80000DD1E268D278022A09D123F008033046F8
:106C90002380FFF751FE06430823F6B223803046D7
:106CA000FFF74AFEA3690643F6B2002B5FD0142219
:106CB000002101A80BF03CFEA36893F87D0007F0CB
:106CC0009BFAA368054693F87D0007F08DFA05F559
:106CD000FA754FF47A71A268B5FBF1F51388054493
:106CE00041F27070ADF80430B2F89830ADF80A5047
:106CF000ADF80830D369A3F57A75854295BFB3FB2B
:106D0000F1F340F2E24103F55063B3FBF1F39BB2C0
:106D1000ADF8063092F8CE3233B12069C31C04932B
:106D200010F03EFC8DF81400A26801A89DF80C300C
:106D300092F8CD2262F300038DF80C30A3699847D6
:106D4000A3680022049983F8CE2283F8CD2271B182
:106D500093F8CC225AB993F89E20342A07D09DF894
:106D6000142022B10878FF2827D11B2A2CD9A36828
:106D700093F83221FE2A4FD1002E4DD193F8A02056
:106D8000073A012A48D993F840312BB3A36801216F
:106D9000022093F84121A3F8D66083F83421FFF74D
:106DA000D1FC39E0012180F8A210EDF785F94DE71B
:106DB0000223012180F8A230F7E70728D7D1022A61
:106DC000D5D14878FF28D2D10120C3F8D01283F85A
:106DD000CF2283F8CC02CAE7A06890F89F30A3F1D5
:106DE0001105EDB20C2D40F27B81D0F89030DA071E
:106DF00004D531460920D2E7D0120021990740F18D
:106E00000E8131460C20FFF79DFCA26892F8E3301A
:106E100043F0010382F8E330A568B5F8103295F825
:106E200014820133A5F81032B8F1000F00F0B182DE
:106E3000EBF7D6FE10B10023A5F81032A16891F847
:106E4000A230012B40F2F18291F8A030082B40F0E3
:106E5000C182B1F8D230022B40F2E782B1F8D450AF
:106E60000135ADB2B1F89830DFF8A0822B44A1F81B
:106E70000832D8F80030002B00F0DB824B8E012B5B
:106E800040F2D782EBF7A2FE0246A068D8F8008055
:106E9000B0F89810C047A36800F10108B3F8329029
:106EA0001FFA88F8A36893F81522002A52D1012D01
:106EB00050D993F89F200AB10C2A4BD193F89E2009
:106EC000002A47D193F8A020002A43D193F8A220AA
:106ED000022A3FD193F81722002A3BD158690CF0BF
:106EE00098FB002836D0A36893F83221FE2A31D1CE
:106EF000B3F80A22012A2DD9B3F810129A8C9142C4
:106F000028D2B3F82E0128BB013D521AADB292B27D
:106F1000B5FBF9F5954228BF154605FB09881FFA10
:106F200088F893F88B307BB9A268D2F884305BB1D3
:106F3000B2F8CE30B2F898209B1A9AB21BB2002B4E
:106F400002DD9845A8BF9046003DA36818BF012503
:106F500083F81252A368B3F898008044A3F80C8217
:106F60002288A368550657BFB3F81C220022B3F845
:106F70000E125218A3F81C2293F840312BB9A368C3
:106F800093F8A030073B012B07D8A368B3F8D620AD
:106F9000B3F80E120A44A3F8D620A26892F8DC00D7
:106FA00030B1B2F8D830B2F80E120B44A2F8D83093
:106FB00092F9E0100029C1BFB2F8DE30B2F80E52EB
:106FC0005B19A2F8DE3092F8C1305BB9002F40F0B7
:106FD0007B82237F022B40F0308292F83431062BE3
:106FE00018BF1623A26892F8C0202AB9A2684848A0
:106FF00082F8C130FCF7BCFFA06812F002F8454BE4
:107000001B681BB1444AA06811689847A368002216
:1070100083F8132207B0BDE8F043FBF729BB5A07FA
:1070200002D531461320BAE6190706D590F8283163
:10703000314680F834310720B1E61A0602D5002126
:107040001B20ACE613F030013FD090F84331002B09
:1070500040F04082A36893F84231F3B1A06890F801
:107060009F3000F5A17100F2D622262B2BD090F88C
:107070009E30A3F1260CDCF1000343EB0C0310F06F
:107080008FFDA268D2F8903023F0200343F0100364
:10709000C2F89030002382F84231A068D0F89030D6
:1070A000DA0640F1178200F27511FCF7DBFAA368EB
:1070B00000211520B3F86620A3F83421B3F86A2024
:1070C000A3F836216BE60123D9E713F0400201D083
:1070D000242064E6DB0540F1FD8111461E205EE6BA
:1070E000123B0B2B54D8DFE803F006535353091916
:1070F00053535353534400210B2050E6FCF7AAFF8F
:1071000000283FF489AE0021042048E678060021DB
:10711000D4120021440600213000002190F8C8322A
:10712000012B08D100210520FFF70CFBA3680022EA
:1071300083F8C82270E6A36893F8C832022BD8B24D
:107140007FF46AAEA368062293F8E2501DB10021D5
:1071500083F83421E8E79B48032110F062FEA3681E
:10716000294693F8F23013F0040F14BF11200D20BC
:10717000DAE70021062012E6002111200FE693F83D
:107180004C21012A04D193F84D31002B00F0B3813A
:10719000A36893F89E2082B993F89F20113A0C2A95
:1071A00040F2B08193F8D020002A00F0AB81012199
:1071B0001220F4E500212020F1E50A2A40F09E810A
:1071C00093F82921012183F8342134E7A36893F847
:1071D00052319BB1A36893F8E33013F003050DD14E
:1071E00001210C20FFF7AEFAA36893F8E32042F0E8
:1071F000010283F8E32083F852519BE7A36893F8D8
:10720000423153B3A36893F8433133BBA06890F87D
:107210009F3000F5A17100F2D622262B1BD090F8EA
:107220009E30A3F1260CDCF1000343EB0C0310F0BD
:10723000B7FCA368002283F8422101211420FFF744
:1072400081FAA368B3F86620A3F83421B3F86A2062
:10725000A3F83621E0E50123E9E7A36893F84C2180
:10726000012A70D193F84D31002B6CD1A06890F8B1
:107270009F50A5F12103062B65D92F2D63D090F8DF
:107280007C104B1EDBB2032B09D890F87D20DFF871
:1072900038E1013A1EF803C0D2B2032A04D940F201
:1072A0000B310620E9F71CFCBCF1020F90F84E31BF
:1072B00010D0BCF1030F0FD0BCF1010F04D1012B92
:1072C00014BF002301234BB90B3D042D23D9012109
:1072D000162064E5022BF3E7042BF1E71EF80220E9
:1072E00090F84F31022A24D0032A24D0012AEBD16E
:1072F000012B14BF00230123002BE5D0B0F89830F8
:1073000000F53572B0F850010FF0CDF90146A8B97B
:107310002C48FBF7FDF8A36893F89E20002A7FF421
:107320007BAD93F8CC32002B3FF476AD0121FF20EA
:1073300035E5022BDDE7042BC6D1DFE7A368282261
:1073400083F89E2068E5A36893F8563113B10121B4
:10735000222024E5A36893F854313BB11B4B1B68F2
:1073600018489847FE28D6D0012118E5A36893F85D
:107370005E3113B101211D2011E5A36893F860313E
:1073800013B1012126200AE5114B1B68002BE7D120
:10739000C1E7EBF715FC08B1A5F81082EBF728FC64
:1073A00000283FF44BAD95F817320133DBB2022BC6
:1073B00085F8173282BF0023A5F8103285F81732FE
:1073C0003CE500BFD41200210C56030180060021C9
:1073D0006006002191F8D0301BB191F89E30102B3F
:1073E00023D1B1F8D45001F19000B1F8D220013589
:1073F0004B8EAD1A4FEA8308A5EB830511F0A1FD72
:10740000A8B1D1F8C820531CD1F8C4209B1AA3EB13
:107410000803AB42B1F82E21A8BF2B46151F9D4291
:10742000B8BF1D46012D3FF71CAD01251AE52B46BF
:10743000EFE74FF00109C84634E5012B09D192F876
:10744000A130002B7FF4CEAD0021A068ECF734FE14
:10745000D5E55EB1F00635D4310735D4B20635D462
:10746000B30735D140F64C1131201BE738B1B2F8E3
:10747000D800B2F8DA30984201D32223B2E50029CD
:1074800005DDB2F8DE10B2F8DA309942F5D2B2F882
:10749000D610B2F8D43099420BD2A36893F8A21058
:1074A000B3F8D22051B1B3F8D4309342CCD80823EA
:1074B00098E592F84031002BDFD1EEE7052AC3D9D9
:1074C0003E238FE51E238DE53D238BE5232389E5B0
:1074D0002A2387E5A36893F89F202B2A3FF46AAEFE
:1074E000322A3FF449AE232A7FF452AE93F84C215E
:1074F000022A7FF444AE0021172050E40C2D3FF601
:107500000AAF89E40C2D7FF687AC93F85331002B3A
:107510003FF45CAE01210E20FFF714F9A3680022AE
:1075200083F8532106E600BF73B56C4D0024012695
:10753000A8602E712C802C752C77FF2380F81332D5
:10754000AB681888FBF752F8AB681888FBF77AF835
:10755000AB68B3F80A22EAB193F83221FE2A19D1B6
:1075600093F84031B3B1AB6893F8A020073AB24228
:1075700010D993F841210220A3F8D640314683F870
:107580003421FFF7DFF8AB68022083F81242FEF7E0
:10759000B9FF04E0AB6893F83201FE28F7D1AC687C
:1075A000638E04F19000B4F80E12012BB4F810228F
:1075B00001F1FF3138BF012389B2B1FBF3F313446A
:1075C000A4F81032B4F8D2300B44A4F8D23011F041
:1075D000B8FC20B1D4F8C4300B44C4F8C430B4F8BB
:1075E0000A320026012B9CBF0133A4F80A3209B1EC
:1075F00084F8176294F89F3084F81262A3F10B02AA
:10760000012A1FD8B4F89830B4F8D4229B1A190470
:1076100032D404F2D62104F1A6000FF019FCAB68B5
:1076200083F89F60FF2283F8FA20A968B1F80E2240
:1076300001F190000FF053FCA0B340F6D7013120C8
:10764000E9F74EFA262B17D1B4F8D422B4F89830C3
:107650009B1A1A0410D484F89F60FEF77FFFAB6872
:10766000014630B983F84C0102B0BDE87040FFF725
:10767000BDBA83F84C61D8E794F89E30262B01D030
:10768000282BD2D1B4F89830B4F8D4229B1A1B041A
:10769000CBD4002384F89E30FEF760FF014600281B
:1076A000C3D1E1E70E4B0F4900930F4A0F4B03C9BB
:1076B000EBF79EF8296A19B195F8240006F040FA14
:1076C000AB6893F89F30123B0B2B04D802B0BDE897
:1076D0007040EBF785B802B070BD00BFD01200213A
:1076E000ED6B0101D4120021416401017D670101AC
:1076F00038B50446084694F8C83213B10C2528461C
:1077000038BD94F89F30163B012BF7D894F8EC3233
:1077100003F0FF05002BF1D1A1B194F82E3223B96B
:1077200040F6A1113120E9F7DBF9074B99680523F1
:1077300001F5887201F21E210AF04AFD012384F846
:10774000C832DCE70223FAE7D0120021D0F8DC329D
:10775000C269934210B5044604D1D0F8E012426ADF
:10776000914223D02288A3F57A7104F5E070A4F841
:10777000CA2141F270729142124995BF4FF47A7258
:1077800040F2E242B3FBF2F3B3FBF2F398BF03F52E
:1077900050639BB2A4F8CC31B4F8E032A4F8CE31F7
:1077A000B4F8E232A4F8D03110F0B7F90221204643
:1077B000FBF7BEFB002384F89F30032384F8A2303C
:1077C00010BD00BFB97F020108B5FCF785F9024B77
:1077D000024A1A6008BD00BF80060021B390020172
:1077E00008B5FCF7EDF8054B054A1A60054B064A4B
:1077F0001A60064B064A1A6008BD00BF4806002101
:1078000011E300014406002191E300014C06002130
:1078100011E40001014B1868704700BF30000021DF
:10782000014B1860704700BF3000002108B5FCF71D
:1078300025F9034B034A1A60034B044A1A6008BD3A
:107840006C0600212967010170060021E38E020108
:1078500038B521220B46044603F8022B00F1090239
:107860001D3052F8045B824243F8045BF9D1108862
:10787000188092789A708A78122A03D80F4BD340D6
:10788000DB0717D4B1F8075005212846EAF7D2F9EB
:1078900018B996217720E9F723F9503012F088F8CB
:1078A00008B19921F6E705212846EAF7D9F908B188
:1078B0009A21EFE7002304F8053C38BD810004005D
:1078C000037842689BB992F87C100A4B33F8110098
:1078D0004FF47A7300F23F60B0FBF3F0D2E98031ED
:1078E0007D3341F10001C01841F100017047D2E938
:1078F000A00170471056030110F8023C2DE9F04337
:10790000044689B023B900F8053C09B0BDE8F0830E
:10791000002300F11206CDE9063305238DF81E3051
:1079200006A8EAF7C1F9054680B105210DF1160058
:10793000EAF70AF9BDF816300546E381E0B90723F6
:107940007A492046637210F0DFF8DEE70698237C60
:10795000827A9A42E4D1637C00F10C01C07A13F080
:10796000FD0F334614BF012200220FF023F9002837
:10797000D6D004F8055CC8E70146184602F05CFB67
:1079800014F8043C6A4FEB7414F8033C2B7534F87C
:10799000083CA5F8883054F80C3CC5F88C3014F835
:1079A000063C2B760023AB753B680BB30721BDF873
:1079B0001600EAF701F90646D0B101463B68BDF86A
:1079C00016009847237F40F2E2411A1E18BF012299
:1079D0006A7654F8102C86F835303260627F4A435C
:1079E00072607D22A37F4B43B360E37F5343F36018
:1079F00005F15006304601F0E9FF58B10521BDF808
:107A00001600EAF72DF9002899D040F207117720E7
:107A1000E9F766F8237C04F1340105F11E0040F219
:107A2000E249AB72637C13F0FD0F14BF0123002306
:107A3000EB72D4F81230EB60E38A2B8201236B7572
:107A40000FF006FAB4F81900E36A09FB00F92B609D
:107A5000236BC5F878906B60E37E85F8923094F8DC
:107A6000423085F89830E38FA26AA5F8A030638F82
:107A70005343C5F89C30A37AE17A43EA0123A5F881
:107A8000A230237E013BDBB2022B0BD829490B44E9
:107A90009B7BEB7594F8463043B1012B3BD040F211
:107AA0007B3101E040F21D310620B1E74FF01E08A6
:107AB000B4F93C00B4F84470C317A0FB020102FB08
:107AC000031194F847304FF41612534308FB073361
:107AD000C71A61F10001012F71F100031EDA4A4655
:107AE00038460AF04BFDB4F84030034409FB00F07F
:107AF0009BB2C01B5A1E0633A5F862209BB26A7D5A
:107B000085F8932000903046CDE90183D4E908231D
:107B100001F0EEFFF9E64FF49678C9E7781E4A4681
:107B200061F100010AF02AFD0130DCE75178010122
:107B300088060021105603012DE9F04F834687B0D7
:107B400008460E460FF0DFFDDBF8049005460F21D6
:107B5000B9F80000B9F898A0EAF76CF8837B0446FE
:107B6000002B00F0ED80C37A002B40F0E9806F7E9F
:107B70007B1E012B02D9042F40F0E280FAF79AFC19
:107B800037EA000340F0DC802B7E05F11A0713F082
:107B9000100FC3F3001118D0EB7F03F0C003402B8C
:107BA00013D13846FBF71EF878B10FF047F80828D4
:107BB00080460AD004AA0DF10F01FAF7FBFF88B93D
:107BC00040F28D117720E8F78BFF2B7E4FF00808ED
:107BD000D5F81A00C3F3001304908DF80F30BB885A
:107BE000ADF81430F3782A2B40F0AE8030460FF019
:107BF0008CFD0646002800F0A78003682360037907
:107C000084F82C30437984F82D30837984F82E3031
:107C1000C37984F82F30AB7A5846D5F80670C3F391
:107C200004030193FFF74CFED9F81C20019BA263CB
:107C3000C4E90C01AA8A84F84470AAEB020284F811
:107C40004830A4F84C203A0A84F845203A0C3F0EFC
:107C500084F8462084F84770D5F80B302A7CE3631B
:107C6000EB7B43EA02236A7C43EA024323642B7ED4
:107C7000C3F3421384F85230EA7DAB7D43EA02231A
:107C8000A4F84E30EA7CAB7C43EA0223EA78A4F8FD
:107C9000503002F01F02AB7843EA0223A4F85430BC
:107CA000EB78C3F3401384F85630EB780498C3F3B1
:107CB00080139DF80F7084F857302B8CC4F8220085
:107CC000AAEB030384F82170A4F84A30BDF81430FD
:107CD000E384AB7AC3F3421384F82B306B7E9907AD
:107CE0003CD413F0010001D103F00400F7F7ACFA23
:107CF00084F828002B7EB8F1080F51462846C3F3BC
:107D0000030318BF47F0020784F82030AB88A4F8BB
:107D10002930B9F8003063832B8818BF84F82170AC
:107D2000A3834FF0FF33A377E3770FF008FD0346FB
:107D300004F11000A3B91223174963760FF0E4FE93
:107D4000002007B0BDE8F08F002684F82C6084F88E
:107D50002D6084F82E6084F82F605CE70220C5E770
:107D6000A6B133795A1E1206E5D47279052AE2D9F2
:107D7000B779791EC9B2FD29DDD8F1790129DAD99F
:107D80005343A9888B42D6DCBA42D4D9FF23E3728D
:107D900002490FF0BFFED3E751780101F9780101E4
:107DA000012A70B50C460646114605D9931E012BD3
:107DB00068D940F27B2106E00521E9F73BFF054643
:107DC00018B940F21D2177204AE0503011F076FDBD
:107DD000002840F0A680237EAA7A62F3030323766C
:107DE000AB7C13B9EB7A03F00103227E63F3041238
:107DF0002276FAF785FB237E60F347132376E87D2E
:107E0000F7F722FA0138C0B2022826D8464B05F10E
:107E10000C011B5C6376AB7C23BBEB68C4F81A30A7
:107E20008B88E383E37840F2E2426FF3C713E37099
:107E3000AB6FB3FBF2F395F89220A380A37A62F3C1
:107E40004713A3722B680020C4F80B302B79E3731F
:107E50006B792374AB7963740AE040F22F3106200A
:107E6000E8F73EFEE87A0EF0DFFE082801D1122086
:107E700070BD04F11A01FAF709FF0028D2D140F2CF
:107E80003E21A0E711F0CEF8054603213046E9F780
:107E9000D1FE064615B940F2552194E710B940F2DB
:107EA000562190E7837D6A7B003B18BF01231B01AD
:107EB00043EA1213227E22F01F0213432376FAF7BD
:107EC0001FFBA37A00F0070060F34713A372237E21
:107ED00060F347132376287CF7F7B6F90138C0B270
:107EE0000228BAD8104B04F11A011B5C6376B37FE9
:107EF0007BB1F07FFAF7B6FE0028B8D0E37840F205
:107F0000E2426FF3C713E3702B6FB3FBF2F3A3806E
:107F100098E7D6F86930C4F81A30B6F86D308B801F
:107F2000ECE74220A4E700BF1E5603012DE9F74FFE
:107F3000037806468A46D0F8049033B1B9F8D230B7
:107F40001BB1012003B0BDE8F08F3046FFF7B8FC4D
:107F500088469AF85A100746012904D98B1E012B2E
:107F600058D90220EEE70521BAF85800E9F762FE79
:107F70000028F6D090F82C30002BE2D1856F7B1EC4
:107F8000B0F87E1000F11F0B2B44AAF87110D0E955
:107F900020401B1BB3FBF5F39BB201EB030CA3FBCF
:107FA00005351FFA8CF21C19AAF86DC0A2EB01026C
:107FB00045EB0005002AB8BF5242012A04DD002B20
:107FC00024DA4D4A9342BCDBB9F8D220A742B9F873
:107FD0009830A3EB0203AAF87B307368B3F89820BB
:107FE000AAF86F20DBF800109BF80400CAF86110B3
:107FF0009AF8651060F304018AF8651078EB0501C2
:108000003ED340F2FF217720E8F76AFD3B4A9342D6
:10801000DADD96E7BAF8580011F004F802460028B5
:108020009FD090F83530002B8BD1B0F8523000F152
:10803000170BAAF871300133AAF86D30304B017C70
:1080400033F811404FF47A7304F23F64B4FBF3F455
:10805000D0E91835903345F10005E4189AF85A3004
:1080600045F10005032BAFD14030019211F0EEFC39
:108070000028A9D1019A136F1C1945F10005A3E747
:10808000E41BB4F5960F0CD9D969A1F59603013B11
:108090002344B3FBF1F31A449BB201FB1344AAF847
:1080A0006F20B4F5161F174F9AF85E204FF00000AE
:1080B00094BF00210121BC4294BF00230123B4F5E9
:1080C000161F4FEA431343EA81118CBF4FF4161376
:1080D0000023E31ABC428CBF4FF496741E24B3FBFA
:1080E000F4F402F080038AF85D40C4F304240B43E7
:1080F0001C438AF85E4025E7C1B4B3FF3F4B4C00F8
:1081000010560301C3BF0300154B5B6893F8DC00F6
:1081100028B1B3F8D810B3F8DA2091421ED293F9FF
:10812000E0202AB1B3F8DE10B3F8DA20914214D27D
:10813000B3F8D420B3F8D61091420ED2B3F8D200DF
:1081400093F8A23023B9052894BF0020012070477E
:1081500082428CBF0020012070470120704700BF81
:10816000F8120021144B1B285B6883F8320116D8E3
:10817000124AC240D2071ED4112806D193F83421E6
:1081800052B10022A3F8D8207047072813D009283D
:1081900011D0152805D10022A3F8DE20704724282D
:1081A00009D01E2807D0022881BF0022A3F8D820BA
:1081B000012283F8DC207047F81200210010080922
:1081C00070B5204D6B6893F8421209B993F87C1092
:1081D00093F843220AB993F87D2083F87C1083F842
:1081E0007D20FF2283F87E20174B1B680BB1686847
:1081F000984700211348FAF78BF9686844300FF06C
:10820000C6FC0646686800F27511FBF72BFA0421DC
:108210006868F1F7C9FF686844300FF0B8FC86421F
:1082200004460CD207F0F2F90146A01B402838BFE3
:10823000402009F0C9FBB0FA80F0400970BD012070
:10824000FCE700BFF8120021A40600210A460146FF
:10825000044808B512F090F910B902480FF0BFFDBC
:10826000002008BDF8120021104B0246187AC8B948
:10827000012A0DD15B6841F64B52D969914214D95C
:10828000B3F86C20B3F850309A420ED8F1F77CBFA7
:108290005A89520708D55B6893F8A000073818BFC1
:1082A000012070470020704701207047F81200211C
:1082B000C278012A07D10D4A5268B2F83E224272B2
:1082C000120A827270473AB9084A5268B2F84622D6
:1082D0004273120A82737047182A05D1034B5B68F8
:1082E000B3F840120FF06FBA704700BFF8120021C8
:1082F00038B590F89E3004460E3B012B37D8B0F8C5
:108300009830B0F8462201339BB29A422FD10388AD
:1083100041F27072002500F5E0704381D0F8903092
:108320004572A3F57A719142114995BF4FF47A7263
:1083300040F2E242B3FBF2F3B3FBF2F398BF03F572
:1083400050639BB28381B0F89430C381B0F896300B
:1083500003820FF0E2FB84F8445202212046FAF730
:1083600039FE03212046F1F71FFF84F89E5038BDE7
:10837000B97F0201394A034608465189194370B54D
:10838000518103F00301032904D140F6181136206E
:10839000E8F7A6FB13F0020118BFD060DC0748BF66
:1083A000106121B1C178062923D00B292ED099065E
:1083B00044BF08211172DB054ED5536841F64B517D
:1083C000C478DE699D8C8E42B3F8982096BF4AF639
:1083D000C8710621B1FBF6F129445D8E012C01FB29
:1083E000052292B219D1A3F83E22BDE87040FFF7F2
:1083F0005FBF516891F89E401A2CD8D10024002507
:10840000C1E94245012481F8A440D0E7516891F8C0
:108410009E40142CCBD10024F5E714B9A3F84622D2
:10842000E3E7182CE1D1B3F8421299B193F8424234
:10843000E11E01290BD893F87C10CD1E012D06D822
:108440008C4204D093F84312002908BF0022A3F8FD
:108450004022CAE70A46FAE770BD00BFF8120021C1
:1084600010B5024608795168A0F1120491F89E30C7
:10847000112C16D8DFE804F0091509150915151592
:1084800015151517151B1515150E0121BDE8104002
:1084900010F07DBE292B04D1094B1B680BB110468F
:1084A0009847002010BD332BFBD1064BF5E72D2B51
:1084B000F7D1054B1B68002BF3D00846F0E700BF4F
:1084C000A80600219C06002194060021002908BF6F
:1084D0001F21252870B535D8112803D803283CD092
:1084E000002433E0A0F11203132BF9D801A454F8AF
:1084F00023F000BF51850101E18401015185010193
:10850000E184010151850101E1840101E18401015E
:10851000E1840101E1840101E1840101E1840101BF
:10852000C7850101E1840101D3850101E1840101D5
:10853000E1840101E1840101B7850101B7850101F1
:10854000B7850101FE2814BF00240224204670BD17
:108550000021BDE8704010F01ABE254D6B6893F8FD
:108560009E20182A01D0152A3FD193F8E220002A34
:108570003BD183F8E12083F8DC2093F8EE3103F05F
:10858000FF0423B14FF458713620E8F7A9FA6B685D
:108590001A8883F8EF11A3F8F02183F8F24183F8E9
:1085A00086426868134900F5F3700FF0ADFA6B6806
:1085B00083F89E40CAE7104B1C68002CC6D02346A7
:1085C000BDE8704018470D4B1C68002CBED01D2024
:1085D000F5E70B4B1C68002CB8D0054B0A461F2151
:1085E00058682346BDE8704018470224AEE700BF34
:1085F000F8120021D5800201A00600219806002172
:10860000900600210E4B024609795B6893F89E3074
:10861000A3F111000C280BD9292B0BD01E2B0BD04A
:10862000052B0BD0212B14BFFE201620FFF74EBFC9
:108630000320FBE72320F9E71420F7E71220F5E7F2
:10864000F81200212DE9F341944C0E460746B4F888
:108650000A80616818F4007F01F190050CBFB1F841
:10866000D220002328460ABF0132A1F8D230A1F857
:10867000D22010F077FC28B1434601F5B6722846A7
:10868000FBF770FE638903F4C06343B1606890F840
:10869000A23023B9012180F8A210F1F785FD002F47
:1086A00040F09381002E40F090816289550711D5EA
:1086B000636893F89E10032904D140F2D441362018
:1086C000E8F70EFA93F8A010072902BF012183F8FA
:1086D000A060217590070FD5E368D878072808D0E7
:1086E000112821D0FBF7D2FB034618B94FF4A5613E
:1086F000E5E76B4B694898476389190740F19D800E
:10870000606890F832312A2B06D81B2B0ED8012B2B
:108710003AD0032B4CD06BB3636893F83221FE2A16
:1087200075D140F23451CAE75E4BE3E71C3B0E2B98
:10873000F2D801A252F823F0C9870101198701017B
:10874000198701011987010119870101D7870101E3
:10875000E3870101198701011987010119870101C7
:108760001987010103880101198701011987010196
:10877000C9870101B0F89820B0F84612521A1204C5
:10878000CAD480F84432C7E7B0F89830B0F83E2237
:108790009B1A1D04C0D4D0F83822137813B940F2C4
:1087A00029218CE7013B1370002380F89E30B3E74A
:1087B00090F89E30152BAFD003F0FD03182BABD0F3
:1087C000002380F88632DEE7002380F854316268A7
:1087D00082F8DC30A0E7344B1B68002B9CD0984714
:1087E0009AE7002380F85631304B1B682BB1606844
:1087F00000F5AB7100F59C70984728480FF0EFFA30
:108800008AE72B4B1B68002B86D02448E7E7FE2223
:1088100083F8322193F89E20262A34D027D80C2AB8
:108820002BD00E2A2DD0636893F8A020082A01BF10
:1088300002222275002283F8A0206389D90749D536
:108840006368256993F89E1093F8E20010F08CFCA1
:10885000D8B1EB78023B0F2B71D8DFE803F016702C
:108860001616167070707016701670707016402A9A
:10887000D9D10A480FF0B3FAD5E70D2283F89E202C
:10888000D1E70F22FAE72722F8E72846FAF778FC23
:1088900080B9294601480FF007FB1AE0F8120021C1
:1088A00019910201359102018C0600215006002128
:1088B000AC060021E8780D283BD011283BD00728D2
:1088C0003BD0FBF7CFFA03460028E2D02946A44864
:1088D00098470646237A1A0715D5636893F89E10C1
:1088E00093F8E20010F040FC054650BB009069464A
:1088F0000320EAF783F9009B2BB11D720C226168FB
:108900000098FAF74FFE6068FFF7F2FC636893F88F
:108910003221FE2A59D193F8A020073A012A54D9CE
:1089200093F8403103F0FF016BB10220FFF71AFC0E
:108930004BE08C4BCAE78C4BC8E78C4BC6E708264C
:10894000C8E70826DFE7636893F89E2022B993F80A
:10895000D01059B11220E9E7252A69D01ED8142A6F
:1089600024D017D8032A29D0132A21D0113A0C2A4F
:108970002BD993F89F20062A7BD8002A7DD0013A74
:10898000052A7AD8DFE812F09C00AB0093001A01A8
:1089900079001C011A2AE9D10620C7E7312A57D0ED
:1089A000322A4BD02E2AE1D12120BFE70B20BDE790
:1089B000D3F858220320C3F82021B7E793F82921E0
:1089C00083F83421072283F83221656895F8403115
:1089D00023B995F8A030073B012B04D8B5F8D63061
:1089E0000133A5F8D63095F8DC1021B1B5F8D830B0
:1089F0000133A5F8D83095F9E02022B1B5F8DE3082
:108A00000133A5F8DE30002F40F0DD82237D022BFC
:108A100000F0D582012B40F07882636893F8A13092
:108A2000002B40F0878200216068F1F7BDFBD2E2A5
:108A30001822A3F8D81083F83221C6E701221120AA
:108A400083F83421FFF78EFB636883F89E10BCE740
:108A500027206BE7142A10D8DFE802F04A4A0F0FEC
:108A60008C0F0F0F0F0FB40F0F0F0F0F0F0FBBA8AF
:108A7000B9001F3AD1B21429ECD9636893F83221B6
:108A8000FE2AA2D193F89E20002A40F0758193F827
:108A90004432002B00F0A180636893F89F000FF030
:108AA000C6F9002840F09980FFF75CFB64E193F879
:108AB000282183F83421072283F83221002214E090
:108AC0000C22002183F8322193F8E320A3F8DE1072
:108AD00042F0010283F8E32083F89F10CDE71322D0
:108AE00083F832210022A3F8DE2083F89F20C4E718
:108AF00093F84331002BC0D1636893F84231C3B17E
:108B0000606890F89F3000F5A17100F24222262B98
:108B10002ED090F89E30263B012B8CBF00230123E2
:108B20000FF03EF86368202283F89F20002283F82C
:108B30004221606890F89F30202B9ED100F2751181
:108B4000FAF790FD63681520B3F86620A3F8342186
:108B5000B3F86A20A3F83621FFF704FB6368C1E786
:108B6000F8120021058601011392020161840101BE
:108B70000123D5E793F84C21012A0ED193F84D310A
:108B80005BB963685A6FD3F84E11AF480DF0A8FD7A
:108B90006368182283F832216FE7636893F84C21E9
:108BA000022A7FF46AAFD3E91D21EEE700211120EC
:108BB00083F83411FFF7D6FA63688DE709227BE763
:108BC0001B2279E72420FFF7CDFA636876E71E20A1
:108BD000F9E72720FFF7C6FA4FE7636893F8863274
:108BE0008BB1636893F8A3203AB193F8A43013B91A
:108BF00040F2F25163E50A2056E7D3F858220320E9
:108C0000C3F8202150E7636893F853310BB1082073
:108C10004AE76268D2F88832BBB113F8512C012AB6
:108C200002D040F20A614AE513F8283C13B140F241
:108C30000B6144E5606890F8F5309B0601D51F2074
:108C400032E7824B1B68984796E092F8523183B125
:108C5000626892F8E33013F0030140F08D800C203D
:108C600043F0010382F8320182F8E33082F85211B6
:108C700082E0636893F8423133B3636893F8433119
:108C800013BB606890F89F3000F5A17100F242229A
:108C9000262B17D090F89E30263B012B8CBF00234B
:108CA00001230EF07DFF6368002283F84221636890
:108CB0001420B3F86620A3F83421B3F86A20A3F88F
:108CC0003621F1E60123ECE763685F4D93F84C2110
:108CD000012A40F0A78093F84D31002B40F0A2808C
:108CE000636893F89F000FF0A2F8002840F09A8084
:108CF000606890F87C104B1EDBB2032B09D890F80B
:108D00007D20DFF84CE1013A1EF803C0D2B2032AFD
:108D100003D940F20B310620D2E4BCF1020F90F8E7
:108D20004E3109D0BCF1030F71D0BCF1010F01D15C
:108D3000012B07D01620B7E6022B14BF0023012316
:108D4000002BF7D01EF8022090F84F31022A60D095
:108D5000032A60D0012AEDD1012BEBD1B0F8983075
:108D600000F51072B0F850010DF09DFC014600288E
:108D700053D13548F9F7CCFB636893F83221FE2ACA
:108D80007FF423AE93F89E20002A7FF41EAE93F862
:108D90003C32002B3FF419AE636893F89F000FF04C
:108DA00046F800287FF411AE6368B3F898300A2BB8
:108DB0007FF60BAE6846FAF7B3F900283FF405AE2C
:108DC00065680522684605F1A70109F0D5FC002871
:108DD00000F09880D5F83832194611F8012B002A96
:108DE00000F089800522684609F0C6FC00287FF45F
:108DF000ECAD63680120D3F8382213780133137087
:108E0000FFF7B0F96368002283F83C22DDE5042B0C
:108E100093E7022BA1E7042B9FE76B68282283F8D6
:108E20009E20A9E7636893F8543133B1094B1B685E
:108E300005489847FE289FD036E6636893F85E3170
:108E400053B11D2030E600BFF81200219406002126
:108E50002156030184060021636893F8563143B319
:108E600063680921B3F85801E8F7E4FE18B96368AC
:108E700083F85601FCE690F8F03103F0FF021BB9CD
:108E8000636883F85621F3E690F8C831032B0DD8B8
:108E9000DFE803F00707020A6B6893F85C3180F89B
:108EA000F1316B680022ECE72220FDE540F2DF5152
:108EB00005E4636893F86031C3B1636893F84432A2
:108EC000A3B9636893F8F6305D0608D5444B1B6878
:108ED000002B3FF451AF434898472720E4E5424B2D
:108EE0001B68002B3FF448AF3E48ACE63F4B1B6885
:108EF000002B9DD140E70098C3F801009DF8043095
:108F00000B7176E785F83C0280E75EB1F00658D435
:108F1000310758D4B20758D1B30658D440F6A71138
:108F2000FFF7CDBB09B3B5F8D810B5F8DA309942E0
:108F30001BD922232B4885F8C130FBF719F80023F1
:108F400002216068A5F89E3085F8A230F1F72CF96F
:108F5000636893F83221012A3DD1D3F8382213787F
:108F6000BBBB40F6D811FFF7AABB2AB1B5F8DE208B
:108F7000B5F8DA309A42DCD8B5F8D620B5F8D43056
:108F80009A420FD2B5F8D620B5F8DA309A42D0D24C
:108F900095F8A220B5F8D23052B9052B7FF643AD33
:108FA0003E23C7E7636893F84031002BC1D1E9E75E
:108FB000B5F8D4209A423FF636AD0823BAE7162317
:108FC000B8E71E23B6E73D23B4E72A23B2E72323FD
:108FD000B0E7013B137002B0BDE8F041F9F748BBC0
:108FE000B0060021F8120021B40600216406002119
:108FF000F0B500235A4D85B004462B702E466860AC
:1090000000886B812B722B75F9F7F0FA6B68188862
:10901000F9F718FBB4F82A226968013201F19000CF
:1090200092B20DF05CFF20B140F26D113620E7F7EF
:1090300057FD94F89F30A4F82A02262B13D1B4F8D8
:109040009830B4F840229B1A19040CD484F89F007D
:10905000FFF7B6F8B8B9002100240846FFF7F2FA86
:10906000204605B0F0BD94F89E30263B022B0AD86E
:10907000B4F84022B4F898309B1A1A0403D40023A1
:1090800084F89E30E4E794F89E300C3B012B20D806
:10909000B4F89830B4F83E229B1A1B0419D4D4F8C3
:1090A000381204F1A60001310DF0D2FE94F89E3082
:1090B0000D2B0BD1D4F83822137813B940F2951147
:1090C000B4E7013B1370002384F89E30FF2384F83B
:1090D000FA30FFF719F8044608B10124C0E76B68BD
:1090E00093F83271FE2F25D003A8F9F785FA10B94D
:1090F00040F2C4719AE732222146039809F018FC25
:10910000032103980EF04EFA03983946037823F0B2
:1091100010030370FAF744F83A4603991048FAF737
:10912000E7FCF9F77FFA10B94FF4FA617EE703988C
:10913000FFF7BEF80B4B0C4A00930C4B96E803006C
:10914000E9F756FB6B6893F89E1093F8E20010F075
:109150000BF804460028C0D0E9F742FB80E700BFC7
:10916000F812002145860101758301016982010120
:10917000B0F82A320B4470B5A0F82A3200F19006FC
:10918000B0F8D23004460D460B44A0F8D230304639
:109190000FF0E8FEA0B1D4F8C43030460B442146AD
:1091A000C4F8C4300FF051F9D4E931239A4207D3FF
:1091B0000023164904F5B670C4F8C4300EF0ADFCB7
:1091C00094F8DC3023B1B4F8D8302B44A4F8D8306C
:1091D00094F9E03023B1B4F8DE302B44A4F8DE304B
:1091E00094F8403123B994F8A030073B012B04D800
:1091F000B4F8D6302B44A4F8D6302046FFF778F8E0
:10920000B4F898100D44A4F8985070BD95830201ED
:1092100008B5FAF761FC024B024A1A6008BD00BFAC
:1092200084060021B390020108B5FAF727FC034B2E
:10923000034A1A60034B044A1A6008BD98060021CD
:109240004D8201019C0600215391020108B5FAF7F5
:1092500083FB064B064A1A60064B074A1A60074B07
:10926000074A1A60074B084A1A6008BD9406002195
:10927000659102019006002199ED00018C06002104
:1092800041E400015006002111E4000110B5044C36
:109290002068403010F049FB0023237110BD00BF4F
:1092A00048130021024B1B790BB1FFF7EFBF70474A
:1092B000481300212DE9F04FA64C93B082460E468C
:1092C000236893F82D503DB1D3F888205578627902
:1092D000954294BF00250125B3F82880E288D88DF7
:1092E000A8EB02089F7B5A6A4FF6FF731FFA88F8B3
:1092F000984201923CD00A21E8F79CFC8146072362
:109300000021A0688AF8003001238AF803108AF847
:1093100001300EF03DF886B1236893F8356056BBF6
:10932000B9F1000F29D099F81630012B05D099F822
:109330004F30002B14BF3B262326AD003246A068D9
:1093400045EAC70505F00C0A5146D3460EF027F84A
:1093500015F00403009317D02368D3F888100B7816
:1093600013F0C00F0BD040F203110A20E7F7B8FB4F
:109370004FF00009C3E70926DFE74E46DDE701238A
:109380000222A0680DF0DAFF21688B7B2BB102234B
:1093900003220C31A0680DF0D1FFA0680DF0F4FF9E
:1093A000C0F1FE070546B845B4BF5FFA88F7FFB2C3
:1093B00047450AD3009B002B5CD022686379D2F822
:1093C000882001335278934254DA4AF01001324631
:1093D000A0684FF0010A8B460DF0E1FFA0680DF088
:1093E000D3FFC0F1FE070546B845B4BF5FFA88F762
:1093F000FFB2092E41D108238DF80C3028238DF8B7
:109400000D3023689A6BCDF80E2093F83C20DB8E4C
:109410008DF81220ADF813303346072203A9A06857
:109420000DF08CFF6AF3041B1BF0100F5FFA8BF139
:1094300071D0237B226898440023107C08F03F08F9
:10944000ADF808308DF80A30B8F1240F88BFA8F1C4
:109450002408022884F80C80237B03F03F0343F0A8
:1094600040038DF8083027D014D8012861D040F28D
:109470005D117AE74FF0000ABBE7374B1B68002B02
:10948000D0D0232E01D03B2ECCD1226803A9484650
:109490009847C1E7C31E012BE9D89DF80A30022680
:1094A00066F3471344F290268DF80A3041F2BE135A
:1094B000042808BF334608E09DF80A30012666F309
:1094C00047138DF80A304FF4856349070CD50428FB
:1094D0003D4431D1AD0105F53475D2F888301B78A3
:1094E000DB0003F0F8032B4403F5A5751E230422CB
:1094F00002A9ADB2A068B5FBF3F59DF80A308DF86E
:109500000950C5F3042523F01F031D4303238DF8E1
:109510000A500DF013FFE1883A46019BA0680B4406
:1095200019460DF070FFE3881F44E78013B0BDE8D3
:10953000F08F40F64803C8E7032803D12D0105F555
:10954000E775CAE702280BBF0B350A35AD00ED0001
:10955000C3E700BF48130021B806002110B50A4C2C
:10956000207B03F0B9FDA0680021FFF7A3FE23686C
:1095700000204FF4A5711A7C04F0D6F8A068BDE86D
:10958000104004F01BBA00BF4813002113B500B906
:1095900021B902B0BDE81040FFF778BE19494B79F8
:1095A0000A68013392F82D00DBB24B71E0B1D2F8BA
:1095B000880044789C4217D90378002113F0C00F2B
:1095C00014BF9B0903238DF80430037801A8C3F36B
:1095D0000402DB008DF805208DF8063003F02CFC2A
:1095E000FFF7BCFF02B010BD108DCB88984203D1AD
:1095F000B2F852309382CCE702B0BDE81040FFF7DA
:10960000ADBF00BF48130021054B002298601A71BE
:10961000044B054A1A60054B054A1A60704700BFA3
:1096200048130021BC06002160990101C0060021F9
:1096300070990101014B024A1A607047B806002177
:109640008DBF01011FB504469022002109F070F979
:10965000E8F70CFC01220146A0606846E8F74AFCE6
:10966000A068002201210AF00EFA02A8F9F758FDBD
:1096700020B94FF4E5710A20E7F732FA02A904F1A4
:1096800016000DF0E5FB054B2464A3640023A382C0
:109690004FF6FF73E38504B010BD00BF7099010160
:1096A0002DE9F04117463B4A8846194632F81750D3
:1096B0004FF47A72044605F57E550735B5FBF2F591
:1096C0000FF07AFE00EB0803FF2B04DD01288CBFAE
:1096D00003300430C0B2C14394F82D30C9B208EB56
:1096E0000106013E96FBF1F6F6B22BB1D4F88820C4
:1096F0005278964238BF16464044002E35D0042F8B
:1097000020D0032F21D040F2725240F6921C022F3B
:1097100018BF6246013E042F06FB110002FB0652F1
:10972000C0B215D1800100F53470104443B1D4F8B3
:10973000882013785278DB0003F0F80302FB030063
:10974000BDE8F08144F2DA32E4E741F20832E1E7C1
:10975000032F03D1000100F5E770E6E7022F0BBFEE
:109760000B300A308000C000DFE7042F04D18001F5
:1097700000F534702844D9E7032F03D1000100F528
:10978000E770F7E7022F0BBF0B300A308000C000F4
:10979000F0E700BF2656030173B56E4C06462379E9
:1097A000206023B14FF42C710A20E7F799F90FF0EC
:1097B00014FE00F5D075B06D85420ED92D1A3046D5
:1097C000402D38BF40250FF0BDFD0146284608F06A
:1097D000FBF850BBB36D2B44B365256895F8353065
:1097E0007BB1EB8EB5F852209B1A1BB2002B12DC1A
:1097F00005F1380105F116000DF02AFB002385F86C
:10980000353095F8343033B1AA6D2B6F9A4211D9A7
:10981000002385F834300023E38063712368D3F894
:109820008830F3B940F2BD21BEE702B0BDE8704018
:10983000FFF72CBD05F138063046F9F771FC00281A
:10984000E9D0052205F11701304608F095FF002800
:10985000DED0012385F83530B5F852300A33EB8677
:10986000D6E703F01DFB3C4B186804F091F8236821
:1098700093F90F0003F020FC2368FF20197C03F00C
:10988000ABFA2368186803F01DFC2068B0F852207A
:1098900050F8161B0DF0F4FA207303F01DFCA068BD
:1098A00004F08CF82368586804F06CF8236803F11E
:1098B000240198680AF004F988B123689A7B4AB1B8
:1098C0009889C0F30B000FF0D2F923689A8960F3EE
:1098D0000B029A812368002283F82C2004E023687D
:1098E00093F82C30002BE8D10121A068FFF7E2FCAF
:1098F000236893F82D20AAB1D3F88820002101A86D
:10990000137813F0C00F14BF9B0903238DF80430A4
:109910001378C3F30402DB008DF805208DF80630C0
:1099200003F08AFA236800201A7C0C4B33F81210DB
:109930004FF47A7301F5FA71B1FBF3F1903103F052
:1099400057FD206840300FF0E3FF0123237102B080
:1099500070BD00BF48130021BC060021265603013C
:109960003B930201319302018D950101A592010102
:10997000DB93020145930201999701018D92010148
:109980008D9201017DDD01012D93020108B50022B8
:10999000034B1A6003F088FFBDE8084007F0C2B827
:1099A000581300210B2808B504D940F2B531062020
:1099B000E7F796F8014B33F8100008BD3056030165
:1099C00001490FF033BE00BF0F98020101490FF0AB
:1099D0002DBE00BF979802012DE9F043044689B0DF
:1099E0000F469146037C012B7ED102463F49007908
:1099F00005F0E6FD20B94FF4FA710B20E7F770F897
:109A000005F0F2FD05460E46F0F74CFD4946384696
:109A1000A762F0F7DDFC0146804604F12000F0F774
:109A20009BFC40F6B8302D1846F10006B9F1010F45
:109A30004BD1F0F7BBFC8269002A4FD0206B7B1E14
:109A400090460344B3FBF0F34343DB1BD2E900072A
:109A500061EB0101181841EB0701226BCDE90056BB
:109A6000F0F7DEFC0746B8F924000221A4F8440010
:109A70000EF03CF9B4F844303F18A3EB0003A4F80F
:109A800044304FEAE07343F100037D1946EB0306CF
:109A9000F0F70EFD20460FF0DBFC0027A3680390D3
:109AA0005B6820688DF8087098478DF811708DF804
:109AB0001000CDE9065602232374204602A90FF0B8
:109AC000F4FC384609B0BDE8F083B8F1000FDFD0F0
:109AD00098E80B00181841F10001BEE7B8F1000F3B
:109AE000D6D028463146B8E70C20EBE70F980201A4
:109AF0002DE9F04786B00446174698460E9D037C34
:109B0000012B4CD102462749007905F059FD20B9B7
:109B100040F24F210B20E6F7E3FFB7F1C906BDF88D
:109B200040304FF0000A48F1FF39A3857619BDF89F
:109B30003C3049F10009A4F84030C4E90878042316
:109B40002374294620460FF02AFDA36805468DF8A8
:109B500000A020681B68984700F5D870A36800EB48
:109B600045005B68019020689847761B8DF80800D7
:109B7000694669EBE57320468DF809A0C4E90C78C5
:109B8000CDE904630FF06CFC48B1049B059AC9331E
:109B900042F100025B1942F10002C4E9083206B04A
:109BA000BDE8F08797980201024610B5072927D82B
:109BB000DFE801F00426261417202923438A013305
:109BC00043820FF018FE936818B9DB68BDE81040B7
:109BD00018479B681068BDE81040184783685B69A8
:109BE000F4E7094B1B68002BF0D140F251110B2018
:109BF000E6F776FF83681B69E8E74FF4B171F6E793
:109C000040F26511F3E710BD5813002138B5044642
:109C10000D46037C032B0AD1022303740C49024630
:109C2000007905F0CDFC38B94FF4477101E040F2FE
:109C300019310B20E6F754FF20462DB10FF07AFCC6
:109C4000BDE83840FFF7A2BEBDE838400FF038BC91
:109C50000F98020138B504460D46037C062B0AD145
:109C6000052303740E490246007905F0A9FC38B9B2
:109C70004FF44D7101E040F231310B20E6F730FF37
:109C80003DB1204600210FF0E6FCBDE83840FFF76B
:109C90007DBE20460121BDE838400FF0DCBC00BF8E
:109CA00097980201418A10B50131848D091B09047E
:109CB0000CD5D0E90810521A054963EB00038A421B
:109CC00073F10003ACBF0120002010BD0120FCE7B0
:109CD0000140420F30B5D0E90C14C56B511A63EB4B
:109CE00004048D424FF00001A1410CD3D0E90810CB
:109CF000521A064963EB00038A4273F10003ACBFBA
:109D00000120002030BD0120FCE700BF0140420FD0
:109D1000014B1874704700BF5C13002110B5B0F8F8
:109D2000A2000C460F21E7F785FF30B144761030D2
:109D30000249BDE810400DF0E7BE10BD51780101A9
:109D40001A2337B505460B7030F8340C0C4615F85D
:109D50002A2CA1F8030015F8323C4B7115F8313C60
:109D60008B7112B143F002038B7115F8233C002B69
:109D70003FD00721E7F75EFF18B940F2DF110D2051
:109D80003EE090F8353040F2E24142686374836807
:109D9000B2FBF1F2B3FBF1F3A2747D22E374C3686A
:109DA000B3FBF2F3237515F8253C2BB1013BDBB275
:109DB000032B22D8224AD35C637340F2E242EB6B5E
:109DC000B3FBF2F3E38195F85630237455F8303C39
:109DD000C4F8073035F82C3CA4F80B306B7AA3702C
:109DE00053B305F114000FF0E3FD58B140F209211F
:109DF000C5E76374A374E374D4E740F20B31062023
:109E0000E6F76EFE052135F8340CE7F729FF10B1AF
:109E100040F20D21B3E704238DF8043002238DF8BE
:109E2000053000209DF8043063F307009DF80530ED
:109E300063F30F2003B030BD04228DF80420EEE759
:109E400070560301F8B5174B1B68DE7D9D6E93F8C5
:109E50003840F31E012B1ED82401032604F5E774B5
:109E60003046A5F5887504F0BFF90F4B0544304620
:109E700003EB86032C1B5F6804F0BEF9C0F5797014
:109E80004FF47A7303303844B0FBF3F02044BDE85C
:109E9000F84003F0CBBD022E0BBF0B340A34A400F4
:109EA000E400DDE7701300217056030138B5104C53
:109EB0000022236893F8375083F83720052D02D10C
:109EC000188900F0D1FD206850300FF0FCFC08B17B
:109ED000042D05D12068BDE8384050300FF035BD65
:109EE000206801215030BDE83840FFF7B3BE00BF05
:109EF00070130021034B1B6893F837300BB1FFF749
:109F0000D5BF70477013002170B5164D06462B68FB
:109F1000188900F0C9FC044618B9FFF7C7FF2046AE
:109F200070BD02F0BDFF104B186803F031FD2B68C7
:109F3000FF20D97D02F050FF2B68186803F0C2F8AB
:109F4000304603F0C9F8204603F038FD2B68586806
:109F500003F018FD2B680120C921DA7D03F048FACF
:109F60000120DDE770130021E806002110B5447DD3
:109F70004CB980F845103C3005490DF0C8FDBDE8EE
:109F80001040EDF715BB034BBDE810401B681847A8
:109F9000419D0101E406002110B5134C236893F89C
:109FA0003A2052B9DA7D042A07D1012143F2D200C6
:109FB00083F83A1007F008FD18B1BDE81040FFF72C
:109FC00075BF2268906E00F5435300F53F50123381
:109FD0001230936607F056FC20B940F20A410D207A
:109FE000E6F77EFD10BD00BF70130021014B024A51
:109FF0001A607047E40600211D9D0101044B054ACB
:10A000001A60054B054A1A60054B064A1A607047EC
:10A01000C806002189B80101CC06002171B80101F0
:10A02000C406002165B80101014B024A1A6070475D
:10A03000E8060021D406002138B50C460546A822C2
:10A040000021204608F074FC284600F015FC41F67B
:10A05000FF732581A383024B2465A36538BD00BF30
:10A060008CA4010170B5104D0C460721E7F7F8FDEF
:10A070002B68C3B194F83930ABB10C4B1B6823B9D2
:10A0800040F27E210D20E6F72BFD98470A2180B291
:10A09000E7F7D0FD10B940F28121F3E72B683E21AC
:10A0A000BDE87040184770BDCC060021C4060021F1
:10A0B0002DE9F0435E4D074685B00C4628685030C8
:10A0C0000FF0FCFB78B1022138460DF056F92A68F2
:10A0D0000146107E0FF04FFD014600283FD00021C1
:10A0E0001046FFF743FF394628680FF053FDF8F795
:10A0F000DBFF022C814607D002F00AFE01462868E9
:10A10000002250300FF095FB2B68DE7CAEB10321AE
:10A1100038460DF032F9631E012B0ED92A68137DE3
:10A120005BB160B34178037801F00F01968B43EA8D
:10A130000123F61A938318BF01263E4B1A683AB3DF
:10A140002A6892F839201AB31B683846296898475C
:10A1500080460EBB00BB631E5C425C410BE002F11B
:10A1600050000FF003FC2868847D0CB1002402E04D
:10A170001A21FFF7FBFE204605B0BDE8F0831E461E
:10A18000DBE7022CF2D12B68188900F06DFCEDE7BB
:10A19000002EE0D04FF000082A680120B2F86230AB
:10A1A00011890190CDE90268567E4A4646403846FC
:10A1B0007642F6B2009600F089FB814630B1B8F1E4
:10A1C000000F03D02B68002283F83920012CD2D055
:10A1D000042138460DF0D1F80646B9F1000FD0D071
:10A1E0000028C3D082785F2A4FEA52112A6894BFB0
:10A1F000114B0023D27D9CBF5B181B7E9A42C2D1BB
:10A2000002F060FD96F90030B278002B737802F00E
:10A210001F02ACBF1E214FF4967143EA02234B4349
:10A220001A1AB2F5877FAED39842ACD80424A2E7BD
:10A2300070130021C8060021705603012DE9F0417A
:10A24000354D07460E462B68188900F02DFB044655
:10A2500020B940F253110D20E6F742FC1FB116B9A8
:10A260000DF069F918B9BDE8F041FFF71FBE23787A
:10A2700003F00F03072BF6D1E3789B09F3D10321F9
:10A2800020460DF07AF828B12B6842789B7AB3EB20
:10A29000121FE8D12B6893F83730032B05D0052B1C
:10A2A00013D0022B13D1002100E001212046FFF73B
:10A2B000FFFE2B68012883F837000BD004281BD041
:10A2C0000028D0D04FF4CF71C5E70221EEE740F26D
:10A2D0007F11C0E7114C226812B940F28D11BAE724
:10A2E00007211889E7F7A6FC10B940F28F11B2E7F1
:10A2F0002368BDE8F0411847014620460DF03DF8BF
:10A30000014628680B78C3F3050380F83630BDE8B2
:10A31000F04100F0C9B800BF70130021D006002141
:10A32000F8B52E4D00232860503000F8163C0FF091
:10A33000C5FA20B12B68FF2283F838202BE028686B
:10A34000C67D042E08BF03260FF0DAFB074607F090
:10A35000E7FA032E04463AD0022E0CBF4FF47F706A
:10A360004FF4FF608442394628BF0446204607F078
:10A370002BFB2B6880BB9A6E032E22449A6629D051
:10A38000022E0CBF04200820B4FBF0F4FF2C28BFE1
:10A39000FF2483F8384028680FF02DFC2868B0F8B7
:10A3A000622050F81E1B0CF06BFDFFF7ADFD28B1CD
:10A3B000FFF748FD286850300FF0AAFA2B685A7E44
:10A3C000002A14BF0322022283F83720F8BD4FF47D
:10A3D0007F60C7E71020D7E70022ADE770130021A8
:10A3E000002310B580F83A30FF230A4C80F838304B
:10A3F0000523206080F8373090F83600FFF784FDA1
:10A4000038B1206850300FF083FABDE81040FFF7F4
:10A4100019BD10BD70130021002370B580F83A30CB
:10A42000FF23124E0D4680F838300523306080F847
:10A430003730008900F038FA044620B940F20A317A
:10A440000D20E6F74DFB336893F8360002F044FE2A
:10A45000336829460120DA7D02F0CAFF204603F066
:10A46000ADFABDE87040FFF7EDBC00BF70130021EE
:10A47000014946300DF04BBBBD9A0201442302490D
:10A480003C3043720DF043BB419D0101379B0201FB
:10A49000019B020121A30101AD9E0101999F0101D0
:10A4A0007DDD0101219C02012DE9F04F04468BB0B6
:10A4B0000F4690F86030072B02D10FF0D4FB7CE000
:10A4C00002F026FC814602F0FDFB97F900307D7812
:10A4D0004FF00008002BBB78029003F01F03ACBFC5
:10A4E0001E224FF4967245EA03253B785543DA095C
:10A4F00014BF4FF496721E2213F0400F02EB050BAF
:10A50000019214BF32264FF4FA760BF0B3FF811993
:10A51000584689B211F02DF8039006F093FC19EB20
:10A520000006A36F41F1000AD4E91C10691A60EB20
:10A53000400089194AEB00008B4278EB0003039B33
:10A5400001D22046B9E70298113348445A000393D8
:10A5500000F50170A84236D23D4904F15000029244
:10A560000FF03CFAA16D206D09688847019B029AA3
:10A5700003F5D877A16D8DF810801744496807441A
:10A58000206D05978847039BC93E8DF81800A5EB01
:10A59000030394F854004AF1FF318DF819809B1998
:10A5A00041F10001CDE9083104A906F045FD18B9D3
:10A5B0009F210C20E6F794FAA766A36DDB680BB029
:10A5C000BDE8F04F184709F5D8739B44E37D042B91
:10A5D00021D0032B22D0022B40F6480008BF4FF4B5
:10A5E000856093448344A06E83451AD897F9003060
:10A5F0002046BA78002B7B7802F01F02ACBF1E21E8
:10A600004FF4967143EA022301FB03910BB0BDE8BE
:10A61000F04FFFF701BF44F29020E2E741F2BE1095
:10A62000DFE7ABEB000B0121BBF1400F38BF4FF070
:10A63000400B584607F0C8F9002882D1A06E584454
:10A64000A066A0F5807007F01DF90028CED178E74C
:10A650007B9C02012DE9F047DFF8988186B00C461B
:10A66000D8F80070B8F80430C51BB5FBF3F5EDB2AF
:10A6700003FB0577384609F053F8064618B9E5217B
:10A680000E20E6F72DFA014605AA384609F056F8DD
:10A69000304609F059F80C23064605215D43D8F8E9
:10A6A00008302B449888E7F7C5FA002800F08F801F
:10A6B000F2791ABBB179DFF84091D9F800A0BAF16C
:10A6C000000F1DD0737903B9D1B1D8F808200599CE
:10A6D0001544B279A88800922246D047002210F48F
:10A6E0007F4FC4B2C0F30723727179D1384609F0A5
:10A6F0002DF800286FD140F20D11C1E70021DAE7F3
:10A70000002A66D01C23DDF814A02370D8F8083086
:10A710002B449B886380C37C002B69D07388A4F88A
:10A72000073033796372737CFF2B08D17F22A371CA
:10A73000A372002322716271E3720424D6E706211A
:10A7400050460CF01AFE68B373785BB390F9003092
:10A75000237102213378504663710CF00EFE18B35A
:10A7600003789B09A371F422D8F8083004F10C0196
:10A7700050462B441B7A0CF064FED8F80830E07287
:10A780002B441A7A1044187250460CF052FED8F836
:10A7900008301D442B7A834208D00123A37204247D
:10A7A00001231DE07F23D3E7FF23DBE7737CA37244
:10A7B00000232B72D9F80030002BBED02C2150463C
:10A7C0000DF0BDFE0028B8D001237371E7E7044601
:10A7D0008CE714468AE70021384608F0FEFE002385
:10A7E000002064F3070063F30F2006B0BDE8F08794
:10A7F0001C467BE774130021EC0600212DE9F84389
:10A8000005460E464FF481701221914608F063FE12
:10A81000041E2CDB25B904F10C007043BDE8F8835D
:10A8200015F0030704D04FF492710E20E6F758F9A3
:10A830000C22DFF8408006FB045039467243C8F80A
:10A840000050C8F80800A8F8044008F071F8BE42AB
:10A85000E1D0B8F804504B46D8F8000012224FF46B
:10A86000817107FB0500013708F0E1FDEFE74FF0CC
:10A87000FF30D3E77413002138B50A4D0521E7F7FF
:10A8800033FA04462B68A88804FB003008F0F0FD7A
:10A890000C20A968002344430A190B51D38013816B
:10A8A00038BD00BF7413002108B50521E7F71CFA75
:10A8B000054B4FF481719A881B6800FB0230BDE89C
:10A8C000084008F0E5BE00BF741300212DE9F04FE9
:10A8D00087B08A46624C8146052150469DF84480E7
:10A8E000CDE901239DF840300093E7F7FDF9A388F7
:10A8F0000546266800FB0366009BFF2B09D1304606
:10A9000008F08EFE012833D10025284607B0BDE8A7
:10A91000F08F4FF0000B01223CE0C14658E0BBF144
:10A92000000F06D184F811B0A2F806B041F805B0C6
:10A9300088E09BF802309BF8010003F01F0350EA07
:10A9400003230BBF02200123607463740BBFD38009
:10A950004C514B5182F8099074E0637C012BD4D0A8
:10A96000002323743F4904F108000DF0D0F8CCE730
:10A97000042148460CF001FD83460028CBD09BF80B
:10A9800002209BF8011002F01F0251EA02230CBFC3
:10A99000012200220C20A1680392454330464F5902
:10A9A00008F037FE18B9039A57EA0203ACD00DF14C
:10A9B000120205A9304608F0DDFE059808F0C4FE35
:10A9C0000446B8F1000FA8D048460CF032FD81468D
:10A9D000234940F2726E886800EB050CBCF8062033
:10A9E0004A44724590DC019BB7FA87F7ACF8062021
:10A9F0009DF84C207F092370029BA27163809DF813
:10AA00004820009B677000272371E27142596771EB
:10AA10004AB1507C012806D117748A6811495059EF
:10AA200008300DF074F80E4A91684A19A2F804A093
:10AA3000B8F1000F7FF473AFFF236374A2F80680B0
:10AA400041F8058001224FF48171304608F049FE3B
:10AA50000546002881D173210E20E6F741F800BF9A
:10AA60007413002155A6010170B50C240E4E05216A
:10AA7000E7F73AF9B3684443185998B10379FF2BC3
:10AA800004D04FF4EB710E20E6F72AF8022343744A
:10AA900000250574054908300DF039F8B3681A1916
:10AAA000D5801D5170BD00BF7413002155A6010152
:10AAB000014B024A1A607047EC06002151BE0101A9
:10AAC00038B5164C23680BB1F0F780F901F09CFF04
:10AAD000A06890F83030022B04D1C030BDE8384077
:10AAE0000EF033BF0269037D013290F84C1043F140
:10AAF0000005A2FB012305FB0133DBB20FF070F967
:10AB0000A0680FF0AFFB10B1A3680122DA75A0684E
:10AB1000BDE83840C0300EF008BF00BFA0130021D0
:10AB200038B5044690F84C100FF043FA054694F8F7
:10AB3000303094F86500022B0CD103F05DFB00F57A
:10AB40002143183303F2E7334FF47A70B3FBF0F08C
:10AB5000284438BD034B33F8103003F56E532033CF
:10AB6000F0E700BFD05603010C4B30B59D6895F857
:10AB70004C4095F84E50B1FBF4F295420CD990F848
:10AB8000F850187B854207D104FB1211587BC9B2DB
:10AB9000431A5842584130BD0020FCE7A013002161
:10ABA0000A4B37B59C6894F83450A36D013D94F876
:10ABB000362094F8321094F894005D43646D00944C
:10ABC0000FF0E0F9401B03B030BD00BFA01300211F
:10ABD00009B9FFF7E5BF054B9B6893F83420891A44
:10ABE000D3E91532584302FB01007047A01300213E
:10ABF00070B5214EB26892F83050022D39D1D2E9A9
:10AC00003843D2E93C12641A63EB0203241843F17F
:10AC10000003012C73F1000204DA4FF4F7714D20A8
:10AC2000E5F75EFF4FF0FF32A2424FF0000272EBF9
:10AC3000030302DA40F2EF11F1E7B37BB3B90BF093
:10AC400019FCB36893F802210B2A03D940F2B531FD
:10AC50000620E5E7094B112503EB4203598901441E
:10AC6000204689B210F085FC284470BD3221084688
:10AC7000F5E70020F9E700BFA0130021D05603013B
:10AC800038B5044690F865000D4603F0ADFA94F827
:10AC900065204FF47A71104B03EB82035B6A03F279
:10ACA000E733B3FBF1F303EB4501451804F1C000B2
:10ACB0000EF004FE58B194F8953033B1012B08D052
:10ACC00040F27B310620E5F70BFF1E231D4428468A
:10ACD00038BD4FF49673F9E7D05603012DE9F041E2
:10ACE00010F0100805460E462F4C14D02069836DD5
:10ACF0007BB1A568237D95F84C1095F84E50B3FBB9
:10AD0000F1F2954205D990F8F80001FB1233207357
:10AD10006373BDE8F081A0680123C030A37363753D
:10AD20000EF0CCFD15F008073AD018B14146A068E6
:10AD300000F09EFD15F0400814D0FFF731FF0246E9
:10AD4000A0683146C0300EF074FD002FE1D0B8F19C
:10AD5000000F14D0F0F7D0F90146A068BDE8F0412B
:10AD60000FF0ECB9236923B94FF4E6714D20E5F7F4
:10AD7000B7FE93F8F810207DFFF72AFFDFE76B0797
:10AD8000C7D5A37D002BC4D1F0F7B6F9A26803782C
:10AD9000517DC3F382038B42BBD00123D375B8E747
:10ADA0000028B6D1C6E700BFA01300217FB5154B20
:10ADB0000E4605466846996891F84C4091F84E2039
:10ADC00091F84D30B6FBF4F4A24296BFC2F10102F5
:10ADD0000023A41832469CBFE4B263430FF085F908
:10ADE00000989DF80420D5E90013884272EB030314
:10ADF00005D331462846FFF7B7FE04B070BD0120E9
:10AE0000FBE700BFA01300212DE9F04116460546DF
:10AE1000164F5DB1013105F1E808CCB2BB6893F87B
:10AE20003520A24206D8D5F80051DDB9FF23002510
:10AE3000337004E093F83030022B03D0347028468E
:10AE4000BDE8F08121462846FFF7B0FF0028F5D085
:10AE500023460134D5F8EC204146B868E4B20EF040
:10AE6000D0FFDBE7A5F58075FF21D2E7A013002115
:10AE7000F8B5204F0D461646BB6868B9D3F8904028
:10AE80000CB1A4F58074B86890F83530AB420FD897
:10AE9000FF230024337016E0D0F80041002CF0D1DD
:10AEA000D3F890400CB1A4F580740135EDB2EAE717
:10AEB00024B94FF481714D20E5F712FE90F830303F
:10AEC000022B02D035702046F8BD29462046FFF7F8
:10AED0006DFF0028F6D0D4F8EC2004F1E8012B46F1
:10AEE000B8680EF08EFFD4F80041002CC9D1BB68C1
:10AEF000D6E700BFA01300212DE9F04F0C469B467A
:10AF00003F4D002387B011462B60002C60D0AB680A
:10AF10000DF1170293F89430BBBBFFF775FF0446A1
:10AF2000A868ACBB90F818A0BAF1000F50D0234627
:10AF3000D0F80C2100F584710EF063FFAB68074672
:10AF4000D3F890400CB1A4F580744FF0000803F5DD
:10AF5000867983F81880FF238DF8173041469DF8D5
:10AF60001700FFF735FEAB680646514618460393B7
:10AF70000EF051FFAA693044904229D8039BB4B91E
:10AF800040F2DB214D20E5F7ABFDFFF771FFC6E78F
:10AF9000A1469DF8173004F1E8014FF0000A59F876
:10AFA000EC2F0EF02EFF94F8F8800746D6E793F8C2
:10AFB00030309DF81720032B2C602A7185F805800E
:10AFC000AF7108D123464A4639463046F0F736F885
:10AFD00007B0BDE8F08FA6EB0B066421304610F0F9
:10AFE000C8FA0230864202D840F2F621CAE7234668
:10AFF0004A463946301ACDF800A0F0F751F8E7E795
:10B00000A01300212DE9F04F964C00238FB0074686
:10B010000D460146207D63750C92FFF7D9FD8046F1
:10B02000FFF7E6FDA668824696F83630022B97BFFA
:10B03000D6F8E830736D5B08963B984211D306F161
:10B04000C0000EF03BFC38B13E21A06800F010FCBF
:10B0500001200FB0BDE8F08F0821A06800F040FC8F
:10B06000F6E7B7FA87F1304649090EF0D4FEA36936
:10B0700040449842ECD82368002F79D1002B67D147
:10B080003B46D6F80C2106F5847130460EF0B9FE29
:10B090008146A16801F5867391F830C00A69087D80
:10B0A000BCF1030F91F84C100B93A2FB012301FBA1
:10B0B000003303F0FF034ED1C5F8D0204FF0000B52
:10B0C000D5F8D42063F30702C5F8D4205E46A36800
:10B0D000226A93F83000646A03280D9240F095804C
:10B0E00093F86510604A32F811204FF47A7102F536
:10B0F000FA72B2FBF1F29032424468330D99069530
:10B100005218CDE907530B9BCDE902BCCDE904935E
:10B11000CDE9006644F10003EFF760FE002897D008
:10B120000C9B002B00F09B804E4CA06890F83030B8
:10B13000032B00F092805146FFF7A2FDEFF7FEFED1
:10B1400028464346227D3946FFF7D6FE002080E799
:10B1500094F806909DE7C5F898204FF0000BD5F8BD
:10B160009C204FF0030C63F30702C5F89C20ADE769
:10B17000002B3ED1237D05F1E801D5F8EC203046C7
:10B180000EF03FFE8146A1687E1E227D91F84C3074
:10B1900091F84E0091F84DB0B2FBF3F3984297BF8F
:10B1A0001B1A4FF0000B0133DBB298BF03FB0BFB04
:10B1B00091F83030022B5B460CBF05F1980005F189
:10B1C000D0000EF092FFA068217D826D436D564342
:10B1D00003FB016690F83030022B0DD1D0F8E80067
:10B1E00000FB0BF005F1EC03861B4FF0000C0B93FA
:10B1F0006DE794F80690C6E70EF02DFFA368ABEB61
:10B200000000D3F8F0305843ECE7B8F1000F22D03B
:10B21000DDF834E0D3E93821B2EB0E0261EB040132
:10B2200012EB080241F10001B2EB0A0261F10001E8
:10B23000002904DA40F273114D20E5F751FC6FF05C
:10B24000010E96454FF0000E7EEB0101BFF655AFA3
:10B250004FF4BA71F0E7C9224FE700206EE70C986F
:10B26000F7E600BFA0130021D05603012DE9F043FB
:10B2700010F0020787B08046804C11D0A068C03023
:10B280000EF01CFB3D2138B1A06800F0F1FA07B0C8
:10B29000BDE8F043FFF714BCA06800F021FBF6E71F
:10B2A0002669002E41D0A368217D93F84C0093F8C5
:10B2B0004E20B1FBF0F0013A904215D193F83030B6
:10B2C000032B20D1D6F8D020304696F8D430013266
:10B2D00043F10003DBB210F07AF8D6F8D020304604
:10B2E00096F8D43010F076F818F001081FD0002F2F
:10B2F000CDD097F83130002BC9D1614907F1290031
:10B300000CF005FCC3E7D6F8985096F89C20D6E9D7
:10B310000003854272EB0303E6D33046FFF724FCBB
:10B3200000280CBF37460027DEE73746DCE7A06879
:10B3300090F83030022B04D1C0300EF0BFFA002854
:10B34000D5D1A36893F83020022A35D1DA7D6AB3CB
:10B35000A27D5ABB93F84F5093F8321093F83620E1
:10B3600093F89400029593F86550D4F818900195DD
:10B370005D6D00959B6D0EF00CFEA0EB0909054676
:10B380000121484606F020FB58B9A068A561D0F815
:10B39000D820C0304A448261012200F8A82C0EF067
:10B3A000B7FA01230022A375A368DA75206818B1E3
:10B3B000637D23BBEFF70AFD2568002D59D1A368F3
:10B3C0000DF11702217D304693F894304BBBFFF707
:10B3D0001BFD9DF817300546237528B390F8F880BB
:10B3E000294601224046FFF70DFEB8F1000F00F19B
:10B3F000FF3308BF002525615D425D4118E0637998
:10B40000002BD9D02179FFF7D1FC0028D4D0EFF759
:10B41000DDFC02F0BFF92379266823750023236041
:10B42000CAE7FFF725FDD4E7A3681A7EBAB901255C
:10B43000A36893F83030022B02BFFF23237363739A
:10B440003FB197F8313023B90D4907F129000CF0CD
:10B450005EFB002D7FF41BAF07B0BDE8F083FF2239
:10B46000D3F8905018762275002DE0D0A5F58075A0
:10B47000B6E7237994F805802375B1E7A01300217E
:10B48000E1A702012DE9F04190F8302000216C4C39
:10B4900086B0032AA060A173A175216008D102695A
:10B4A000037DFF2B08BFB2F1FF3F01D100F024FA6A
:10B4B000A068B0F8D230C289C3819A1A037D91B2D4
:10B4C0000269521890F8301043F10003022902611A
:10B4D00003F0FF0303755BD1FF2323736373A0683D
:10B4E0000EF090FEA56895F83030032B5AD1AA7D56
:10B4F000002A57D001272F76384606F011FA95F822
:10B500004C10804628460EF054FD95F83030A0616E
:10B51000032B4FD1AB7D002B4CD095F84F3095F8D5
:10B52000362095F8321095F89400029395F865301E
:10B5300001936B6D0093AB6D0EF02BFDA669394640
:10B54000861B464528BF4646304606F03DFA38B9C8
:10B55000A3693344A361D5F8D8303344C5F8D83053
:10B56000A36893F894205ABBD3F8900008B1A0F5D3
:10B5700080700DF11702FF21FFF746FC9DF8173090
:10B580000546237518BBFFF79BFA06B0BDE8F081AE
:10B5900090F84C50A5FB022105FB0313DBB20EF023
:10B5A0001FFC9CE7032B4FF000020CBF0127022772
:10B5B0002A76A1E795F8351028460EF0FAFCBDE78B
:10B5C00000210DF117020846FFF752FCD6E701F003
:10B5D00067FCEFF7FBFB1B491B48EFF7EDFB05F0A2
:10B5E00031FC0022C4E90801294695F8F800FFF76C
:10B5F00009FD064600BB95F8F810207D2561FFF790
:10B60000E7FA0546FFF7F4FA0146A06890F83030F3
:10B61000032B0FD0FFF734FBEFF790FCA068C0308E
:10B620000EF076F920692B46227D90F8F810FFF78E
:10B6300063FCAAE73046EFE70120FFF717FEA4E717
:10B64000A01300216DB20101DDAC01010D4A0378A8
:10B650009268D17D30B5447831B1517D00250131FA
:10B66000D57501F007015175517D03F00303127E7A
:10B6700001F00701447043EA810343EA4213037077
:10B6800030BD00BFA0130021024B014698680EF0A8
:10B6900088BD00BFA0130021014B024A1A60704709
:10B6A000F0060021B4B60101014B1868704700BFD5
:10B6B000F006002121AB0101E59C020185B40101E6
:10B6C000DD9D0201DD9D02017DDD0101E99C02019C
:10B6D0002822034610B50A700024427ACA7010F876
:10B6E0007F0C0C750871002A51D113F8682C0A726E
:10B6F00013F8672C4A7213F8662C8A7213F8502CD0
:10B700004A7113F84F2C8A7113F84E2CCA7113F832
:10B710004B2C013AD2B2032A32D82148825CCA7239
:10B7200013F87A2C0A7313F8642C4A7313F8632CF9
:10B730008A7313F8622CCA7313F8602C0A8213F808
:10B74000802C022A21D19A6B40F2E240B2FBF0F247
:10B750004A8213F87E2C53F8203C0A75FBB1A3F5FE
:10B7600080730022D0B2B3F8FA40D3F8003101EB75
:10B770004000A0F8154093B1A3F580730132F1E7C2
:10B7800040F20B310620E5F7ABF91A6CDCE70A2131
:10B79000E6F766FA18B14FF4D5714920F3E710BD0A
:10B7A000085703012A2238B50A700346427A002559
:10B7B00010F8800C02280CBF9C6B1C6CCA7013F82C
:10B7C0007F0C0D740871A2BB13F8680C487113F854
:10B7D000670C887113F8660CC87113F87A0C08723C
:10B7E00013F8640C487213F8630C887213F8620C37
:10B7F000C87213F8600C53F8203C888140F2E24094
:10B80000B4FBF0F4CC8163B1A3F5807301EB42008B
:10B81000B3F8FA400132D3F80031D2B2A0F81140A7
:10B82000F1E70A74084BFF221A700022074B1A70C6
:10B8300038BD0A21E6F714FA0028F3D04FF4A871B6
:10B840004920E5F74DF900BF34000021C81300215D
:10B85000024B00221870024B1A707047340000210E
:10B86000C8130021014B1878704700BF3400002135
:10B8700080F8B91090F8B8301BB90249B0300CF01C
:10B8800043B97047A5B70101F8B50E462C210CF05D
:10B8900056FE114D0446B0B92B780133DBB2052BAF
:10B8A00002D82B702046F8BD0C4F0A21287038783A
:10B8B000E6F7C0F93E21FFF7DBFFFF232C703B705A
:10B8C00086F83940EEE7002301202B70D6E92023CB
:10B8D000C5E90223E7E700BFC813002134000021B7
:10B8E00090F8B8302BB980F8B910B03001490CF09D
:10B8F0000BB970476D9E020180F8B910B030014954
:10B900000CF002B9D1B6010180F8B910B03001498C
:10B910000CF0FAB8919E02012DE9F04FDFF880B2E9
:10B920008DB005460E469BF800000A219046E6F7CA
:10B9300081F90446002800F07A82EA7E5F2A4FEA05
:10B94000521197BF974B00275B181F7990F84F3023
:10B95000434504D025212046FFF78AFF61E229797B
:10B96000CB0600F0708290F835301BB1B3EB511F5D
:10B97000C0F26982EA7812F0F80F00F0648211F0E8
:10B98000E00F00F06082AB7A13F0F00F00F05B8202
:10B9900095F801C028780CF03F031CF0400F40EAF6
:10B9A000032000F0FA8040F26563984240F24B8237
:10B9B000AB7802F007025B0043EADC1343EA422360
:10B9C00040F67C4203F6FC73C3F30B03934200F290
:10B9D0003A82EB7A013BDBB2FA2B00F234822B7D08
:10B9E000EA7C1B0153EA121300F02D826B7C02F0FB
:10B9F0000F02A87C43EA002343EA0243FE2B40F2F5
:10BA000022823F294FEA511210D90AAB95F8201033
:10BA1000E869019308AB01F07F010093002306F071
:10BA200025FEDDE90A23134340F00D822B7903F054
:10BA30001F025B09B2FBF3F103FB1123002B40F063
:10BA40000282AB7AB1EB131FC0F2FD8104D0EB7917
:10BA500013F0F00F00F0F781D5F817300AA8EA7E4E
:10BA6000190A8DF82830C2F304028DF82910190C38
:10BA70001B0E8DF82C208DF82A108DF82B300BF032
:10BA800001F9002800F0DF8138460EF0D8F9814630
:10BA9000002840F0D881EB7894F83310C3F3C40247
:10BAA000B1EBD30F00F2CF812B7984F83220C3F3AE
:10BAB000040384F836302B79C3F3421384F84C30F6
:10BAC000EB79C3F3031384F84D30AB7AC3F303135C
:10BAD00084F84E30EB7A84F85030AA796B79697A21
:10BAE00043EA0223EA79A87C02F00F0243EA024308
:10BAF0002A7A42EA0122A97A636501F00F0142EA3B
:10BB00000142697C41EA0021E87C9342A26500F091
:10BB10000F0094BF0023012341EA0041E87CE16566
:10BB2000297D090141EA1011A4F8521095F820105E
:10BB300084F8657084F89430C1F3C0116B7884F890
:10BB400064104946C3F3801384F84F8084F895301D
:10BB5000D5F80D0008F0B4F9C4F80C01B5F81530AB
:10BB600094F835201B0284F81481A4F81690C4F8C8
:10BB70001031FF2384F81890637594F836300AB1B9
:10BB8000934201D284F83530B8F1000F1AD05EB973
:10BB900040F243314920E4F7A3FF132806E700BF32
:10BBA0003400002108570301336804F1780206F1DC
:10BBB000080104F13800C4F888307368C4F88C3088
:10BBC00000F024FD2A7995F8201002F0E003E869DE
:10BBD000C1F30601202B40F0AC80013841F1FF3168
:10BBE0000023AE7801F07F0194F84F20A4F8D23002
:10BBF0007600E3816B78206146EAD316EB782175F5
:10BC000003F0070394F8651094F8500046EA4326C1
:10BC100040F2E2435E43C4F8E8600EF022F994F883
:10BC2000322094F8363002F1FF3CA26D616D05922E
:10BC30005A1E4A43059901FB0C2294F84CC094F813
:10BC400064101044E26DB3FBFCF394F84EC0206620
:10BC5000A3EB0C0394F84DC00CFB03F303FB06634A
:10BC6000034400296DD013444FF0060CA364D4F8AC
:10BC7000FC300CFB06FC63452CBFC4F8FC30C4F858
:10BC8000FCC000295FD0324402EB0008D4F8906079
:10BC9000002E5AD016F8081CA6F58076D5F80D00AF
:10BCA00008F00EF996F8F830C6F8EC00B5F8152053
:10BCB00095F8201043EA0223EA6986F8A870C6F8CE
:10BCC0009820C6F8F030C1F30603D6F89C0001F0C6
:10BCD0007F0161F30700C6F89C0094F864C0B4F8D3
:10BCE000521086F824C0B18294F85010A87CB17527
:10BCF00094F84C10F17594F84E103176697C41EA55
:10BD00000021E87C00F00F0041EA0041F161D4F825
:10BD1000E810C6F810803162A16CC6E90023F1601A
:10BD2000BCF1000F02D130460EF02CFDD6F80061B8
:10BD3000AEE75209002306F041FC013861F1000131
:10BD40004EE79B1A90E78046A0E7D5F817302046CB
:10BD5000EA7E190A8DF82830C2F304028DF8291002
:10BD6000190C1B0E8DF82C208DF82A100AA98DF8BD
:10BD70002B300BF06DF894F8651094F84F2094F880
:10BD80005000CDE906120EF06CF894F894A094F8E7
:10BD9000327094F83690079A069905905046D4E987
:10BDA000158602924A463346CDE9008139460EF0A7
:10BDB000F0F894F830309630022B3BD1D4F8E830CC
:10BDC000984240D80598963080453CD386423AD375
:10BDD000BAF1000F31D108FB09F8464533D3687832
:10BDE000B4F8D2202B7810F0400F00F03F0102F1A0
:10BDF000070204F1C00043EA012118BF4FF4967313
:10BE000092B208BF1E23CDE9013294F834204B438F
:10BE1000013A06FB023300930C4BD3E90223FDF7F2
:10BE200067FEFF2300228BF80030084B1A700DB01C
:10BE3000BDE8F08FD4F8F030C2E7BAF1010FCED1EF
:10BE40007743B845CAE7112185E500BFC813002133
:10BE50002DE9F743804615461E469DF82890084672
:10BE600019B986214920E4F73BFE0AB98721F9E791
:10BE70002C210CF064FB0446A8B9B9F1000F01D0E5
:10BE80009121EFE700238DF804308DF805309DF8FF
:10BE90000430002063F307009DF8053063F30F20A2
:10BEA00003B0BDE8F08303783A2B0BBF01270027CE
:10BEB00000F123010021B9F1000F03D03A4602300E
:10BEC000FFF72AFD002EDDD0627F5F2A4FEA521174
:10BED00097BF2D4B00265B181E7930460DF0AFFF43
:10BEE0000028CFD12723A5F80380013E2B7063796A
:10BEF000F6B2C3F3C403032E6B71A379C3F3040337
:10BF0000AB712379E2784FEA430343EAD2136279B3
:10BF100002F0070243EA4223A5F80730A379C3F3EE
:10BF200042136B72637AC3F30313AB72237BC3F3C5
:10BF30000313EB72637B227DAB81E37C43EA022334
:10BF4000627DAB734FEA1323EB7302F00F03627D44
:10BF50002B74A37D4FEA031343EA1213A5F81130A3
:10BF60000ED8094B8DF805009B5DEB7494F82230D8
:10BF70006F75C3F3C0132B7504238DF8043086E767
:10BF800040F20B3106206EE7085703010346F7B570
:10BF900020B940F2A6314920E4F7A2FD90F84C50B8
:10BFA0000026DC89B0F8D2001F69001B1C7D013718
:10BFB00080B244F10004C01944F10004A0FB05C0A4
:10BFC00004F0FF0405FB0400D2E91874D3F8E02064
:10BFD000D21BD3F8E47067EB0404012A74F1000764
:10BFE00002DA40F2B631D6E76FF00107974276EBFE
:10BFF000040702DA40F2B731CDE7734FBA4274F169
:10C000000007CF78ACBF4FF0010E4FF0000E6EF37B
:10C010008617CF706D4F974276EB0404ACBF1E2499
:10C020004FF49674B2FBF4F2CC788A70C2F3052216
:10C0300024F03F042243CA7000228A738A7993F85D
:10C04000364064F3040265F347128A714A7A93F822
:10C050004D4064F307124A720A7B93F84E4064F332
:10C0600007120A7393F850204A7393F8522002F093
:10C070000F044A7D02F00F0242EA04124A75B3F837
:10C080005220C2F307128A7593F85420CA7193F8AC
:10C0900055200A7293F8562002F00F044A7A22F0D3
:10C0A0000F0222434A7293F858208A7293F859205B
:10C0B000CA7293F85A2002F00F040A7B22F00F0292
:10C0C00022430A7393F85C20CA7493F85D200A75C2
:10C0D00093F85E2002F00F044A7D22F00F02224303
:10C0E00093F864404A7591F8222064F3C71281F8EE
:10C0F00022204A7993F8324064F3C7024A71D3F898
:10C100009820C1F80F20B3F89C20C1F81EC0A1F8F8
:10C11000172091F8222060F3060281F8222093F87C
:10C120006520013AD2B2032A34D829480244487F14
:10C13000D27962F34710487740F2E240D3F8F0201A
:10C14000B2FBF0F2C87802F0010400F07F0040EA90
:10C15000C410C870C2F34700C2F342220871487984
:10C1600020F0070002434A715A79D3F801008DF894
:10C170000420C1F819004A7F019860F304024A774D
:10C1800093F84F2052B92323013B0B702C234B70A3
:10C1900003B0F0BD40F255310620FDE6D3F888200B
:10C1A00001F12B00C1F82320D3F88C20C1F82720FF
:10C1B00003F1A002B03352F8044B9A4240F8044B0A
:10C1C000F9D13B23E0E700BFC5BF0300C4BF0300B4
:10C1D00008570301054B98429FBF00F56170044B5F
:10C1E0005860002088BF1220704700BF00093D0042
:10C1F000340000212DE9F04F03788BB007460C4640
:10C200000B7043784B7090F8029081F80290B9F16E
:10C21000010F0279C37898BF002543EA02234279CF
:10C22000CB704FEA13234A710B71C388A1F8093010
:10C2300088BF057B8D73827BCA744AB100F10F03FE
:10C2400014311F3053F8046B834241F8046BF9D169
:10C25000FB7A990700F18A8013F0010801D103F0FD
:10C260000408A8F1030341F28736DBB2022B2CBF8E
:10C270004346042363733979FB7843EA01237979D0
:10C2800043EA0143B34274D91E4640F2E241B6FB91
:10C29000F1F6E6804E43B6FBF3F103FB1161002992
:10C2A00077D1B34275D8797BE173F888FB2885BFD5
:10C2B00000F1FA0C4FF0FB0E8446BCFBFEFE81BF82
:10C2C0000EEB000C0CF1FF3CBCFBFEFC1FFA8CFCDF
:10C2D000B3420CEB000AA4F80BC00AF1FF3A9AFB38
:10C2E000FCFA03F1FF3C5FFA8AFEB444BCFBF3FCAA
:10C2F0009CBF0CFB0EFE5FFA8EFEBEF1070F84F8AA
:10C3000010E05ED94FF0010E1FFA8AF1714584F8F2
:10C310000FE040D941F2883C634511D940F2E24E2A
:10C32000B3FBFCFC1FFA8CFC8C4528BF8C46B3FB8E
:10C33000FCF6B1FBFCF1B6FBFEFEA4F806E02174AE
:10C34000217C07291CD8F6281AD8217C012917D866
:10C35000B34240F0C6800D30A4F80B00B4F80B30A7
:10C36000FB2B28BFFB23A4F80B302CE04FF0020876
:10C3700077E740F2E24093FBF0F100FB113119B195
:10C3800000200BB0BDE8F08F1E44B6FBF3F65E4311
:10C390007BE7012188E7D3D1FB21B1FBF0F16145B7
:10C3A00034BFC9B25FFA8CF121B940F26141492032
:10C3B000E4F796FB01FB00FEBCFBF1F1A4F80BE0F7
:10C3C000BDE70029BFD1012394F810A04146B4F87D
:10C3D0000B006374002384F808A0D21AA37418BF5A
:10C3E00001220DF03EFD08AB4A465146029309ABCF
:10C3F0000590019300902846E3880DF03FFE227AD5
:10C4000094F804C0607CE57894F8109045EA0C2517
:10C41000049094F805C094F812A045EA0C4C049DD1
:10C42000A178B2FBF9F0401B40F2E2450AFB00FAAA
:10C43000E088DDE908E36843551E0AFB000001F1CE
:10C44000FF3A0EFB05F503FB0A5505440598054424
:10C45000E07B00284CD06544B7F808A04FF47A7B05
:10C460000BFB0AFAAA458BD3E07CCDF800E000383C
:10C4700018BF0120CDE90180A07BCDE906120DF0A7
:10C4800088FD604B03EB4808B8F80C3003F2E73343
:10C49000B3FBFBFB5C4B5B6803F505739B445844A3
:10C4A0008642FFF46DAF059B301A079A03F1960898
:10C4B0000699C2F11F03BF7A01FB09F193FBF9F35F
:10C4C00001FB08F8B0FBF8FBD8B2874228BF07464B
:10C4D0005F45384628BF58461E280CD940F2BF4158
:10C4E00065E782BFB4F80B300533A4F80B3035E7AD
:10C4F000A5EB0C05B0E7AAEB0505049BB5FBF8F12D
:10C50000C3F10F03DBB28B4228BF0B46834228BF27
:10C5100003460E2B02D940F2C64148E70BB9012071
:10C520002FE704994A44471E01F10101D2B2C9B272
:10C5300022726174F3D0A5EB080506EB080A554595
:10C5400007D2013BDBB2194409FB0322617422725A
:10C55000E5E7B4F80B00C0B2E5F70CFE94F810C0A4
:10C5600060456146FFF40CAF411A142389B2B1FB58
:10C57000FCF2B5FBF7F1A1EB0801B1FBF6F1B3FB5F
:10C58000F7F6B2FBF7FE0F2E237A28BF0F2676456B
:10C5900028BF76468E4228BF0E4626B107FB0C33D5
:10C5A000A6742372BBE7B5FBFAF11429A0EB0C00CB
:10C5B00028BF1421B94228BF3946914228BF1146ED
:10C5C000012201FB0C338842A274DBB22372A6DB8A
:10C5D000607C01FB1A557F1AC0F10F02B5FBF8F51C
:10C5E0005FFA82F8B84528BFB846A84528BFA846D4
:10C5F0005FFA88F8404408FB0C38607484F80880BF
:10C600008DE700BF08570301340000212DE9F041F8
:10C61000184B94B00024154608AF10220E460DF1B9
:10C620003008014600970DEB0200CDE904340133D8
:10C630000293013303930123CDE906440DF058FE24
:10C64000384610AF02A901230422CDF800800DF076
:10C650004FFE414630460123102200970DF048FE60
:10C660002346042203A9384600950DF041FE14B07C
:10C67000BDE8F081314749420138C0B2032808B50E
:10C6800004D940F2CF217820E4F72AFA014B185C54
:10C6900008BD00BF1E5703014068038800F2F31075
:10C6A000C172A0F80930027301490BF036BA00BF1D
:10C6B000EDA3020108B500F0CBFA00F029FA00F072
:10C6C00005F8BDE8084000F0CBB800BF034B0021DF
:10C6D0004FF480521970A3F801207047DC13002139
:10C6E00070B50646022014460D4600F02BFA064BA4
:10C6F0000122033C1A70054BC3F81045C3F80865C6
:10C70000C3F8045570BD00BFDC13002100E00041F8
:10C71000022008B500F016FA084B002208484FF036
:10C72000010C084980F800C0C3F80021C3F80421B7
:10C73000C3F80821C3F8801008BD00BF00E0004125
:10C74000DC13002103000080104B1A785AB1104905
:10C750000020C1F88000D1F800213AB91021002052
:10C7600099705A701870002000F0ECB9D1F80421CB
:10C77000002AF3D0D1F8082112B110210246EEE7C9
:10C78000D1F800140122C9B2E9E700BFDC1300218F
:10C7900000E00041022008B500F0D4F9064B002269
:10C7A000012106480170C3F80021C3F80421C3F831
:10C7B0000821196008BD00BF00E00041DC13002122
:10C7C000184A1378002B10B5507818BF0220A0F13A
:10C7D0000204B4FA84F46409B3B1C823124A013BD9
:10C7E000D2F80011DBB241B1D2F8040120B1D2F885
:10C7F0000801B0FA80F0400910BD0BB1002CEED159
:10C80000F5213B20E4F76CF9C82300E01CB1013BA3
:10C8100013F0FF03FAD10228F2D0431E58425841C8
:10C8200010BD00BFDC13002100E000410A4B1A7864
:10C830007AB10A4BD3F800214AB1D3F8042132B1BE
:10C84000D3F808211AB9D3F80004C0B270471020F9
:10C8500070479878704700BFDC13002100E000416A
:10C86000024B00221A809A70704700BFE01300212B
:10C870002DE9F843044601200E461D4690469DF8DA
:10C88000209000F05FF904F00300284F40EA0540D3
:10C8900040F08070C7F80405C7F80865244E35716C
:10C8A0000EF099FE38B9D7F8182522F0FF0242EAB7
:10C8B0000802C7F8182500221C4B4FF4805114F0D1
:10C8C000FB0FC3F884201B4AC2F8081504D11A4A8A
:10C8D000C3F88021C3F88420B9F1020F21D8174A88
:10C8E000012C124B12F80920C3F8202506D0012391
:10C8F000022CF470737009D9BDE8F8830E4A104910
:10C90000C1F8D021C3F88C207470F470074B012259
:10C9100000213270C3F80011C3F800121A60BDE89C
:10C92000F8834FF4F1713C20E4F7DAF800E00041BD
:10C93000E013002100F000410C00008024570301A7
:10C94000008000412B4B5A7870B5002A48D02A4A03
:10C950000125C2F80C15C2F81005DC789D701CB3D7
:10C96000042C19D01978002935D01B790021023BFD
:10C97000C2F80411012B05D820480323C0F8501138
:10C98000C2F81C351C494FF480521D481D4BC1F89C
:10C990008400C3F8042570BD00211D70C2F8041185
:10C9A000C2F80052156070BD1B78F3B1C2F80441A3
:10C9B0004FF48054134BC3F80445D2F8006116B10C
:10C9C0005560C3F808450B7803704B780433437007
:10C9D0008B78837070BD40F20D113C20E4F780F835
:10C9E0004FF404713C20E4F77BF8E1213C20E4F7AC
:10C9F00077F800BFE013002100E000410080004113
:10CA00000500008000F00041104B1A78CAB10022E6
:10CA10000F49104810B44FF48054C1F88420C0F876
:10CA20000845A0F5E040C1F88021C1F88420C0F895
:10CA3000D021C1F88C201A70002210BCA3F801206C
:10CA400070470022A3F80120704700BFE0130021C7
:10CA500000E0004100F0004108B50B4B1B784BB1E2
:10CA60000A4BD3F8042152B1D3F80004003818BFA0
:10CA7000012008BD40F276213C20E4F731F840F275
:10CA800077213C20E4F72CF8E013002100E000417E
:10CA9000F8B5184B1B783BB3174CD4F8043113BBD3
:10CAA000164B0222C4F804231F691A6907F0100705
:10CAB00042F010021A61D4F8043153B9104E4FF409
:10CAC0008045C6F880510EF08AFDD4F80431002B61
:10CAD000F7D027B9094A136923F010031361064BF5
:10CAE0000222C3F80823F8BD40F287213C20E3F777
:10CAF000F7FF00BFE013002100E0004100ED00E07F
:10CB000000E100E0014B01229A60704700E0004123
:10CB100038B54FF48042094BC3F88020BFF34F8FE4
:10CB2000BFF36F8F064C0025C4F80055C4F80055BC
:10CB3000FFF76AFFC4F8805038BD00BF00E100E095
:10CB400000E0004170B5124D00260446C5F80065AE
:10CB5000C5F80065FFF758FF012CC5F8806006D0C6
:10CB6000022C0BD04CB182213D20E3F7B9FF022209
:10CB7000084BC5F80025C5F8143570BD0321054ADA
:10CB8000054BC5F80015C5F81425C5F8803070BDF3
:10CB900000E00041E813002103000080094B9B786E
:10CBA000012B0CD0022B09D1830706D406490020A3
:10CBB000064B0122C1F840051A61704770474207D1
:10CBC000F4D57047F814002100C0004100800041F6
:10CBD0001C4A431E10B582F82400032B2DD8DFE831
:10CBE00003F027190A02184B0522C3F8102505F097
:10CBF00069FC40B910BD144B0622C3F8102505F09E
:10CC000061FC0028F6D0114A0F4BD2F88020C3F8FF
:10CC1000882510BD0C4C0423C4F8103505F052FCD7
:10CC20000028E7D0094BD3F88430C4F8883510BD0C
:10CC3000054B0322C3F81025D9E740F62A513E20C0
:10CC4000E3F74EFFF8140021008000410000FF01CF
:10CC500068220021094810B505F06AFE41F211145E
:10CC6000074B00224FF08240AA21C0F8004EC3F8C3
:10CC7000402EC3F8442EC3F8001E10BDF814002146
:10CC800000700041962808B507D89528054B8CBF41
:10CC90000022012218851A7008BD40F203213E20AF
:10CCA000E3F71EFFF8140021024B185C00F5166034
:10CCB000704700BF28570301014B93F848007047A5
:10CCC000F81400210B4B0C4A10B493F84810D3E928
:10CCD000103002EB8102C01AD36B116D03F2E733FF
:10CCE000946A064A5B1A204410BCA2FB032300EBA3
:10CCF00093107047F814002128570301D34D621098
:10CD0000024B586C1B6BC01A704700BFF81400210F
:10CD10000A490B4A086C10B491F84830094C02EBF0
:10CD200083020B6BC01AD36B926A03F2F313801A5F
:10CD3000A4FB032310BCA0EB93107047F814002150
:10CD400028570301D34D62100D4A0E49106B10B4E1
:10CD500092F848300C4C01EB8301136C1B1AC86B22
:10CD6000896A00F2F3105B1AA4FB0010D2E90E41AD
:10CD7000A3EB9010001910BC41F10001704700BFF7
:10CD8000F814002128570301D34D62100F4910B544
:10CD900091F84820531EDBB2032B11D8086C096BA5
:10CDA0000B4C401A0B4901EB820201EB4303926AE0
:10CDB000B3F86430801AA4FB032300EB931010BD7A
:10CDC00040F2A7213E20E3F78BFE00BFF8140021BC
:10CDD000D34D6210285703010139124BC9B2032900
:10CDE00010B583F8540013D80F4A104C02EB8101A0
:10CDF0000F4BCA6E14430F4A0243C3F81445C3F8DD
:10CE00001825D3F8503503F0F703032B05D010BDD8
:10CE100040F2E5213E20E3F763FE4FF43F713E20F0
:10CE2000E3F75EFEF8140021285703010801100003
:10CE3000008000410000030208B5154A154BC3F8F5
:10CE4000AC210278032A1DD1D3F81425012990F8CA
:10CE500001C022F4702210490CF03F0C0F4808BFAB
:10CE600042F400224CEA0000C3F814250A6A42F09A
:10CE70000302C3F80029C3F8100901230A6281F8EC
:10CE8000643008BD40F251313E20E3F729FE00BF77
:10CE90000600008000800041F8140021803202006A
:10CEA0003F4B4FF4807270B5C3F88020BFF34F8FB3
:10CEB000BFF36F8F00223B4801213B4D13463B4C93
:10CEC000C0F8FC2FC0F8FC1F05EBC3010133D1F8FB
:10CED00000232240824204D1D1F80023D1F8041368
:10CEE0001160202BF0D12F4D012340F2031040F2AE
:10CEF0005B6103222E4CC5F83405C5F83815C5F81A
:10CF00003035C5F8102584F8243005F0DBFA20B15F
:10CF1000254BD3F88030C5F88835224D40F20121E9
:10CF20004FF48013234AC5F850160026107CC5F82C
:10CF3000003201F01BFF05F067FD1F491F4BC5F8CC
:10CF4000A81102311E4AC3F8C820C3F8C41041F624
:10CF5000F8711C4AC2F80415D3F84035A4F84860AB
:10CF60002363666484F8556003F06CFF2670D5F87F
:10CF700000290B4B22624FF4807284F86460C4E98C
:10CF80000E01962110202185A16EC3F88021C5F8DD
:10CF900004031A6001B18847BDE8704001F0B2BED9
:10CFA00000E100E0008000410000FF0100F0FFFF11
:10CFB000F81400213C0000210300008000C0004163
:10CFC0000600008000F00041036870B51A0E344D71
:10CFD0001B02344EC5F824250446C5F81C354368A9
:10CFE000C5F83C35037A86F82630437A807A5A1E93
:10CFF00086F85400D2B2032A4DD82B4901EB8202A5
:10D00000D16E2A4A0A43C5F81425294A0243C5F8B5
:10D010001825D5F8502502F0F702032A36D0032B45
:10D0200086F824302ED0042B21D0022B0FD00323DE
:10D03000C5F8103505F046FA28B11E4A184BD2F84B
:10D040008020C3F88825E37A86F8253070BD042354
:10D05000C5F8103505F036FA0028F4D0154BD3F892
:10D060008430C5F88835E37A86F8253070BD05230D
:10D07000C5F8103505F026FA0028DED1E37A86F8E7
:10D08000253070BD0623C5F81035F3E74FF43F7126
:10D090003E20E3F725FD40F2E5213E20E3F720FDA9
:10D0A00000800041F81400212857030108011000F6
:10D0B000000003020000FF01014B83F825007047C8
:10D0C000F8140021034B020E0002C3F82425C3F814
:10D0D0001C05704700800041014B83F82600704713
:10D0E000F814002100B583B001AB01F023F903B0BF
:10D0F0005DF804FB2DE9F047A34C82B094F855305D
:10D10000DD0740F12D8100284FF0000205460E4654
:10D110000CBF042302238DF806208DF8043002F0A2
:10D1200075FA01284FF0FF3088BF00208DF8050008
:10D1300001A805F093FC002840F00D8194F85530CB
:10D140004FF00108914F43F0020384F8658084F8A2
:10D150005530D7F8003243EA0803C7F80032002DF3
:10D160003DD0012D76D08A4BD3F84C75238D952B6D
:10D1700000F2008101A805F07DFC002840F0F58058
:10D18000A3789DF80420012B26D0022B15D0206B0C
:10D19000381A1DB1293002B0BDE8F0877D497E4ABA
:10D1A00001EB4606B6F8903003F5FA73A2FB0323B1
:10D1B00000EB931002B0BDE8F0879307E7D4744BFF
:10D1C0000022C3F84025A3F5804301221A61206B99
:10D1D000381A002DDED1E1E75207F0D5D7E794F8F1
:10D1E00026903046DFF8ACA1FFF7F2FC4946304606
:10D1F0001AF80930C7F808356B46C7F8549594F902
:10D20000252001F097F89DF9000000F0FDFF9DF842
:10D21000010001F09BFD002840F098805C4B84F8F1
:10D220000280C3F84C80C7F80080D3F84C75238D7A
:10D23000952B9FD9594807F128030AF17C01C36057
:10D2400001F06CFD0130012894D940F226713E2096
:10D25000E3F746FC731E94F8267084F82460032BD1
:10D2600000F28D80DFE803F055464102474B05226E
:10D27000C3F8102505F026F900284FD1454BDA5D9B
:10D28000424BC3F80825C3F854756378012B4CD082
:10D29000434B0022C3F800253C4B01203C490227A8
:10D2A000D3F8002242F48872C3F80022D3F868252C
:10D2B00042F4C022C3F86825A770C8645860238D63
:10D2C000D1F84C75952B7FF655AF344807F12903FB
:10D2D0003449C36001F028FD013001287FF64AAFD0
:10D2E0004FF4E6613E20E3F7FBFB284B0622C3F830
:10D2F0001025BFE7DFF894800423C8F8103505F047
:10D30000E1F80028BAD0284BD3F88430C8F8883523
:10D31000B4E71E4B0322C3F81025ABE7224BD3F82A
:10D3200080201A4BC3F88825A8E7394601AB94F949
:10D330002520E07800F0FEFF9DF9040000F064FF76
:10D340009DF8050001F002FD0028A5D040F2CF5164
:10D350003E20E3F7C5FB40F67B213E20E3F7C0FB10
:10D3600040F259713E20E3F7BBFB40F6B3213E206B
:10D37000E3F7B6FB40F234713E20E3F7B1FB40F631
:10D380002A513E20E3F7ACFBF81400210080004155
:10D3900000C0004128570301D34D62103C0000211A
:10D3A00000400041A45703010000FF010D4A92F81C
:10D3B000553043F0020382F855300B4B0B4A40B90D
:10D3C000C3F88020D3F8002242F00802C3F80022FC
:10D3D0007047C3F88420D3F8002242F00402C3F857
:10D3E00000227047F8140021008000410B000080EB
:10D3F0002DE9F04F0D4685B006469046002879D1BC
:10D4000004238DF80E0003AF8DF80C3002F0FEF807
:10D4100001284FF0FF3088BF00208DF80D003846FE
:10D4200005F01CFB002840F0F480A84C4FF0010BE5
:10D430004046DFF89C9294F8261084F865B001917C
:10D44000FFF7C6FB01994046DFF888A219F80130C2
:10D45000CAF8083502ABCAF8541594F9252000F033
:10D4600069FF9DF9080000F0CFFE9DF8090001F06A
:10D470006DFC002840F00381217809EB480884F80E
:10D4800002B0012900F00081B8F89030924A03F50B
:10D49000FA73A2FB0323A5EB931511B98F4BCAF8BE
:10D4A0008030216B8E4B29448C4AC3F84015C3F859
:10D4B000C0212378002B67D0012B94F8553004BF8E
:10D4C00043F0040384F85530DA0704D59D0763D48C
:10D4D000580700F1A380824B0122DA64D3F84C058F
:10D4E00081426BD800207B49C3F840050A6105B032
:10D4F000BDE8F08F0222002303AF8DF80C208DF8D9
:10D500000E3002F083F801284FF0FF3088BF002072
:10D510008DF80D00384605F0A1FA8146002878D133
:10D5200001236A4C9E4284F8653040F0BF8040463B
:10D5300094F82680FFF74CFB654B13F80820654BE9
:10D54000C3F80825C3F854856378012B00F0858063
:10D55000644BC3F800955F4B0221D3F8002242F4DC
:10D560008872C3F80022D3F8682542F4C022C3F8B9
:10D5700068252278A170012A93D0293D002A90D1F4
:10D58000564AC3F884208CE794F8553043F00202E1
:10D59000D80784F855209ED54E4BD3F8002242F090
:10D5A0000102C3F80022D3F8503503F0F603022B32
:10D5B00091D140F2FE513E20E3F792FA238D952B54
:10D5C0000DD9002E3AD0012E75D101F1290346481C
:10D5D0004649C36001F0A8FB0130012861D83846F4
:10D5E00005F048FA00286BD1A3789DF80C20012B98
:10D5F00054D0022B7FF47BAF93073FF578AF3849C7
:10D600000020344B0122C1F840051A6105B0BDE885
:10D61000F08F40F67B213E20E3F762FA2D4B2F4A34
:10D62000C3F8882003F58043D3F84031002B3FF442
:10D6300052AF40F205613E20E3F752FA01F12803B0
:10D6400029482A49C36001F069FB01300128C6D985
:10D6500040F226713E20E3F743FA41463B4694F9F7
:10D660002520E07800F066FE9DF90C0000F0CCFD6E
:10D670009DF80D0001F06AFB00283FF46CAF40F20A
:10D68000CF513E20E3F72CFAB8F89C30124A03F54C
:10D69000FA73A2FB0323A5EB931502E75207AED55D
:10D6A00025E74FF4E6613E20E3F71AFA40F2C9712C
:10D6B0003E20E3F715FA40F234713E20E3F710FA0A
:10D6C00040F6B3213E20E3F70BFA00BFF814002127
:10D6D0002857030100800041D34D62100B000080E9
:10D6E00000C00041004000413C000021A45703015C
:10D6F00030B50C4C94469DF80C20D4E90E1411F171
:10D700002C0544F1000E65457EEB030305D2ACEB1E
:10D710000101BDE83040FFF76BBE2C21BDE8304071
:10D72000FFF766BEF8140021F8B5194D95F8493099
:10D7300043B304461646084654B1012C11D00027C5
:10D74000296B32462046791ABDE8F840FFF750BEF3
:10D75000012B6F6C95F848100CD000F06DFD07445C
:10D76000EEE7012B6F6C95F8481007D000F092FDA2
:10D770000744E5E700F07EFD0744E1E700F06AFDBD
:10D780000744DDE740F611013E20E3F7A9F900BFA9
:10D79000F814002130B5404A102440494FF48070FD
:10D7A000D2F804530023C2F8084383B0C1F88001C3
:10D7B0004FF480113A4C05F01005C2F80012C2F87F
:10D7C0008830C2F88030C2F8843084F85530D2F8FE
:10D7D0005015C9B259BB238D952B04D9A378012BC1
:10D7E00050D0022B44D000232B4A94F86410C2F886
:10D7F000103123712380A37091B1C2F8AC31D2F8FB
:10D80000141584F8643021F47021236AC2F81415C9
:10D8100023F0030323492362C2F80039C2F8101928
:10D820001DB11D4B1022C3F8042303B030BDFF21EE
:10D830008DF807100121C2F8103111619DF80730F1
:10D840004BB90CE09DF80730013BDBB28DF8073097
:10D850009DF807301BB1D2F81031002BF2D09DF8A3
:10D860000730002BB7D140F651013E20E3F738F9DD
:10D8700001F066FA01300128B5D940F668013E2072
:10D88000E3F72EF901F056FA01300128ABD940F642
:10D8900062013E20E3F724F90080004100E100E04E
:10D8A000F814002180320200F8B50022304B314FCD
:10D8B000C3F84825C3F84425C3F84025C3F84C25D0
:10D8C000FFF768FF01F024FA97F865302BB105F0F7
:10D8D000CBF8002841D187F86500002005F0D0F88A
:10D8E000044600283ED1224D41F6F872224E234BC9
:10D8F000C3F80825C5F8C401C6F88800C6F880003A
:10D90000C6F88400C5F8C800C5F8C40005F094F84E
:10D9100000220023C6F8A841C5F8C0413C76C5F8EE
:10D920004845C7E91023164B4FF48072C5F84445AB
:10D93000C5F84045C5F84C45C5F84841C5F84441CF
:10D94000C5F84041C5F84C41C3F88020BFF34F8F64
:10D95000BFF36F8FC3F88021F8BD40F257513E20CE
:10D96000E3F7BEF840F25A513E20E3F7B9F800BFA2
:10D9700000C00041F81400210080004100F0004187
:10D9800000E100E0014BC3F83C0570470080004116
:10D9900038B50446074805F073F828B9064D94E8F1
:10D9A0000F0085E80F0038BD40F6B3013E20E3F7D5
:10D9B00097F800BF9DCB01016415002108B5174BF6
:10D9C000174993F85520C1F8040542F0010C186579
:10D9D000900783F855C010D5D1F8003243F0010309
:10D9E000C1F80032D1F8503503F0F603022B06D10E
:10D9F00040F2FE513E20E3F773F8530700D408BD10
:10DA0000084A094BC1F88820D3F84031002BF6D0E2
:10DA100040F205613E20E3F763F800BFF8140021EF
:10DA2000008000410B00008000C00041124B196BC8
:10DA30005A6C0844824210B518D201240F4AD861AA
:10DA40005464D2F844151C764B1D834205D30C4B0D
:10DA5000D3F8042102B91C6110BD0021094BC2F8A2
:10DA60004411C2F84405C2F8C43110BD40F6C501E6
:10DA70003E20E3F735F800BFF814002100C0004154
:10DA80000080004109000080184A10B5D2E90E4319
:10DA9000A04271EB030324D3136B516C1B1B18447E
:10DAA000884219D90124124BD0615C64D3F8441523
:10DAB00014764A1D824206D3A3F58043D3F804218D
:10DAC00002B91C6110BD00210A4AC3F84411C3F811
:10DAD0004405C3F8C42110BD40F6C5013E20E2F75D
:10DAE000FFFF40F6E6013E20E2F7FAFFF8140021BE
:10DAF00000C000410900008010B50F4C022203460F
:10DB000094F849C02276BCF1010F208D94F848109A
:10DB100094F824200BD000F0EDFBE061636C002151
:10DB2000064A0344C2F84411C2F8443510BD00F05F
:10DB3000C1FBE061F2E700BFF814002100C0004122
:10DB400030B4094A40F00044084D0123C5F80441AF
:10DB500003FA00F00C60D36C05490343C1F80405D7
:10DB6000D36430BC704700BFF8140021008000412E
:10DB700000F00041044BC3F86005D3F8002242F0E6
:10DB80004002C3F80022704700800041054B00218D
:10DB9000D3F8002222F04002C3F80022C3F8601537
:10DBA000704700BF00800041044B02460120D3F8BB
:10DBB000483503F07F035B421370704700800041DB
:10DBC000F0B5214C02250F460346B4F828C016468E
:10DBD00004F1080E2571BCF1950F83B007C88CBF06
:10DBE0004FF0000C4FF0010C676184F800C08EE824
:10DBF0000700587AE07036B9A3780122AB42627010
:10DC000004D003B0F0BD657003B0F0BD01AB94F972
:10DC1000252094F8261000F08DFB9DF9040000F0FB
:10DC2000F3FA9DF8050001F091F838B9074AD2F8E7
:10DC3000003243F48873C2F80032E2E740F2CF5179
:10DC40003E20E2F74DFF00BFF814002100800041A4
:10DC5000F0B5214C01250F460346B4F828C01646FE
:10DC600004F1080E2571BCF1950F83B007C88CBF75
:10DC70004FF0000C4FF0010C676184F800C08EE893
:10DC80000700587AE0702EB9A3786570022B05D092
:10DC900003B0F0BD0223637003B0F0BD01AB94F993
:10DCA000252094F8261000F045FB9DF9040000F0B3
:10DCB000ABFA9DF8050001F049F838B9074AD2F8E7
:10DCC000003243F48873C2F80032E1E740F2CF51EA
:10DCD0003E20E2F705FF00BFF8140021008000415C
:10DCE00010B51A4C82B0238DE170952B8CBF0023A8
:10DCF0000123237030B9A3780122022B627005D072
:10DD000002B010BD0223637002B010BD8C4601AB9F
:10DD100094F9252094F82610604600F00BFB9DF93D
:10DD2000040000F071FA9DF8050001F00FF838B911
:10DD3000074AD2F8003243F48873C2F80032DFE7B2
:10DD400040F2CF513E20E2F7CBFE00BFF814002195
:10DD500000800041024B0022C3F84025704700BFFD
:10DD600000C00041044B30B4D3E916451B6EC0E936
:10DD7000004530BC0B607047F81400212DE9F043DA
:10DD8000B44B0121B44C83B0226B94F85470D96425
:10DD9000D3F84C65B61A03F0C1FD238D0022266628
:10DDA000952BA065E26506D9A378012B00F0B5811B
:10DDB000022B00F06E81A94B0022A949C3F88820EC
:10DDC000C3F88020C3F8842084F85520D3F80002DB
:10DDD000227E0140C3F80012002A65D1A378012BEE
:10DDE0006CD0022B00F0838000259C4AD2F81011E1
:10DDF000002940F03D81A3F1010E984A0021BEFAAE
:10DE00008EFEC2F800114FEA5E1EC2F80C11C2F875
:10DE10001011C2F80411C2F80811C2F86C118D4932
:10DE200094F84900D1F848250228D1F8441594F80F
:10DE300024C0C4E9101200F0CE80022B00F0CB8089
:10DE4000617884F848C084F84930002900F0DA800D
:10DE500015F0110F40F06C81B1F10109207994F8AF
:10DE6000008018BF4FF00109012800F01D81022831
:10DE700040F0A9807B48FFF7A7F861690023B8F15B
:10DE8000010F2380A370237107D13B368E4248D8FF
:10DE9000704A84F80080C2F840314846E2784FF07A
:10DEA0000008FFF7A5FA3FE003F58043D3F84421CB
:10DEB000A378003A18BF0122012B92D1674AD2F809
:10DEC0000C01002840F0BC80D2F81051002D92D0F7
:10DED000C2F800019E46C2F80C013025C2F81001BC
:10DEE000C2F80401C2F80801C2F86C0197E75B4967
:10DEF000D1F80C010028D1F8000407BF0425002147
:10DF00000221062510F0010F18BF0D462AB105F0B9
:10DF10000B0145F0010541F0010100297FF46BAFD1
:10DF200063E74E4BC3F8108094F86430A3B14B4BB9
:10DF30000022C3F8AC2184F86420D3F8142522F41D
:10DF40007022C3F81425226A22F00302C3F80029C4
:10DF50002262454AC3F81029EE072CD4A80707D43B
:10DF600015F0280F6ED1EB0627D5A36F984724E054
:10DF70003A4BD3F85034D90140F1C38013F4706F99
:10DF80000CBF0122002213F0F00F08BF42F0010283
:10DF900012B91A0740F0B580304AD2F85414C3F3CE
:10DFA0004252C3F30443022A98BF012B40F0A980D8
:10DFB000012900F0A680E36E9847A378022B27D0B2
:10DFC00003B0BDE8F083002800F08C8040F63E21CD
:10DFD0003E20E2F785FDACF1030101293FF630AFA9
:10DFE0001E49D1F8141484F8493011F0060F6178F5
:10DFF0000CBF4FF0040C4FF0030C84F848C000290C
:10E000007FF426AF88462180A170217121768BE7AD
:10E01000237E002BD4D0022B00F09980012B40F0FE
:10E02000D580E369626C934240F2CB80094AC2F822
:10E030004435084B0D4AC3F8C42103B0BDE8F08352
:10E040000825D8E685F02001636F4046C1F34011F2
:10E050009847B2E700C00041F81400210080004159
:10E06000E2FEFFFF0015002180320200090000805F
:10E07000002145F01005C2F800118E46C2F80C11BF
:10E08000C2F81011C2F80411C2F80811C2F86C11DC
:10E09000C5E600F055FE013001287FF68CAE40F653
:10E0A00068013E20E2F71CFD4B48FEF78DFF94F817
:10E0B0004930002B76D0012B57D094F84830474890
:10E0C000216C00EB8300236BC26BC91A836A02F2D6
:10E0D000F312C91A424BA3FB0232A1EB92116269FF
:10E0E0001144CBE6208D002B61D0012901926146BD
:10E0F00023D0BEF1000F33D100F0CCF8019A811883
:10E1000022E0236D5B78BB4228D885F00400C0F381
:10E110008000236F414698474FE700F00BFE013027
:10E1200001287FF648AE40F662013E20E2F7D8FCB7
:10E130004FF00008FFF72EFBF6E6BEF1000F2CD1E2
:10E1400000F07AF8019A8118226B891A96E6636CBE
:10E15000E169244A0B44C2F844356AE70020D8E755
:10E1600000F078F8019A8118EEE794F84820531EE1
:10E17000D9B2032920D8194B03EB820203EB4103E8
:10E18000216B906AB3F86420236C591A144B091A56
:10E19000A3FB022301EB9311A1E700F06BF8019AB6
:10E1A0008118D1E74FF4EA613E20E2F799FC40F68E
:10E1B00011013E20E2F794FC40F2A7213E20E2F755
:10E1C0008FFC40F61F413E20E2F78AFC40F61E41DC
:10E1D0003E20E2F785FC00BF00150021285703010F
:10E1E000D34D621000C00041024B03EB8003986ADC
:10E1F000704700BF28570301024B03EB8003186DE3
:10E20000704700BF285703010028094B08DD012291
:10E210000338C3F80025C0B2064BC3F80C0570479D
:10E220000022C0B2C3F80025024BC3F80C057047AA
:10E23000004000410080004110B504460846FFF749
:10E24000DBFF034BA3FB0030A4EB901010BD00BF1D
:10E25000D34D6210054B0238054A33F8113003F2F2
:10E26000E733A2FB032300EB93107047E45703014D
:10E27000D34D6210054B064A33F8113003F57A731B
:10E28000A2FB032300EB9310704700BFE457030188
:10E29000D34D621010B504460846FFF7ADFF044B9E
:10E2A00000F2E730023CA3FB0030A4EB901010BD5D
:10E2B000D34D621070B50D4E84461D46104636F89B
:10E2C000111006EB82060535F4680C444FF47A71A0
:10E2D00004F6B73401FB0C440549A1FB0434FFF7F5
:10E2E00083FFA4092C44204470BD00BFE457030100
:10E2F000D34D621070B5064608461546FFF77CFF01
:10E300000A4B4FF47A710246284603EB8503DC681A
:10E31000074B04F6B73401FB0644A41AA3FB0434EC
:10E32000FFF762FF0530A409204470BDE4570301E4
:10E33000D34D62102DE9F04F244C83B00646984629
:10E340000D46174600F032FD23788146B34202D1D4
:10E350006378AB4224D0731EDBB2032B31D81C4A46
:10E360002946D05C0DF107033A4600F025FD8246B0
:10E3700018BB9DF907B02846FEF796FC53460246A7
:10E380004146584600F0E8FCB8F800302670657049
:10E39000A380A071A77084F8039003B0BDE8F08F4C
:10E3A00094F90230BB42D6D1E3788342D3D1A3881B
:10E3B00094F90600A8F80030EFE73D217520E2F758
:10E3C0008FFB40F25F410620E2F78AFB50000021FC
:10E3D0000458030138B50446002580F8285080F819
:10E3E0004D50C16D21B1034B186805F004FBE56584
:10E3F00038BD00BF74150021014B1860998070472B
:10E4000074150021014B9888704700BF74150021D6
:10E4100070B5114E0446828AB3889A4202D9072504
:10E42000284670BD0CF039F905460028F8D1204681
:10E430000CF0DAF80138A4F88800306805F0CBFA5F
:10E44000E0650028EBD0A4F88A5084F88E50FF23B2
:10E4500084F82830E4E700BF7415002138B50C4675
:10E4600018B34B6A23B94FF41A714320E2F738FB13
:10E470004D6A2B68A8424B624FF000032B706B7003
:10E48000AB70EB70EFD1094904F13E0009F04BFB92
:10E490002B7C23B9D4F8C4300133C4F8C4302946E6
:10E4A000606DBDE8384005F0A6BA38BDC3B30201BF
:10E4B000022808B504D140F2D9214320E2F710FB2D
:10E4C0000328074B0AD1002914BF0222012283F836
:10E4D00020200022024883F8212008BD4022F6E7D0
:10E4E0007A1500212DE9F84315461E4604469DF88D
:10E4F0002080D0E92C23AA42B34108D20123217FF6
:10E50000404684F89A30BDE8F843FFF7D1BF406A2F
:10E510000028F3D0D0F80090D0E90223AA4273EB90
:10E5200006010AD2D4E92E71BA4273EB010122D25C
:10E530002146FFF793FF4846EAE7B34208BFAA42E5
:10E5400019D1037C0133DBB20374037C012B09D1A5
:10E55000D4F8C0300133C4F8C030002384F89A30B6
:10E56000BDE8F883037C012B82BFD4F8CC300133A3
:10E57000C4F8CC30F1E7954276EB0303DBD2B8F177
:10E58000030FBBD0217F0022D4F8C030914207484E
:10E5900003F1010384F89A2080F82120C4F8C030E8
:10E5A00014BF0223012380F82030D9E77A15002117
:10E5B0000D230B7001238B704FF0FF33CB700B7169
:10E5C000034B5A7AA1F8052000225A72704700BF07
:10E5D000A01500212DE9F04F467E00F1180A8BB0FE
:10E5E0009C46360905460C46002706F0040604360C
:10E5F0000AEB0603099384F87870D4E91CE8D4E99F
:10E600001A0194F87830002BF5D1D4F8A030059396
:10E61000D4F8A4300693D4E92A37C4E92801BEEB24
:10E62000030368EB0709A769A3FB07B307FB0933DB
:10E63000D4F88870CDF81CB00293C3190893D4F8AD
:10E640008C30C4E92AE841EB0308089B05995F1A5E
:10E65000069B68EB0309B7EB0B07029B69EB030909
:10E66000D4F890300393D4F8943004936B7E5B0617
:10E67000C4E922792DD53E4B9B7A53BB039B9B1853
:10E68000049941EB0C086169A1FB022001FB0C0C11
:10E69000D219217F4CEB0907002965D0D4E9280164
:10E6A000C5E90027C5E90201D4E92A01C5E9040149
:10E6B0000999C4E9222749781AF8062042EA01227A
:10E6C000A4F898202AF80630C4E924380BB0BDE835
:10E6D000F08F00F089FF6369B4F898C001933AF8AD
:10E6E0000630A3EB0C039BB2012B17D194F811E079
:10E6F0004FF0000C019ABEF1010F38BF4FF0010E30
:10E7000002FB0EFEBEF57A7E4CF1FF3B1EEB070EC0
:10E7100049EB0B0B704571EB0B021FD3059B069A5F
:10E7200013F57A7342F1000C079A9B18029A42EB98
:10E730000C0C089A9B1A6CEB080C181841EB0C0196
:10E74000012871F100030BDB019A002303F036FF6F
:10E75000421C41F1000C039BD31891E71A46FAE7DB
:10E7600001224FF0000CF6E7C5E90038A0E700BF32
:10E77000A015002103480449437A0133437209F08C
:10E78000CCB900BFA0150021B1E5010110B50446C8
:10E7900098B1C16D29B10B4BD86805F02CF9002355
:10E7A000E36594F83D3004F134000749013384F8FF
:10E7B0003D30BDE8104009F0B3B9BDE81040FFF7A7
:10E7C000D9BF00BFA015002135B4020170B50446C1
:10E7D0000025074EE36A53B1E16AF0680B68E36213
:10E7E0000D704D708D70CD7005F005F9F2E770BDBC
:10E7F000A0150021404B70B50546D86805F0EBF830
:10E80000044620B94FF4FD710720E2F769F990F84A
:10E81000213000F12002002108306FF38613437687
:10E82000C3F3031303F004030433D618D1540023B5
:10E83000002271702946FFF7CDFE2B7F002B41D0BF
:10E84000EB6C1A0A337172711A0C1B0EB271F371F0
:10E8500095F84830E96C012B37D0022B42D00023C9
:10E860001A1D01310836E964C2F3052184F822201B
:10E8700094F8232022F03F020A43022184F8232047
:10E8800094F8212061F3051216F8051C84F8212064
:10E8900021F00F01C3F3032206F8063C0A4306F8F1
:10E8A000052C042293421FD8002323706370A370A9
:10E8B000E370EB6AEBB9EC6228462C63BDE870406C
:10E8C0000CF0BDBBD5F89030BBE7AB89043B9BB2E5
:10E8D00033B1B1FBF3F203FB121305339BB2BFE775
:10E8E0000423FBE7AB89BBE706F8012B013292B2A8
:10E8F000D8E72B6B1C60DFE7A0150021024BD86026
:10E9000019745A82704700BFA0150021014BD868C6
:10E9100005F05BB8A0150021024BD868003818BF7D
:10E9200001207047A0150021024B1A7C5B8A0270FF
:10E930000B807047A0150021034BD86810B1588A8E
:10E94000083880B2704700BFA01500212DE9F347B9
:10E95000DFF894820546D8F80C3023B940F20E3126
:10E960000720E2F7BDF86B780022007801A903F0D8
:10E970000F03019240EA0320ECF7ECFB0646002867
:10E9800040F02E81019C94F82030002B00F09F80F5
:10E990006978E26DC1F300179AB3002F00F09780F9
:10E9A00092F821C04FEA1C1000F00400043010441B
:10E9B00090F822E090F8233092F8220092F8232079
:10E9C00003F00F0302F03F024EEA032340EA022065
:10E9D0001CF0400218BF042295F803E095F802C02D
:10E9E0000EF03F0E4CEA0E2CB8F812E0F44576DC3F
:10E9F00011F040011AD017B9BCF1070F1BD812262D
:10EA000066E0002F63D10A0902F0040204322A44AE
:10EA1000D378907811F0400203F00F0318BF04225E
:10EA200040EA03230CBF10463046D5E7BCF1030F84
:10EA300001D8002FE3D0A7899F42E0D3043360447C
:10EA40001A449042DBDC00294DD098F80AA0BAF1B4
:10EA5000000F48D1D4E9227900F0C6FD6B6810F1AF
:10EA6000004241F1000C9A427CEB010C1FD20139AB
:10EA7000DB1B61EB0901012B71F1000231DB6269E3
:10EA80005008C0184FF0000341F1000103F096FD5B
:10EA900082468946E36D53BBD8F80C0004F09BFF17
:10EAA000E06520BB5149524809F037F813E010F1F6
:10EAB000004C61F1000C934271EB0C02D8D24FF084
:10EAC000004282427AEB010238BF0131D0E70C26C6
:10EAD0002046FFF75BFE304602B0BDE8F087112606
:10EAE000F6E74626F4E74FF0000AD146D2E7EA7887
:10EAF000AB7802F03F02E76D43EA02226B7807F140
:10EB00002000DB0620D40432294603F09BFE97F850
:10EB1000213003F03003202B57D152464B4621467B
:10EB200007F10800FFF756FDE36D0022E16A1A7055
:10EB30005A709A70DA70002944D1E3622046236348
:10EB4000E2650CF07CFAC6E797F8231097F82230BC
:10EB500001F03F0143EA0123B8F8121003EB020C65
:10EB60008C4504DD20461126FFF710FEB3E7043381
:10EB7000291D184403F066FE97F82330E97803F066
:10EB80003F0297F822C001F03F0123F03F034CEA17
:10EB9000022CAA7842EA0122944487F822C0CCF3DE
:10EBA000052C43EA0C0C87F823C06B7803F0300384
:10EBB000302B01BF97F82130022262F3051387F84A
:10EBC0002130A4E7216B0B60B8E794F83D3004F1E5
:10EBD00034000849013384F83D3008F0A1FF7AE79A
:10EBE000FFF7C8FD77E700BFA01500212DB4020193
:10EBF000B415002135B40201C36A10B504463BB117
:10EC0000C36A1A68C26200221A705A709A70DA7067
:10EC1000994204D040F256310720E1F761FF084BDA
:10EC2000D86804F0E8FE94F83D3004F1340005495A
:10EC3000013384F83D30BDE8104008F071BF00BFDB
:10EC4000A015002135B40201F8B50446DDE90650EF
:10EC5000FF2684F820601C4EA789768A073EBE42B4
:10EC60002FDD00260027C4E92067267FE6B9551B63
:10EC700063F100060027C4E92256A1FB0005002627
:10EC8000121A63EB05034942C4E91A2360EB000042
:10EC9000C4E92823636DC4E92467C4E91C10C4E9EE
:10ECA0002A1023B10020F8BD15461E46E2E7A07BDE
:10ECB000E3F768FA60650028F4D184F8200084F84E
:10ECC00050000720EFE700BFA0150021C16D10B56F
:10ECD000044629B1074BD86804F08DFE0023E36594
:10ECE0002046FFF773FD002384F8203084F850306D
:10ECF00010BD00BFA0150021014B1B681B68184701
:10ED0000F4060021014B1B685B681847F4060021DC
:10ED1000014B1B689B681847F4060021014B1B68D8
:10ED20001B691847F4060021014B1B685B691847F3
:10ED3000F4060021014B1B689B691847F40600216B
:10ED4000014B1B68DB691847F4060021014B1B6867
:10ED5000DB6A1847F406002110B4034C2468E46809
:10ED6000A44610BC604700BFF406002100220E49F3
:10ED700038B50446134644FA02F0D5B20132C00752
:10ED800042BF581CCD54C3B2042AF4D1C3F10402CB
:10ED9000042B054D4FF0FF01D2B288BF0022E818C6
:10EDA00003F0C6FD2C7138BD841A0021014B187D7B
:10EDB000704700BFC0150021042810B511D883B1D9
:10EDC00004280CBF10242824A1420AD2064C54F86F
:10EDD000200018B141568A42A8BF0A4600201A7086
:10EDE00010BD6FF01500FBE7C01500210228034697
:10EDF00010DC10F1270F0FDB2830084A40B2105CFE
:10EE0000024492F92C209A4207D0002918BF013001
:10EE1000C0B270470F2070470020704708580301A8
:10EE2000022808B506DCFFF7E1FF034B034493F922
:10EE30002C0008BD0320FCE708580301014B012208
:10EE40001A60704700500041044A012353600023B8
:10EE5000C2F80031024A1370704700BF00500041F1
:10EE6000D5150021014B01221A707047D5150021DC
:10EE7000054BD3F8003123B9044B187800F001009A
:10EE800070470120FAE700BF00500041D51500216E
:10EE9000024BD3F8080400F0010070470050004115
:10EEA000024BD3F8140400F00100704700500041F9
:10EEB000024BD3F81C0400F00300704700500041DF
:10EEC00007490246D1F81804D1F8181410F480301C
:10EED00005D0D0B201F003031B1A584258417047C5
:10EEE0000050004170B5094D012604462E70FFF711
:10EEF000BFFF28B9064B6E706C60C3F8046370BD29
:10EF0000002CFCD0A04700236B60F8E7D815002147
:10EF100000500041024B00221A705A705A6070472C
:10EF2000D815002110B5034C208100F02FFB608123
:10EF300010BD00BFD8150021014B9889704700BF54
:10EF4000D8150021014B1889704700BFD815002142
:10EF5000014B5889704700BFD815002108B509B387
:10EF6000F8B14FF0FF331A46E0FB01320E498A42F6
:10EF700004D94FF4EA716D2003F076F8180D4FF2C2
:10EF80002441C3F30F1340EA0230B0FBF1F203EB6C
:10EF90000040064B03FB1200B0FBF1F040EA0240D8
:10EFA000013008BD0846FCE73F420F00000024F492
:10EFB00010B5EFF3108472B6064A937B0133DBB2CF
:10EFC0009373937B012B01D1FFF738FF04B962B62D
:10EFD00010BD00BFD815002108B5FFF7E9FFFFF706
:10EFE00047FF084A084B30B1012111610422DA734E
:10EFF00000221A7408BD0321D9730121C2F8041339
:10F00000F6E700BF00500041D815002110B5EFF31E
:10F01000108472B6094A937B23B940F2F1116D2036
:10F0200003F022F8937B013BDBB29373937B0BB924
:10F03000FFF70AFF04B962B610BD00BFD815002162
:10F0400038B5124C637CC3B9A37CB3B1227C013BBD
:10F050009A4212DAFFF70CFF054603F07BF9A37C16
:10F06000012B82BF237C0133237455B16369C31A1A
:10F070000133022B09D935B16061BDE83840FFF793
:10F08000ABBFA369F3E7A061F7E738BDD81500214E
:10F0900037B5184C637C63B9E06900F00300FFF7F3
:10F0A0000FFF30B1EFF3108372B6E27B1AB103B9F0
:10F0B00062B603B030BD0122E27303B962B68023A9
:10F0C0000D4DC5F808334FF42073ADF80630BDF888
:10F0D00006309BB25A1E92B2ADF80620002BF6D134
:10F0E000C5F81C3184F82030FFF776FF8023C5F87F
:10F0F0000433DEE7D815002100500041F8B5264C56
:10F1000094F82130002B45D0244BD3F80071D3F86C
:10F11000046157B10122C3F8082363782BB100259D
:10F12000636865700BB1984765601C4D3EB1002364
:10F13000C5F804310223C5F80833FFF7A9FFD5F855
:10F140001C3194F82060F6B237B1E27B032A01BF8C
:10F150000422E27301222A617BB1104B0022C3F822
:10F160001C21E37B042B04D040F2AB216D2002F084
:10F170007BFF0223E373FFF749FF5EB1002384F8AE
:10F180002030E37B022B01D1FFF726FFBDE8F840DA
:10F19000FFF73CBFF8BD00BFD8150021005000416B
:10F1A00010B5044CE06900F00300FFF789FE002869
:10F1B000F8D010BDD8150021F8B5054650B1027839
:10F1C000022A07D8437842B9013B1F2B02D8837823
:10F1D000212B07D96FF0150068E0002BFAD1837856
:10F1E000002BF7D1674B2022C3F88020BFF34F8F4D
:10F1F000BFF36F8F644EC3F880214FF0FF33634C31
:10F20000C6F808330023C6F80031C6F80431C6F842
:10F210001C31A373AB88A381FFF73AFE10B1012321
:10F220002370A373D6F80C24D6F80C34D60303D578
:10F23000D80701D5FFF716FE4FF4AF60FFF772FE57
:10F240000123AA78E3612B78A2740022012B637456
:10F2500022742CD0022B2DD0002B38D1FFF720FEAA
:10F2600000283ED0FFF724FEE36903F00303984231
:10F2700037D1AB7983BBFFF793FFA37C63B12B78C6
:10F2800053B9FFF7F5FD054603F064F86FF000434E
:10F29000002D74D0C4E9050301232022002084F846
:10F2A0002130384BE073C3F880211A60F8BD022387
:10F2B000E361D3E7FFF77CFE334BD3F80C14D3F8AC
:10F2C0000C24C903F9D5D207F7D50323F0E740F2A0
:10F2D000FD316D2002F0C8FE2B4B0222C3F804233F
:10F2E000CBE7294E0123F3600023C6F80431237FC6
:10F2F000C6F818350CF069F988B10123C6F84C3509
:10F300000123B3600223C6F80433AB79002BB4D1D8
:10F31000D6F804339B070FD44FF46D71D9E70CF086
:10F3200056F90028E9D10CF054F90028E5D10CF089
:10F3300052F90028E1D1E3E7154B1F691A6907F07C
:10F34000100742F010021A61D6F804310BB90CF024
:10F3500047F90D4ED6F8043173B1FFF721FF27B9F5
:10F360000B4A136923F0100313610223C6F8083314
:10F370000023C6F8043180E70CF031F9EAE7C4E96C
:10F38000053089E700E100E000500041D815002178
:10F3900000ED00E0064B1A7810B5044632B90122A0
:10F3A0001A70FFF705FE2046FFF79CFD002010BDF8
:10F3B000FB15002110B5054C23782BB1FFF7AAFDF2
:10F3C00000232370FFF722FE002010BDFB15002153
:10F3D000014B1879704700BF00160021044B1A79C1
:10F3E000824283BF1B68302202FB0030002070473E
:10F3F0000016002143F60952C0F30803400A02FB3D
:10F4000003F302FB00F003F5807300EB5320704719
:10F410000346C0F30800C3F34E221B0E43EA012348
:10F42000090E10B54FEA411C43F609544FEA431E3A
:10F430004CEAD36C04FB00F0BEEB030E04FB02F2BB
:10F4400000F580706CEB010402EB50204FEA841C45
:10F450004FEA8E124CEA9E6CB2EB0E026CEB040C7F
:10F460004FEACC0C4CEA527CD200D31841EB0C0191
:10F47000DA03C903801841EA534141F1000110BD8C
:10F4800048F2376C430B0CFB03F300B54FEA134C07
:10F4900043F6095E0F4B0EFB1C0000FB03F35B0DF4
:10F4A0000EFB03FE03EB4C2343F6085CF444B0EB85
:10F4B0005C2F08D80EF5807E0B60A0EB5E20C0B2FA
:10F4C00010705DF804FB013300200B6010705DF8D4
:10F4D00004FB00BF6F0C010070B5274DA94246D850
:10F4E0004FEA507C254C43F6095E43F608564CEA39
:10F4F000C10CC0F34F3101EB0C41A4FB0C5C204D5F
:10F500004FEA9C3C05FB1C11A4FB01411D4C890BDF
:10F5100041EA0C4148F2376C04FB1104600B0CFB10
:10F5200000F04FEA104C18480EFB1C4505FB00F09C
:10F53000400D0EFB00FE00EB4C207644B5EB562F41
:10F5400011D80EF5807EA5EB5E2E5FFA8EFE049D2F
:10F5500085F800E00D06090A281841F1000118603D
:10F560005960146070BD01304FF0000EEFE7962136
:10F570009B2002F079FD00BFFF7F841E83DE1B43CA
:10F58000000024F40080841E6F0C010048F23761F3
:10F59000420B43F6095C094B01FB02F2120C0CFB17
:10F5A0001201500201FB0333013B5B0D0CFB03FC1A
:10F5B000B1EB5C2F88BF0130184470476F0C01001D
:10F5C0001F280CD800EB4003012010B4DB00054CD1
:10F5D00004EB030CE15010BCCCF804207047002071
:10F5E000704700BF0816002100F060BA08B5064B4E
:10F5F00093F80023202A02D083F8280308BD2D2188
:10F60000022002F031FD00BF0816002108B5064BAC
:10F6100093F80023202A02D093F8260308BD332153
:10F62000022002F021FD00BF08160021094A92F8CD
:10F630000033202B08D003EB4303032102EBC3006C
:10F6400052F83330406818473E21022010B502F0CE
:10F650000BFD00BF0816002130B440494FF0FF34C5
:10F660004FF0FF350023FF223D480B700B618A707D
:10F67000C1E902454FF48054C0F88040BFF34F8F7A
:10F68000BFF36F8F374A4FF0FF35C0F88041012438
:10F690000B755460C2F80853C2F84035C2F84031C7
:10F6A000C2F84435C2F844314FF40033C0F880301A
:10F6B000BFF34F8FBFF36F8F02F5A042C0F88031C8
:10F6C00054609460D2F80435002BFBD188694FF464
:10F6D000E024254D2349C2F80853C2F84843C2F834
:10F6E00040311F4CC2F84431C2F84831C2F80431ED
:10F6F000C1F800324FF40033236060B34FF0004391
:10F7000001241A4DC1F8C031C0F88030C2F88030F1
:10F710000523C5F80445C1F840350C60D1F84031E7
:10F72000002BFBD00122114C0023C4F8082504F55E
:10F7300000544A60CA60C1F84031C1F84035C1F890
:10F74000C031C0F88030C4F88030094B022230BC90
:10F75000C3F80423704701231360F6E74019002122
:10F7600000E100E000C000410200070000F000419D
:10F7700000100141014B9861704700BF4019002102
:10F78000B1F1FF3F08BFB0F1FF3FF8B500F0A28034
:10F79000B84CD4E902538B4208BF854273D0B64BB4
:10F7A0000522C3F808252378012B6DD0B34B4FF405
:10F7B000E0224FF4803620F07F47C3F84823C3F897
:10F7C00008230022AE4DC3F84021C3F84421C3F8FA
:10F7D0000863C3F84863C3F84021D3F80425BA1A74
:10F7E0001540002D71D022F07F42B2F5000F6CD889
:10F7F000C3F84075C3F844630022A24E4FF480570B
:10F80000A270C6F88070BFF34F8FBFF36F8F9E4B0F
:10F8100001254FF0FF3CC6F880715D60C3F808C356
:10F82000C3F84025C3F84021C3F84425C3F8442158
:10F830002275D3F8042522F00302C3F80425D3F877
:10F84000082542F00302C3F80825102292FAA2F21A
:10F85000B2FA82F2092A00F30881C3F81025DD60AC
:10F86000864AC6F880713760884E2570C2F8C0613C
:10F87000C3F880600423804EC6F804356370C4E981
:10F880000201C2F84853F8BD7C4A4FF4C0234FF43C
:10F89000803720F07F4CC2F84833C2F80833002389
:10F8A000774EC2F84431C2F80873C2F84873C2F800
:10F8B0004031D2F80435ACEB0303334205D023F0DA
:10F8C0007F43B3F5000F40F2BB8040F202316C2061
:10F8D00002F0CAFB694BD3F8001100297BD0664ABD
:10F8E0000521644CC2F808152278012A00F0B38083
:10F8F0004FF4E0210022C3F84813C3F80813C3F8FB
:10F900004021C3F8442100205E4A4FF48051A0708A
:10F91000C2F88010BFF34F8FBFF36F8F5A4D4FF077
:10F92000010C4FF0FF33C2F88011C5F804C0C5F8D0
:10F930000833C5F84005C5F84001C5F84405C5F8C9
:10F940004401D5F80435207523F00303C5F80435C8
:10F95000D5F8083543F00303C5F80835102393FAAA
:10F96000A3F3B3FA83F3092B7FDCC5F810354FF00E
:10F970000043C5F80CC0C2F8801111603F4AC2F8BC
:10F980000001C2F88031C5F880303B4BC3F804C594
:10F99000EFF3108772B6D2F80415D2F8043173B9B8
:10F9A0002669002F39D162B6D2F80031002B38D049
:10F9B000C2F80001C5F804C0C5F80CC0E8E7236927
:10F9C00001332361C2F80401D2F80415D2F80431DE
:10F9D000002BF4D1E4E7EFF3108072B6D3F80455AE
:10F9E000D3F80421234C62B9236900B962B64FF001
:10F9F000807203200021E3FB0201401941F1000164
:10FA0000C7E6226901322261C3F80411D3F8045514
:10FA1000D3F80421002AF4D1E6E7D2F80031002B14
:10FA2000C6D101314FF000034FF0807243F1000363
:10FA3000E6FB02134FF60272C4E902132280F8BDFE
:10FA4000C2F840C5C2F84473D2F80435EB1A334209
:10FA50007FF4D2AEF8E74FF4C0220021C3F8482368
:10FA6000C3F80823C3F844114DE740F29131084828
:10FA700002F0F0FA4019002100F0004100100141AD
:10FA8000FEFFFF0000E100E000C000410200008036
:10FA9000905B0301014BD3E902017047401900213B
:10FAA000014BD3F8040570470010014138B5EFF35E
:10FAB000108572B60E4A0F49D2F80405D2F8043107
:10FAC0005BB100240B6901330B61C2F80441D2F829
:10FAD0000405D2F80431002BF4D10C6905B962B6E3
:10FAE000FFF788FC044B0021E4FB030138BD00BF95
:10FAF00000100141401900210080841E30B4EFF352
:10FB0000108572B60E4A0F49D2F80405D2F80431B6
:10FB10005BB100240B6901330B61C2F80441D2F8D8
:10FB20000405D2F80431002BF4D10B6905B962B693
:10FB300000214FF0807230BCE3FB0201704700BF30
:10FB40000010014140190021012838B510D800F1FA
:10FB5000100482000121304B00F5A87002F5A0725C
:10FB6000A1400024C3F8081343F82040D45038BD06
:10FB7000031FDBB2022B49D8284A1178C1B94FF4D0
:10FB80008031274A03F5A8709940C2F80813C2F8DB
:10FB9000481352F82000D2F804452249001B0140C6
:10FBA0000029E4D09B00002103F5A073995038BDD3
:10FBB00054788442E3D11C4805240129C0F8084543
:10FBC00008D000244FF0FF304FF0FF311470C2E92D
:10FBD0000201D4E715484FF48054C0F88040BFF3C9
:10FBE0004F8FBFF36F8F4FF0FF35C0F880410A4849
:10FBF000002441601475C0F80853C0F84045C0F8AF
:10FC00004041C0F84445C0F84441DAE740F29D3134
:10FC10006C2002F029FA00BF00C000414019002109
:10FC200000100141FEFFFF0000F0004100E100E094
:10FC3000012838B520D8394BD3E90241B1F1FF3F53
:10FC400008BFB4F1FF3F4DD0002A5CD0012300F182
:10FC50001004334903FA04F4C1F8044300F5A8740E
:10FC600041F8242000248B64D1F84855C1F8484558
:10FC7000AA423FD9184638BD031F5FFA83FCBCF186
:10FC8000020F3BD8254B197811B15B7883423FD0E6
:10FC90004FF480314FEA8C03224D22F07F4403F56C
:10FCA000A07301FA0CF200211F48C5F80823C5F81B
:10FCB00048235951D5F80435E31A184023F07F43FF
:10FCC000401A18BF0120B3F5000F88BF002000289C
:10FCD000D1D00CF5A87345F82340C5F80423C5F826
:10FCE000442338BD1B7D002BAED140F22F316C2058
:10FCF00002F0BAF9FFF728FF204638BD40F257312D
:10FD00006C2002F0B1F940F233316C2002F0ACF912
:10FD100040F253316C2002F0A7F900BF40190021D6
:10FD200000C0004100100141FEFFFF00144B1B7892
:10FD3000012B1AD0134B4FF4E0210022C3F84813D3
:10FD4000C3F80813C3F84021C3F844210E4B002226
:10FD50004FF0FF31C3F80813C3F84025C3F8402122
:10FD6000C3F84425C3F844217047064B4FF4C02222
:10FD70000021C3F84823C3F80823C3F84411E5E77A
:10FD8000401900210010014100C0004120B1174B73
:10FD90000122C3F84423704730B40121134C144BA3
:10FDA0004FF48052C4F84813C3F88020BFF34F8F3C
:10FDB000BFF36F8F4FF0FF34C3F880210D4B4FF02E
:10FDC000FF350D4A59601075C3F808434FF0FF34F2
:10FDD000C3F84005C3F84001C3F84405C2E9024531
:10FDE000C3F84401107030BC704700BF00100141DF
:10FDF00000E100E000C000414019002108B5394B86
:10FE0000D3F80423D00303D5D3F84021002A35D1F9
:10FE1000344BD3F80423910303D5D3F84421002AAB
:10FE200046D1304BD3F80423520302D5D3F84821EE
:10FE30005AB92C4BD3F8042132B12B4A0021C3F814
:10FE4000041113690133136108BD00222749C3F867
:10FE50004821D3F84825D3F80435D31A194021B1E5
:10FE600023F07F43B3F5000FE3D91E4B4FF48022FC
:10FE70000620C3F8082301F043FCDAE70022C3F8A8
:10FE80004021D3F84025D3F80435D31A23F07F421C
:10FE9000B2F5000F03D8154A1A40002AB8D1114B09
:10FEA0004FF480320420C3F8082301F029FCAFE7A7
:10FEB0000022C3F84421D3F84425D3F80435D31ADB
:10FEC00023F07F42B2F5000F03D8084A1A40002AF7
:10FED000A7D1044B4FF400320520C3F8082301F0EA
:10FEE0000FFC9EE70010014140190021FEFFFF00BA
:10FEF00010B5294CA378FF2B21D0237873B10122B0
:10FF0000022B227525D1254B0021C3F808254FF07F
:10FF1000FF324FF0FF332170C4E90223204BD3F8A6
:10FF20000423910302D5D3F84421EAB91C4BD3F83A
:10FF30000423D20302D5D3F8402112BB10BD184BC5
:10FF4000D3F80433002BF9D00720BDE8104001F0AE
:10FF5000D7BB022360782370FFF7F6FD104BD3F870
:10FF600004239103E2D5DEE74FF400320120C3F809
:10FF7000082301F0C5FB0A4BD3F80423D203DDD5D7
:10FF8000D9E74FF48031FF220020C3F80813A27094
:10FF9000BDE8104001F0B4BB4019002100F0004161
:10FFA00000C000412DE9F04F1C4693B004EB44041F
:10FFB00004920CAECDE90201FFF76CFD0191E20065
:10FFC000C049054601EBC404083204F10803545843
:10FFD0000A4424F07F4B92F80C90576892F80D80F9
:10FFE000CDF814900FCB86E80F005846FFF702FAC1
:10FFF0004B46B54A01339042034400F27E8193425E
:020000040102F7
:1000000000F3DD80002BC0F2B9809A46FEF730FF86
:10001000B8F1010F034608D0AC4ED6E902210A40E0
:10002000013202D1002800F0DE8007930BF0ADFA18
:10003000019BAC42069005EA030977EB0303079B9B
:10004000A9F1FF39B9FA89F94FEA591903D3B9F17E
:10005000000F00F0B880029A0321A21A8A42C0F26F
:10006000A880002B00F08E80029BE31A0293039B72
:1000700067EB03060BF089FA029B0930C217834233
:1000800076EB020380F0CB80049B012B00F09E8076
:10009000B9F1000F00F0CF804FF00009204639463B
:1000A000FFF76EFBB7F1FF3F08BFB4F1FF3F00F071
:1000B0002981254601975846FFF79CF9844AAAEB07
:1000C00000039342C0F0B580A0EB0A009042C0F05C
:1000D000F3807D4A934200F2F180904240F21C810D
:1000E0007C4A121AD3170020FFF7A2FD824600288F
:1000F0005FD0764EB8F1010FD6E9022300F0D5802B
:10010000B9F1000F40F0A680B3F1FF3F08BFB2F194
:10011000FF3F00F0EB800120FFF738FE337C002B1F
:1001200040F0DE80621E4FF0060067F10003FFF72B
:100130007FFDB369002800F0B58000221A60059B9E
:1001400008AD4FF0FF320C948DF83C3000230D9732
:100150008DF8403008934FF0FF338DF83D805E4CB2
:10016000CDE90A230FCD0FC40FCD0FC495E80300CE
:1001700084E80300504613B0BDE8F08FDFF85CA1BF
:100180009A4443E7514ED6E90232B2F1FF3F08BF2D
:10019000B3F1FF3F3FF468AFE31A069967EB020241
:1001A0008B4272F10003BFF45FAFB8F1010F3FF46F
:1001B0005BAF4FF0000A504613B0BDE8F08FDFF898
:1001C00014A19A4422E72A46494646E7019BB3F127
:1001D000FF3F08BFB5F1FF3F00F0998025F07F4B4E
:1001E0004FF0000967E70BF0D0F9019A069005EA95
:1001F0000203013303D0AC4277EB020303D2069B28
:10020000DA1C029B05E0337C0246002B2B4618BF0C
:100210000022E31A9A42CCDC4FF00109B3E7B8F1AF
:1002200001092046394618BF4FF00109FFF7A8FA27
:1002300038E71A4656E72A1B019B63EB0703042A9B
:1002400073F1000129DA012A73F10003B1DA25F014
:100250007F4B30E7B3F1FF3F08BFB2F1FF3F0BD058
:100260000BF08BF94FF0FF324FF0FF33C6E902235A
:10027000B9F1000F3FF452AF069B0520EA1A019B2B
:1002800063F10003FFF7D4FC00284AD0337C002B35
:100290007FF448AF0123337444E720463946FFF723
:1002A0006FFAFFE601221A6049E7B3F1FF3F08BF8A
:1002B000B2F1FF3FDCD0D3E7424213E701321A44E8
:1002C00010E700BF08160021FF7F841E601900217F
:1002D0000040420F00807BE1101900210080841E45
:1002E0000520FFF731FC002333741BE70BF043F9C3
:1002F000FFF704FCC6E902010DE740F20F41702050
:1003000001F0B2FE40F21671702001F0ADFE40F235
:100310007A61702001F0A8FE40F2CF71702001F0E8
:10032000A3FE40F22121702001F09EFE2DE9F04F46
:10033000904F83B07C7C04EB44033B445D78202DDC
:1003400046D08D4BE6B26400002B00F089808B4BC9
:10035000DFF82C92002B61D005EB46124FEA4618CD
:1003600007EB420A9AF81C30013BDBB2052B32D86E
:10037000844A12F803B0BBF1080F2CD0AFF3008011
:10038000EFF3108372B634449AF81D203C44627037
:10039000A278AA4200F0E68013B9AFF3008062B6FB
:1003A000A84405EB4505594609EBC50259F8353017
:1003B00007EB48085068012288F81C2098477C7C8D
:1003C00004EB4403E6B23B4464005D78202DC3D1C6
:1003D00003B0BDE8F08F40F24561702001F044FEAB
:1003E0004FF02002A270002B00F0BA80A84405EB69
:1003F0004505594609EBC50259F8353007EB480861
:100400005068012288F81C2098477C7C04EB440348
:10041000E6B23B4464005D78202DD9D005EB46124E
:100420004FEA461807EB420A9AF81C30013BDBB250
:10043000052BD0D8534A12F803B0BBF1080FCAD02D
:10044000AFF30080EFF3108372B634449AF81D20A6
:100450003C446270A2789542C2D0002BC6D17FE0A6
:10046000464B4FF02009DFF81CB1DFF814A1002B38
:100470004DD005EB46124FEA461807EB4202137FB8
:10048000013BDBB2052BA6D81BF803100829A2D02C
:10049000EFF3108372B63444527F3C446270A2780A
:1004A000954208BF84F80290002B50D0A84405EB79
:1004B00045050AEBC5025AF8353007EB4808506885
:1004C000012288F81C2098477C7C04EB4403E6B2A8
:1004D0003B4464005D78202DCBD179E762B6A84417
:1004E00005EB45050AEBC5025AF8353007EB48081D
:1004F0005068012288F81C2098477C7C04EB440358
:10050000E6B23B4464005D78202D3FF461AF05EB1B
:1005100046124FEA461807EB4202137F013BDBB25B
:10052000052B3FF658AF1BF8031008293FF453AFD3
:10053000EFF3108372B63444527F3C446270A27869
:10054000954208BF84F80290002BC8D1C6E70191FC
:10055000AFF3008062B6A844019905EB4505A8E712
:1005600062B643E74FF02002A270002B7FF418AF71
:1005700013E700BF60190021000000000000000028
:1005800008160021445803012DE9F04FDFF82CA193
:10059000994601EB41034FF0200E85B093461AF8BF
:1005A00003400391744582F800E000F082804A0124
:1005B000CDF804900646DFF80881D94611460FE0D1
:1005C000737B012B02D0437D012B57D00B1989F887
:1005D0000040A6460AEB43035B7F202B5DD01C4600
:1005E00004EB440035684FEA440B08EBC000D0E947
:1005F00003238768DB1942F100029D42736893412F
:10060000DED2DDF804905D46039B89F800E04FEAF6
:10061000431B28193768D6E9012308EBC00013EB08
:10062000070CD0E9023142F10002634571EB02028E
:1006300011D3427D012A02D0727B012A03D001200E
:1006400005B0BDE8F08F01930AF09FFF019B0130D8
:10065000DB1B8342F3DA254489F80040B27B0BEBC5
:10066000040308EBC5050AEB4303A97D91421CD99D
:100670005C7F202C4FEA4405CBD1E0E70291ED1BD3
:100680000AF083FF0130029985429FDA5D46CB462E
:10069000DDF804909BF800E0B6E7DDF80490012057
:1006A00089F8004005B0BDE8F08F002005B0BDE836
:1006B000F08F012089F80040C2E700BF60190021D7
:1006C000081600212DE9F04F0C46154683B01E4652
:1006D0009DF83070FEF75AFF22684519636846F1AD
:1006E0000006954276EB030342D3DFF88C8005E0E9
:1006F0005D4576EB09033BD3C4E900B90DF107036F
:100700000DF1060239462046FFF73EFF88BB9DF8F3
:100710000730617B03EB430308EBC303D3E902A07B
:100720001A691AF1030B40F1000012EB0B0B40F1B8
:1007300000090129DCD05B7D012BD9D10AF025FF0E
:10074000ABEB0A0301308342D2DA9DF8073003EBAA
:10075000430308EBC303D3E902B90AF016FF0130E3
:1007600010EB0B0B49EBE0795D4576EB0903C3D247
:10077000002003B0BDE8F08F081600212DE9F047F6
:100780001C46177A92F809C0002388B015461278E3
:100790000646E3609DF84080A7730F4684F80DC0BD
:1007A000A360E273C4E90033002A3AD1FEF730FEB9
:1007B0003D4BD5E9042CC31841F1000E9A427CEB65
:1007C0000E030AD3013E4FF47A7347F1FF372660D8
:1007D000C4E9017308B0BDE8F0872C3041F1000195
:1007E00082427CEB0103EDD3501E04F10C0304AAFA
:1007F0006CF10001009306ABFEF76EFE049B686887
:100800000DF10F02023305A91844FEF739FE0799CE
:10081000DDE9053261609B1A226023F07F43A3600B
:10082000D8E704F10C0206A92048FEF729FE204B68
:100830001B78202B24D01F490B69D1E905210A33ED
:1008400042F1000A13EB01094AF1000A6B6805AA9C
:10085000207B04F108011844C4E9009A0230FEF735
:100860000FFE286932463B462146CDF80080FFF74F
:1008700029FF0028AED1C4E9006708B0BDE8F087C1
:1008800016F10A09637B47F1000A012BDED0FEF75F
:10089000EFFA0028DAD10AF078FE10EB0903994646
:1008A0004AF1000AD2E700BF0040420FFF7F841EDA
:1008B00008190021101900212DE9F04100EB400337
:1008C0000646314D4700DFF8C480EC5CFFF7E8F8DE
:1008D0004FF0200C4FEA461E04E04B7FA446202B2D
:1008E0001C464CD004EB44030EEB040108EBC3039D
:1008F00005EB41019A681B699B18121A1B1A22F01A
:100900007F4223F07F43B3F5000FE6D8B2F5000F26
:10091000E3D8BCF1200F02D12046BDE8F081BA191E
:100920000CEB461371014FF0040E15F8028005EB35
:10093000430344465B7FAB540B192246204605EB2C
:10094000430394455C7F83F81CE0F5D1BB192B442D
:1009500093F802E0BEF1200F5FFA8EFC11D08C44B8
:1009600005EB4C0C8CF81D800A443E44202305EB1B
:10097000420235445377A8702046BDE8F0811C46FA
:10098000C7E783F80180EFE760190021081600210E
:100990002DE9F04101EB4103434D0C468046EE5CEE
:1009A0004F00202E38D1414B0BB1AFF30080FFF741
:1009B000A5F8AB7C202B0AD03D4B10F1020CD3E9FB
:1009C00004E241F10003E64572EB030329D3202E34
:1009D00008D042463346FFF7E5FAB0B30220AE74C2
:1009E000BDE8F081D5E90223B3F1FF3F08BFB2F1C2
:1009F000FF3F19D12B7C13BB0420FFF7A5F8FFF7AD
:100A000095F90020FFF7C2F92021AB690022A974F3
:100A100001201A60BDE8F0810846FFF74DFF8642CD
:100A2000C1D00020BDE8F0810AF0A7FD4FF0FF33F0
:100A30004FF0FF32C5E902232B7C002BDCD00520D0
:100A4000FFF782F800232B74D6E706EB44133A191C
:100A50006101042005EB430315F802E05B7FAB5412
:100A600073469C46CA18664505EB4202537F1077D1
:100A7000F7D13B192B4498782028C2B210D00A44F1
:100A800005EB420282F81DE03C4461442023002033
:100A900005EB410125444B7785F802C0BDE8F081A4
:100AA00083F801E0F0E700BF6019002100000000BA
:100AB00010190021F8B52022154D002315494FF0DB
:100AC000FF364FF0FF37AA7042F22000AA741C468E
:100AD00005F11C022B7428806B740B6081F82030A8
:100AE000C1E90267C5E9026702F814300134202C1D
:100AF000FAD1094801F06CFC084B094A1C701070CF
:100B000001F0E8FCA861FEF7A7FD0123EB74F8BD36
:100B100060190021101900212D030201081900217C
:100B2000381900212DE9F04F83B0DFF87082FEF70D
:100B3000E5FF06460C46FFF7F9F84FF0FF334FF09C
:100B4000FF32C8E9022398F82030D3B9D8F818004A
:100B5000934AD8F8103000F5DF610333A2FB01217E
:100B6000D8F814204FEA912142F100021B1842F1FB
:100B700000025B1842F100029E4274EB020380F017
:100B8000F7804FF0FF304FF0FF31FEF7F9FD854A57
:100B900092F800B0BBF1200F00F0FA80824D2023C4
:100BA00013700022AB746B7CC8F8002003EB430287
:100BB0005FFA83F9AF5C5B00202F00930AD0DFF867
:100BC000ECA107EB47037A000AEBC303D97D0129A7
:100BD00000F0A480009B4FEA4917DFF8D4A103EB93
:100BE00009062E443478202C04D04846FFF764FED2
:100BF0008442F7D1BAF1000F01D0AFF30080FEF7C5
:100C00007DFFAB7C202B09D010F1020ED8E9042324
:100C100041F1000C724573EB0C03E3D3202C18D088
:100C200023460122FFF7BEF9002852D007EB0B0341
:100C3000AC7405EB43031A7F022A31D0FF23AB715A
:100C4000009B4B441D446B78202B78D103B0BDE84A
:100C5000F08FD5E90223B3F1FF3F08BFB2F1FF3FA8
:100C600007D00AF08AFC4FF0FF324FF0FF33C5E99E
:100C700002232B7C002B4BD10420FEF765FFFFF7EE
:100C800055F80020FFF782F8AB6900222021A974F3
:100C90001A6007EB0B0305EB43031A7F022ACDD141
:100CA000009A06214A4419772A4491782029CBB228
:100CB0005BD03B4405EB430383F81DB0009B5F44CE
:100CC0004B4405EB47072B4483F802B020237B7786
:100CD000B4E73B193078042105EB430302465B7F00
:100CE00033701346BA189C4205EB42021177527FCB
:100CF000F7D1B1782029CAB228D03A4405EB420294
:100D00005077B3703B44202205EB43035A7769E7E1
:100D10000520FEF719FF00232B74ADE75B7D012B47
:100D200016D1033644F1000417440AEBC70ADAE986
:100D30000223B242A34128BFCAE902644AE71D4B1D
:100D4000187803B0BDE8F04F01F06EBB7070D8E7C3
:100D50000192FEF78DF8019A0028E2D10AF015FC05
:100D60008619019A44F10004DEE782F801B0A5E794
:100D70000C4B18210D4A1B7801FB03F30721D018F7
:100D8000D3584068984740F2A621702001F06CF9D2
:100D900040F2B121702001F067F900BF1019002165
:100DA0009300DC9208190021601900210816002127
:100DB000000000003819002138B50C4605460AF03D
:100DC000EAFB11494B7C01F11C0C5FFA83FE0CEB32
:100DD000831C002302E00133202B13D01CF81320C6
:100DE000D8B2002AF7D103EB4E1E084A03EB4303A7
:100DF00001EB4E0142F8335002EBC30301225C6069
:100E00000A7738BD184638BD601900210816002140
:100E10001F28034608D80A494A7C00EB421201EB1E
:100E20004202107F012801D00020704791F811C0C4
:100E3000002203EB4C1301EB43031A77704700BF0A
:100E40006019002110B5054CD4E90401FEF7E0FA61
:100E5000237F0133181841F1000110BD1019002142
:100E60000378002B40F0CF806C4A5368C3F308032B
:100E70002DE9F04F814689B0002B40F0B480684DD9
:100E8000684E05F11C0ADFF8A0B126B1002140F23E
:100E90003740AFF300806F7CFFB24FF00003AB71BF
:100EA00026B1002140F23C40AFF3008007F1010879
:100EB0000AEB871C08F00108BCE80F000AEB881455
:100EC0000FC4BCE80F000FC4BCE80F000FC49CE8BF
:100ED0000F0084E80F0026B100214FF47370AFF3C8
:100EE000008007EB470708EB4803E95BEA199278B3
:100EF000E9522B449A7056B100214FF47470AFF34D
:100F0000008026B1002140F24140AFF30080FEF79F
:100F1000F5FD04AB4A46CDF8008004460F46FFF7C6
:100F20002DFC26B100214FF48960AFF300803F4BC8
:100F30001B78202B3FD0DBF81030DBF814200A336D
:100F4000DBF8181042F100025B1842F10002CDF804
:100F50000080DDE90401984271EB020C22D32246A5
:100F60003B4604A93248FFF7ADFB98B1DDE9040127
:100F7000FEF74EFA9DF81C3001331B1841F10001B9
:100F8000C9F81030C9F8141026B1002140F25B40B6
:100F9000AFF30080AB79002B7FF477AF012009B06D
:100FA000BDE8F08FCDE9043204A922463B46204833
:100FB000FFF788FBDAE714F10A039DF81D1047F1EB
:100FC00000020129C3D0CDE90232FDF751FFDDE96E
:100FD00002320028BBD10AF0D8FA029B039AC31848
:100FE00042F10002B3E7103B59B200290DDB114B6F
:100FF000585C40090028D2D0094D0A4E05F11C0A60
:10100000DFF824B041E70020704703F00F03043BF2
:101010001344187E40090028EED1C0E700ED00E03F
:10102000601900210000000010190021081900219A
:101030000040420F00E400E0B74A53682DE9F04F4A
:10104000C3F308038FB003900591002B40F0478154
:1010500008230493059B1B78012B00F23782AF4DC8
:1010600025B1002140F22950AFF30080002601276E
:10107000AB4C25B1002140F23650AFF3008027B9C8
:10108000A84B0BB1AFF3008062B694F811B05FFAD1
:101090008BFB4FF00003A371049B002B40F0CF802B
:1010A000D84625B1002140F24A50AFF30080FEF748
:1010B00025FD0AAB059A8246CDF800B0FFF75EFB2E
:1010C00025B1002140F25250AFF30080039B4FEA5C
:1010D000481703EB481904EB490999F81C30013B08
:1010E000012B00F281802AF07F4A0A998E4EA1EBF3
:1010F0000A020C9B164022F07F42003E18BF0126D8
:10110000B2F5000F88BF00265B18A3EB0A0323F09B
:101110007F43B3F5000F8CBF002606F00106002EBA
:1011200065D108EB480304224FEA4800234489F8BC
:101130001C2099782029CAB200F0A1813A44039B6F
:1011400004EB4202537740441F444FF0010A20440D
:1011500004EB4707837020237B7725B1002140F201
:101160005750AFF30080714B0BB1AFF30080EFF33A
:101170001088474672B6A379002B7FF47AAF039BA1
:101180006B4F03EB430307EBC3070AAB08370FCBE7
:1011900087E80F00BAF1000F0BD0049B3BB1002E83
:1011A00040F03881637CDB4303F001036374FF2369
:1011B000A371B8F1000F04D15A4B0BB1AFF300800B
:1011C00062B625B1002140F28E50AFF30080BAF133
:1011D000000F72D125B1002140F29A50AFF3008088
:1011E00050460FB0BDE8F08F4FF0000AB5E70DF1A3
:1011F00027030DF1260259460AA8FFF7C5F98246D2
:10120000002800F09F809DF826609DF827C0664565
:1012100040F0B580202E00F04281BB1904EB43035F
:101220005B7F89F81D303E44039B04EB46067377D1
:1012300000261F44032304EB47073B778DE73D4B14
:101240000BF1010903EB8B1E09F0010903EB891C6B
:10125000C846BEE80F00ACE80F00BEE80F00ACE8DF
:101260000F00BEE80F00ACE80F009EE80F008CE80E
:101270000F0025B100214FF47370AFF300800BEB2A
:101280004B0B09EB490334F80B1004EB0B0292787B
:10129000E15223449A7055B100214FF47470AFF3BA
:1012A000008025B100214FF4A860AFF30080A3793E
:1012B000002B7FF4DEAECB46F3E6637C03EB430307
:1012C0001C446378202B85D025B1002140F2955035
:1012D000AFF30080184B187801F0A6F87AE7103BBE
:1012E00059B20029C0F2CF80144B5B5C5B090493B8
:1012F000002B7FF4AFAE124B1B78202B00F0EB805D
:10130000059B1B780493002B3FF4A9AE40F22251B9
:10131000702000F0A9FE00BF00ED00E0000000001A
:101320006019002100000000FEFFFF000000000027
:10133000081600217C1900213819002100E400E082
:101340000819002108EB480304224FEA480023440F
:1013500089F81C2099782029CAB200F09C803A4470
:10136000039B04EB4202537740441F44B2460026DD
:10137000204404EB4707837020237B77EDE6BCF124
:10138000200F00F0AD8007EB0C03202E04EB43038D
:101390005A7F00F08C80BB194FEA480004EB4303EE
:1013A000597F5A7706914FF005097B180A468E46F9
:1013B00004EB43039445597F83F81C90F5D100EB6F
:1013C00008030792234493F80290B9F1200F5FFAC3
:1013D00089FC74D0BC44069B04EB4C0C8CF81D308B
:1013E00000EB0803079A4FF0200C23443A4466456B
:1013F00083F802E004EB4202039B82F81DC03B44E9
:1014000004EB430359777FF40EAF4044039B5646E9
:1014100023540EE7354B1B78202B7FF4C3AE59467F
:101420000220FFF7B5FA00287FF4BCAE637C0420ED
:10143000DDF80CE003EB43010EEB431221445FFAAD
:1014400083FC04EB42028F7810775A01202F4FEA79
:101450004303F8B236D0111804EB410181F81DE0C6
:10146000714663440A44B246234404EB4202997035
:1014700020235377B8F1000F7FF4A3AE9CE6039AC4
:101480005A7013465FE603F00F03043B13441B7EC0
:101490005B0904932CE7039A5A70134664E708EB40
:1014A00048034FEA4800E35C89F81D30ADE708EBDC
:1014B00048034FEA4800E15CE254069173E7069A5C
:1014C0005A708DE781F801E07146CAE740F2265173
:1014D000702000F0C9FD40F21F51702000F0C4FDE3
:1014E00040F2CB11702000F0BFFD00BF08190021B1
:1014F0002DE9F84F7C4C4FF0010ADFF8F0810546EA
:10150000B8F1000F04D0002140F2AC50AFF30080DE
:10151000BAF1000F04D1764B0BB1AFF3008062B685
:101520004FF00003A371B8F1000F04D0002140F286
:10153000B150AFF30080667C6E4B771C5FFA86F982
:1015400003EB861607F0010703EB871C0FCEACE810
:101550000F000FCEACE80F000FCEACE80F0096E8FE
:101560000F008CE80F00B8F1000F04D000214FF4F9
:101570007370AFF3008009EB490307EB4702E15AB0
:10158000E0184FEA47098378A15222449370B8F1DA
:10159000000F04D000214FF47470AFF30080A379E2
:1015A00003F0FF01002B7ED1B8F1000F03D040F211
:1015B000BB50AFF3008005EB47137E0104EB430300
:1015C0001B7F032B40F08D8009EB070314F803B059
:1015D0005D4518BFBBF1200F14BF012200226CD063
:1015E0005B46F218194604EB42035B7F9D4218BF2D
:1015F000202B14BF01220022F3D1202B69D09B4560
:101600005FD03344314404EB430304EB41015B7F7F
:101610004B77B8F1000F0CD0002140F23E30AFF311
:101620000080B8F1000F04D000214FF4B860AFF390
:1016300000802E44012304EB46063377B8F1000FF7
:1016400004D0002140F2C950AFF300802A4B0BB107
:10165000AFF30080EFF3108A72B6A379002B7FF40A
:101660004FAF5D4503D1254B1B78202B33D0637CD6
:10167000DB4303F001036374FF23A3714FF00109FF
:10168000BAF1000F04D11A4B0BB1AFF3008062B670
:10169000B8F1000F04D0002140F2EB50AFF300800E
:1016A0004846BDE8F88FB8F1000F3FF431AF002194
:1016B00040F2B750AFF3008022E7BBF1200F08D013
:1016C0005B463344B94404EB43035B7F04F80930C1
:1016D0009FE79146D4E739460220FFF759F90028E1
:1016E000C5D14FF00009CBE76019002100000000D0
:1016F000000000007C1900210000000008190021F2
:1017000070B586B0072809D8DFE800F02C08080873
:101710000819040A574B01229B691A6006B070BD74
:10172000554B0421554A1B7803EB430302EBC300DE
:1017300052F83330406806B0BDE8704018474D4C51
:10174000237C002B46D0D4E90223B3F1FF3F08BF2E
:10175000B2F1FF3F78D00120FEF718FB002323747D
:1017600006B070BD434CD4E90223B3F1FF3F08BF7C
:10177000B2F1FF3F4AD0404E0120FEF707FB33781D
:10178000202B4AD03E4D6A7F012A30D0FDF770FBF6
:10179000034658BB94F89C200132D2B2312A84F817
:1017A0009C2062D84FF47A7230786946CDE90032D5
:1017B000CDE90233CDE90433FFF73EFC00284FD0DA
:1017C00095F82040012385F82030FFF7ABF985F824
:1017D0002040A3E72A494FF0FF34274B4FF0FF3555
:1017E000264A1B78C1E9024505219DE73378234A43
:1017F00003EB4303002102EBC30052F8333084F8BB
:101800009C10406806B0BDE87040184709F0B3FE70
:10181000FEF774F9C4E90201ADE7637C03EB430111
:10182000DAB2635C202B16D003EB421204EB4202C7
:10183000507F6054FF21A1710221114D3370117747
:10184000002285F820209EE709F095FEFEF756F964
:10185000C4E902017FE740F24221702000F004FC5D
:1018600040F21461702000F0FFFB4FF4C261702061
:1018700000F0FAFB60190021081900210816002168
:1018800010190021224B70B51A7886B0202A35D065
:10189000204CD4E90213B3F1FF3F08BFB1F1FF3F81
:1018A00031D102EB42021C4E054606EBC206D6E9D8
:1018B0000201FDF7ADFD337D00225B19524101337A
:1018C00042F10002181804AB42EB01010DF10B02CA
:1018D000009203AAFDF700FE9DF80B2005200F2AB9
:1018E000DDE9041394BF00220122521843F10003E2
:1018F000A260E360FEF79CF906B070BD40F2AA71E9
:10190000702000F0B1FB40F2AB71702000F0ACFB36
:10191000081900211019002108160021FEF7C0B88F
:1019200038B5254B93F800E0BEF1200F3FD0234D92
:101930006B7C95F811C003EB43035FFA8CFCEB5C06
:10194000202B25D04FEA4C1C1D4C05E0634405EBD1
:1019500043035B7F202B1BD003EB430204EBC2024B
:10196000917D8142F2D80EEB4E0E04EBCE04D4E909
:10197000021320694018D2E9021243F10003C41C8B
:1019800043F10003A14272EB030304D2002038BDEF
:101990004FF0FF3038BD0B4B081A1C680338FDF7B9
:1019A00029FD04F140038342F0D8001B38BD40F20A
:1019B000DF71702000F058FB081900216019002128
:1019C00008160021101900218B4B2DE9F04F1D78CE
:1019D00087B0202D019000F00981DFF820920646A3
:1019E000DFF81C820DF1130299F811308B46D8F8FC
:1019F000000005A903EB4303304419F80340D8F86D
:101A000010300393D8F818300293FDF739FDA6F192
:101A100040027C4B9A4268D805EB4505DFF8E8A107
:101A2000059B0AEBC5018A6808699B18D8E904562A
:101A30001818401B20F07F43B3F5000F55D899F8D4
:101A40001120202CC8F81800D2B288F81EB000F07F
:101A5000C0805201DC462021934604EB4402401929
:101A60004FEA44070AEBC20246F1000ED2E90263D4
:101A7000864273EB0E0346D3537D012B03D098F8B7
:101A80001D30012B35D005200091FEF75DF800993F
:101A900099F811004FF0FF324FF0FF332029C0B208
:101AA000C8E9022340F0938000EB4000202419F89D
:101AB0000030514A99F81110127802EB411209EBEB
:101AC00042025377D8F80030019A1344C8F8003026
:101AD000FF2389F80630202C35D04C4B187800F0C5
:101AE000A3FC002007B0BDE8F08F012007B0BDE8DF
:101AF000F08F0091751B09F048FD01300099854277
:101B0000C1DA98F81EC027440AEBC707BB7D6345BE
:101B10000DD90BEB040309EB43035B7F202B16D09D
:101B20002146D8F818001C46D8E9045695E7DDE9A7
:101B3000023202209B18D8F810209B1AC8F81830DF
:101B400007B0BDE8F08F002007B0BDE8F08F05209A
:101B5000FDF7FAFF99F811004FF0FF324FF0FF3315
:101B6000C0B2C8E9022304EB40134FF0050C00EBB0
:101B7000400209EB430319F802A046005B7F4101D4
:101B800009F802305346CF181A461D4609EB47079D
:101B900094427B7F87F81CC0F5D137184F4497F8E3
:101BA00002E0BEF1200F5FFA8EFC0DD08C4409EBF1
:101BB0004C0C8CF81DA00A443044202109EB420251
:101BC00048445177857074E787F801A0F3E70C4625
:101BD000C9E70520FDF7B8FF4FF0FF324FF0FF33A4
:101BE00099F81100C8E90223C0B25DE740F6080188
:101BF000702000F039FA00BF081900216019002197
:101C000010190021C03F420F081600213819002189
:101C10002DE9F84F944C637C00EB431304EB430332
:101C20001B7F002B00F01B81667C05468F4FF6B2B0
:101C300027B1002140F64700AFF300804FEA461875
:101C400005EB461604EB4606002F40F0AC8008EB8F
:101C5000050604EB4606337F012B09D01A1F022A22
:101C600000F29A8008EB0503012204EB43031A7784
:101C70004FF0010ADFF8F89127B1002140F65E002D
:101C8000AFF30080BAF1000F04D17A4B0BB1AFF380
:101C9000008062B64FF00003A37127B1002140F627
:101CA0006300AFF3008094F811C00CF101065FFAF5
:101CB0008CF809EB8C1C06F00106BCE80F0009EB60
:101CC000861EAEE80F00BCE80F00AEE80F00BCE8CF
:101CD0000F00AEE80F009CE80F008EE80F0027B160
:101CE00000214FF47370AFF3008008EB480806EB57
:101CF000460334F8081004EB08024FEA460B9278CA
:101D0000E15223449A7027B100214FF47470AFF36D
:101D10000080A37903F0FF01002B58D11FB140F6DA
:101D20006D00AFF300800BEB0603234458782028A6
:101D300010D0854200F08480804671014246C24640
:101D40008B1804EB430393F81D80454548D0B8F148
:101D5000200FF3D127B1002140F67100AFF30080CE
:101D6000454B0BB1AFF30080EFF310839A4672B688
:101D7000A279002A80D16674FF22A27123B93D4B5B
:101D80000BB1AFF3008062B627B1002140F68300AB
:101D9000AFF30080BDE8F88F09F021FC337F012B01
:101DA0007FF45CAF64E7337F012B3FF461AF1A1F10
:101DB000022A36D9002140F65300AFF3008009F023
:101DC0000EFC002140F65700AFF300803CE7002FE7
:101DD0003FF458AF002140F66900AFF300804BE7B5
:101DE000B8F1200FB6D0404530D00A44414404EB4E
:101DF000410104EB42024B7F537727B1002140F2AF
:101E00003630AFF300800BEB060323449B789845F4
:101E10000AD0002FA4D0002140F23E30AFF3008062
:101E200098E701233377CCE727B1002140F239301E
:101E3000AFF300800BEB0603234483F802A0E8E72E
:101E4000202887D080464FF0200A710141440BEBD7
:101E5000060304EB410123444A7F5A70CDE740F664
:101E60003E01702000F000F9601900210000000020
:101E70007C190021000000000000000070B586B051
:101E80005BBB054610460C460DF10B06FDF7B2FA9A
:101E90000246214604AB1446284603AA0096FDF7E5
:101EA0001BFB039A1249A31A8B4209D3121B8A42C5
:101EB0000CD310498B420BD88A4213D90E4B9B1A74
:101EC0000A9AA2F10F00C01A06B070BD5342F7E79C
:101ED00003F1F45303F59023F2E740F689017020F3
:101EE00000F0C2F840F2CF71702000F0BDF800BFE2
:101EF0000040420FFF7F841E00807BE1BFF34F8FC5
:101F00000549064BCA6802F4E0621343CB60BFF395
:101F10004F8F00BFFDE700BF00ED00E00400FA05B1
:101F2000094B01225A604FF0FF32C3F808234FF4E7
:101F30000052064BC3F88020BFF34F8FBFF36F8F63
:101F4000C3F88021704700BF00D0004100E100E0ED
:101F5000094B01225A604FF0FF32C3F808234FF4B7
:101F60008032064BC3F88020BFF34F8FBFF36F8FD3
:101F7000C3F88021704700BF0000014100E100E08C
:101F800010B5134900230122124CC1F8FC3FC1F8DF
:101F9000FC2FDA00013302F1FF7202F58032D2F831
:101FA00000032040884202BFD2F80003D2F8042385
:101FB0000260202BEDD1084B4FF48072C3F88020D3
:101FC000BFF34F8FBFF36F8FC3F8802110BD00BFE9
:101FD0000080004100F0FFFF00E100E0F8B51B4E7B
:101FE00005460C46174633786BBB00F061FA09F0E2
:101FF000BBFA174B7760002D08BF1D463472FFF700
:10200000BFFF2846FFF7A4FFFFF78AFF09F0BFFADA
:102010000546B0B9FEF74EFD09F0BBFA09F0C2FA69
:10202000002C0CDB04F01F0264090123A400934080
:1020300004F1604404F56144C4F880312360012355
:1020400033702846F8BD4FF0FF35FAE7001A00213B
:102050004A58030108B572B6024B5B6803B1984752
:10206000FFF74CFF001A00211FB572B6134B5D68D5
:102070008DB9FFF743FFB4FBF6F4D3B20132002C65
:10208000F9D103F110026A4402F80C4C0A2233B968
:1020900001A8A847EDE7044600220A26EDE7013B28
:1020A000DBB203F110040DEB0406B0FBF2F402FB0B
:1020B0001400303006F80C0C2046E8E7001A002126
:1020C000074B93F90830002B09DB5A09012103F073
:1020D0001F03403201FA03F3024941F822307047EE
:1020E000001A002100E100E0014B1878704700BFA2
:1020F000001A00212DE9F84FDFF8C4A00126314C69
:102100000746314DDFF8C4909AF800805FFA88F8EE
:10211000FF238AF80030B8F1000F01D08AF80130AF
:10212000EFF3108272B600236660C4F80031C4F881
:102130000431C4F8047526603AB962B605E0D4F8F3
:10214000043133B92B69DB0620D4D4F80031002BDD
:10215000F5D0D4F80431002BE2D1B8F1000F13D13F
:102160009AF80130DBB28AF8018003214FF4005263
:10217000C4F80813C4F80481C4F80081C9F88021A8
:102180008AF80080002BBFD1BDE8F88F4FF40053D0
:10219000C9F88031EFF3108B72B60323C4F804330F
:1021A000D4F8003113B9D4F804311BB1BBF1000FDE
:1021B000CBD1C2E709F013FABBF1000FC5D1BCE7E0
:1021C0000C1A002100D0004100ED00E000E100E029
:1021D00070B51546DA078CB01C4686468C4640F131
:1021E000A280C37B6E4642788DF80030837B8DF8E9
:1021F0000E208DF80130437B8DF80230037B8DF883
:102200000330C37A8DF80430837A8DF80530437A31
:102210008DF80630037A8DF80730C3798DF80830D1
:1022200083798DF8093043798DF80A3003798DF878
:102230000B30C3788DF80C3083788DF80D3003782F
:102240008DF80F30CB7B4A788DF810308B7B8DF872
:102250001E208DF811304B7B8DF812300B7B8DF8E2
:102260001330CB7A8DF814308B7A8DF815304B7A89
:102270008DF816300B7A8DF81730CB798DF8183031
:102280008B798DF819304B798DF81A300B798DF8E0
:102290001B30CB788DF81C308B788DF81D300B7887
:1022A0008DF81F303046FFF725FFA30731D59DF885
:1022B0002F009DF82E109DF82D209DF82C302870B1
:1022C00069709DF82B009DF82A10AA70EB709DF89C
:1022D00029209DF82830287169719DF827009DF804
:1022E0002610AA71EB719DF825209DF824302872E4
:1022F00069729DF823009DF82210AA72EB729DF876
:1023000021209DF8203028736973AA73EB730CB0F9
:1023100070BD0DF1200CBCE80F0028606960AA6058
:10232000EB600CB070BD6E46DEF80410DEF80820DD
:10233000DEF80C30B6460068AEE80F00DCF80000AE
:10234000DCF80410DCF80820DCF80C30AEE80F00F4
:10235000A8E700BF1B4B4FF4803270B5C3F8802054
:10236000BFF34F8FBFF36F8F174D0021174CC5F888
:102370000011C3F880212669236906F0100643F096
:10238000100323610123C5F804332B60D5F8003115
:10239000A3B11EB9236923F0100323610A4B012264
:1023A000D3F808055A60C3F808230022C3F80021B7
:1023B0004FF48032034BC3F8802170BD09F00FF950
:1023C000E4E700BF00E100E00000014100ED00E0B3
:1023D00002460C49052038B50138C0B2FF2803D1A8
:1023E00048216920FFF740FE01EBC0031D7905F08D
:1023F000FF04002DF0D141F8302001225C719C7166
:102400001A7138BD101A0021042808B503D94F21CC
:102410006920FFF729FE034B03EBC0000023037183
:1024200008BD00BF101A0021042808B503D958219F
:102430006920FFF719FE094B03EBC0000379012B5C
:1024400001D05921F4E7437982790133DBB29A4212
:1024500018BF4371BDE80840FFF732BE101A0021D3
:1024600070B50625114C0026013D15F0FF0500D181
:1024700070BD94F8281004EBC1031A79012A09D120
:1024800058799A79904205D05A79D2B29A7154F813
:102490003130984794F828300133DBB2042B94BFD5
:1024A00084F8283084F82860DEE700BF101A002185
:1024B000024BD3F83021024B1A6070470000FF0135
:1024C0003C1A0021024B1868C31F584258417047FC
:1024D0003C1A00210048704700070841914270B53E
:1024E0003BD2B2FA82F33BB1C3F1200499409A4047
:1024F00020FA04F498402143160C1FFA82FE030CC4
:1025000085B2B1FBF6FC06FB1C14240404EB10405E
:102510000CFB0EF4844206D9201A90428CBF022094
:102520000120ACEB000C03EB01410CFB12114FEA54
:102530000C4CB1FBF6F006FB101100FB0EFE05EB98
:1025400001418E4506D9AEEB010E96458CBF0222A5
:102550000122801A40EA0C0070BD73219620FFF71B
:1025600083FD00BF70B5044616461D46FFF7B6FF53
:10257000049B00FB164428601C6070BD08B50B1E50
:102580000EDB002A04DBFFF7A9FF002812DB08BDE1
:102590005242FFF7A3FFB0F1004F0BD8404208BDF5
:1025A000404263EB4301002AF3DA5242FFF796FF01
:1025B0000028ECDA99219620FFF756FD2DE9F84323
:1025C0001C4652EA040348D0074615460E4694B30B
:1025D000B4FA84F9B9F11F0F43DC4FF0010808FA8F
:1025E00009F220FA08F0A2FB05C340EAC17021FA03
:1025F00008F102FB0432FFF771FFC9F11F0300214C
:10260000D84028D0431E8C46804661EB0101184615
:1026100005FB01F203FB0422A5FB033EFB1A7244F7
:102620001F4666EB0206AF4276EB040311D3404629
:102630006146BDE8F883914208D321463046FFF752
:102640004DFF04462A46384604FB1561FFF746FF56
:102650002146BDE8F8838446E5E7CA219620FFF7C6
:1026600003FDE7219620FFF7FFFC00BF2DE9F84F9F
:102670009A4652EA0A03DDE90A8774D08146144675
:102680000E46BAF1000F3ED0BAFA8AFBBBF11F0F1B
:102690006DDC012505FA0BF3E840A3FB02C240EA1A
:1026A000C170E94003FB0A22FFF718FFCBF11F03BB
:1026B0000021D84052D0431E8E46844661EB010172
:1026C000184604FB01F203FB0A22A4FB0335154460
:1026D000B9EB030366EB0502A34272EB0A051DD3B7
:1026E00004FB0EF2714660460CFB0A23A4FB0C426D
:1026F0001A44B9EB040366EB0202C8E90001C7E91A
:102700000032BDE8F88F91420ED2FFF7E7FEA4FB3E
:1027100000425146B9EB040366EB0202C8E900012E
:10272000C7E90032BDE8F88F51463046FFF7D6FEC4
:102730008246224648460AFB04F5711BFFF7CEFE8F
:10274000A4FB00425146B9EB04032A4466EB0202A3
:10275000C8E90001C7E90032BDE8F88FAC464B4636
:1027600032468646B8E7CA219620FFF77DFCE7216E
:102770009620FFF779FC00BF92B1013A17D00346CB
:1027800000EB020C10B501E09C450BD08E461C46B8
:1027900011F8012B13F8010B9042F5D0801A10BDEF
:1027A0001046704760789EF80120801A10BD0078AE
:1027B0000A78801A704700BF10B5441A94422BD390
:1027C0004AB34B1CC31A022B31D9531E072B2ED9E7
:1027D00022F003048C4686460C445CF8043BA44576
:1027E0004EF8043BF9D122F0030302F003049A42AD
:1027F00000EB030C01EB030E0DD0CA5C012CC2549C
:1028000009D09EF80130022C8CF8013003D09EF8DC
:1028100002308CF8023010BD002AFCD08B18024424
:1028200013F801CD8B4202F801CDF9D110BD4B1E3A
:102830000244014613F8014F01F8014B9142F9D1CE
:1028400010BD00BF81EA00039B072DE9F0415CD178
:1028500087075ED0002A56D0034601E0002A52D0F6
:1028600011F801CB013A03F801CB9E07F6D1032AF8
:1028700028D941EA0305141F6D074FEA940E4AD187
:102880002B2C48D90EF10108A1F108051C464FEA8E
:10289000580C03EBCC0CF5E90267E4E802676445E9
:1028A000F9D118F0010F28F0010403D051F8245099
:1028B00043F824500EF1010402F0030203EB8403F9
:1028C00001EB8401FAB1541E022C20D922F0030539
:1028D0008C469E460D445CF8044BAC454EF8044BC8
:1028E000F9D122F0030402F00305A242234421445B
:1028F00009D00A78012D1A7005D04A78022D5A7035
:1029000001D08A789A70BDE8F0810346DAE715466F
:10291000EFE70346ABE70EF101071D1F0C4601EB85
:10292000870754F8046BBC4245F8046FF9D1C1E73E
:102930002DE9F04184075FFA81FE5FD0002A59D06B
:10294000034601E0002A55D003F801EB990702F194
:10295000FF32F7D14EEA0E24032A44EA04443ED95A
:10296000151FC3F38001AE08172D06F1010647D9E4
:102970009846002940D048F8044B771A03EB810CA5
:1029800079080CEBC101CCE900440CF1080C61455D
:10299000F9D127F0010C08EB8C016745CCEB8C7862
:1029A00005EB880517D02F1F0C60032F13D9A5F155
:1029B00008074C60032F0ED9A5F10C078C60032F7C
:1029C00009D9A5F11007CC60032F04D9143D0C617F
:1029D000032D88BF4C6102F0030203EB86034AB16A
:1029E000013A83F800E005D0012A83F801E018BF1E
:1029F00083F802E0BDE8F0811546BEE70346A9E78B
:102A000019461546CFE700BF094B0A4AC3F8802193
:102A10000132C3F884210132C3F88C210132C3F89A
:102A200090210132C3F8EC210132C3F890207047A5
:102A30000080004104000080074B0022C3F8802181
:102A4000C3F88421C3F88C21C3F89021C3F8EC218A
:102A5000C3F89020704700BF00800041014B1B6805
:102A60001B6818473C070021014B1B685B6818472F
:102A70003C070021014B1B689B6818473C0700215D
:102A8000014B1B681B6918473C07002138B50546F8
:102A90000C46DEF7F5FD30B13E2D04D12046BDE8F1
:102AA0003840DEF72DBE38BD1FB5014601A800F045
:102AB00006F801A805F00BF805B05DF804FB0B88DB
:102AC0000022C3F30B0383804B884272C3804B7890
:102AD000C3F30113012B02D0022B18BF134604319C
:102AE0000372016070478B88043010B500F8043C15
:102AF0000C4610F8033C03F0F00300F8033C8A880E
:102B0000C2F30322134300F8033C03F0CF03CA8847
:102B100000F8022CCA8800F8033C120A00F8012CC5
:102B20000A7A120102F03002134303F03F0300F867
:102B3000033C4A7A43EA821300F8033C0968814265
:102B400005D0E288FB2A28BFFB22FFF77BFEE08846
:102B50000430C0B210BD8B880A46043010B400F8AF
:102B6000043C10F8033C03F0F00300F8033C8988B0
:102B7000C1F303210B4300F8033C03F0CF03D188DA
:102B800000F8021C10F8011C01F0C00100F8011C43
:102B9000D48800F8033CC4F30524214300F8011C49
:102BA00001F03F01147A240104F03004234303F0C0
:102BB000BF0300F8033C547A00F8011C43EA841375
:102BC00003F07F0300F8033C1168814203D0D288F0
:102BD00010BCFFF737BE10BC7047FBF7B7BE2DE93E
:102BE000F8430B7805460C46013B822B00F26A82C3
:102BF000DFE813F099009D00A100520168021A015C
:102C0000200126012C0132013601380148014E0114
:102C100083006802A6006802AA003C0142015C0130
:102C2000620156016802680168027B01AB01B101D3
:102C3000B7016802BD01C901CF01FF0105022D02E4
:102C40000B021F022702110219026202330239022B
:102C500051023F0268026802680268026802680264
:102C60006802680268026802680268026802680214
:102C70006802680268026802680268026802680204
:102C800068026802680268026802680268026802F4
:102C900068026802680268026802680268026802E4
:102CA00068026802680268026802680268026802D4
:102CB00068026802680268026802680268026802C4
:102CC00068026802680268026802680268026802B4
:102CD00068026802680268026802680268026802A4
:102CE0006802680268026802680268026802680294
:102CF00068026802680245024B020E23B1F8032005
:102D00000B7042F283039A4209D1062363706678FE
:102D10002146284602363246FFF794FD5AE031211B
:102D2000C720DDF7DDFE0C230B700823EEE71A2326
:102D30000B700123EAE73E230B700223A370E6E742
:102D40003E230B700B23F9E72920DEF7D9FC28B1CD
:102D50003E232370222363702923EFE70A20DEF746
:102D6000CFFC3E2305F1080204F108012B70A0B34B
:102D70000A23AB70E378EB70A3882B71A3881B0A3E
:102D80006B71A379AB71E379EB71A368AB608B884E
:102D900093801F22D4F80E30C5F80E30638A6B8200
:102DA00063696B61238B2B83638BAB76638B1B0A0D
:102DB000EB76A38B2B77A38B1B0A6B77E38BAB771D
:102DC000E38B1B0AEB7794F8203085F820306A708B
:102DD000023296B23046BDE8F8830123AB70E37847
:102DE000EB70A3882B71A3881B0A6B71A379AB715D
:102DF000E37903F00103EB71A368AB608B889380E8
:102E00001322638BAB73638B1B0AEB73A38B2B7443
:102E1000A38B1B0A6B74E38BAB74E38B1B0AEB7401
:102E200094F820302B75D2E73E230B7004234B70AF
:102E3000142383E73E230B700C234B7004237DE7A0
:102E40003E230B700A234B70032377E73E230B705E
:102E50000D234B70052371E705232370042355E7E9
:102E60000823FAE730230B7003234FE73E230B7050
:102E70000B234B70072361E73E230B7006234B7037
:102E80000C235BE713230B708B789B0001333DE72A
:102E900057230B70022339E73E230B700D234DE7B8
:102EA0003E230B7001234B70112347E73E230B7029
:102EB00006234B70122341E73E230B7009234B700E
:102EC00013233BE73E2303702420DEF719FC002880
:102ED00015BF24230E2313260F263246A11CE81CFF
:102EE000AB70FFF7AFFC721C71E73E230370252027
:102EF000DEF706FCC0B125230A26AB70D4F80230F9
:102F0000C5F80330D4F80630C5F807306389A5F852
:102F10000B30F01CE27A04F10C012844FFF792FC1C
:102F2000E27A0132324452E70F230726AB706388FE
:102F3000A5F8033023796B716379AB71A379EB71D9
:102F4000A37A2B72E37A6B72E3E73E230B700323C1
:102F50004B701023F2E63E230B7005234B702023A9
:102F6000ECE63E230B7009234B702123E6E63E235B
:102F700003702620DEF7C4FB002815BF2623182384
:102F800017261326A9E73E230B7004234B70272333
:102F9000D4E63E234FF000088146037028234646BE
:102FA0008370D1F8023049F8033FAA795FFA88F3B9
:102FB0009A4205D8721D92B2002A3FF4A8AE06E7E5
:102FC000B21D331D08F10108A118A25809EB030036
:102FD00049F80320063131F8023C063020F8023C63
:102FE00010F8017C3A460637FFF72CFC3E44B6B297
:102FF000DBE73E230B701D234B7019239EE63E2317
:103000000B7007234B701A2398E63E230B70142392
:103010004B70222392E63E230B700B7C5B000F3338
:103020004B701D238AE63E230B7003234B701E2337
:1030300084E63E230B700B7D5B0013334B701B2328
:103040007CE63E230B7003234B701C2376E63E2365
:103050000B7005234B701F2370E6FF230B700B23AF
:103060004B70A2236AE6FF230B7005234B70A3234A
:1030700064E6FF230B700D234B7080235EE6FF2375
:103080000B700D234B70822358E6FF230B70022335
:103090004B70832352E6FF23C21C0370812383708D
:1030A000D1F8033003F1280153F8040B8B4242F8A6
:1030B000040BF9D129228AE63E230B700C234B70B6
:1030C00023233BE640F232212AE608B510B1FFF790
:1030D000EBFC10B96FF0150008BD0020FCE708B547
:1030E000B0B1FFF77AFD12280BD8102810D80228AB
:1030F00011D00C280FD0002814BF6FF00D00002055
:1031000008BD462814BF6FF00D006FF02200F7E7EE
:103110006FF01500F4E74FF0FF30F1E710B50C4603
:1031200030B129B1DEF738FA28B12070002010BD87
:103130006FF01500FBE76FF02200F8E708B5DEF747
:10314000BDFA002008BD01F053BBECF7B7BCECF7AB
:10315000C3BCECF7D1BC08B5DEF7C2FA002008BD4D
:1031600002F0C3B902F0E8B902F062BC02F06BBC35
:103170000346022200201A70032258709A70FE2221
:10318000D8705A712C2218719A716FF00602DA7198
:103190006A221A727F225A7236229A722222DA72B6
:1031A000704701F087BB10B50446FFF7D3F8B0F5C0
:1031B000007F09DA10F5007F08DD031EB8BF033376
:1031C0009B100020237010BD7F23FAE76FF07E0371
:1031D000F7E7EDF721BE1FB5002341F64B524178CA
:1031E000CDF80A30D0F80230934295BF4FF47A728E
:1031F00040F2E242B3FBF2F3B3FBF2F398BF03F504
:10320000506302789BB242EA0122ADF80230ADF879
:103210000020ADF80430C279837943EA0223ADF887
:103220000630427A037A684643EA0223ADF8083052
:1032300001F058FC05B05DF804FB02F00ABA007812
:10324000003818BF012001F037BCEDF711BEEDF7D3
:1032500057BE8178008802F0C7B902F0E3B9EDF7F4
:103260000FBE37B505460C4600880DF1060101F08A
:1032700028FC2B882380BDF80630638003B030BD66
:10328000EDF706BE02F017BE0068F8F7A3BFEDF732
:103290000BBE0068E8F734BC006808B5E8F78AFEA2
:1032A000002008BDEDF71EBE02F0A5BF01F08ABAEE
:1032B00001F0F5BA08B5DEF71BFA002008BDECF7FF
:1032C000A9BC01F009BBEDF7F7BA01F0D4BA02F0DE
:1032D0008CB801F071BE02F0BBB8ECF7A3BE01F0F0
:1032E000D1BBEDF7BFB8EDF75FB901F0B2B901F0AE
:1032F000B7B901F000BA01F01CBA01F0F3BB01F05C
:1033000049BC01F0F7BA01F09ABC01F0BFBA01F074
:1033100069BA01F0BABC03880B8002F0CBB803880D
:103320000B8002F0D5B801F0A9B901F0CAB901F0DB
:1033300037BA01F043BA01F023BA01F018BA01F02C
:1033400018BBECF7E1BC01F04FBB02F011B801F083
:10335000DCBC02F05FB801F044BE01F075BE01F0C4
:103360005EBE01F066BE01F0FCBC01F008BDEDF7E9
:1033700007BB01F0A5BEEDF7BFBBECF7E5BD01F063
:103380005EBBEDF7D5B8EDF787BC01F034BF01F0B7
:1033900039BF01F053BF01F060BF01F070BF01F011
:1033A00079BF01F047BA01F056BAECF7E9BB01F07A
:1033B000C9BA01F076BF01F087BF01F0C8BF01F0C4
:1033C000A0BFEDF723BDEEF71FBB02F053BDEEF734
:1033D000A5B9EDF7A9BD02F064B902F03EBA02F05A
:1033E00067BAEEF7BBBA02F080BD02F090BEEEF70E
:1033F000CBBDEEF727BB02F0CFBE01F0E8BF02F075
:103400005BBAEEF7B3BA02F096BC02F0C3BC02F0AE
:10341000C9BA02F029BB02F0EBBA02F088BA02F096
:1034200028B9ECF701BCECF79DBC02F0CBB8F8B5BD
:10343000941C0E46054617460C446343B3F5004FF3
:10344000A8BF4FF0FF3310F003019CB203D0AD21B1
:103450001420DDF745FBB4F5004F01D9AE21F7E7A5
:1034600010220430FFF764FAEF746C802E80F8BDF0
:103470000188C27C8B1C134410B49BB24488B4FBFB
:10348000F3F310BCDBB2FFF7D2BF70B50688C58876
:1034900003898E42C5F30E02C3F30E0403D2CF217B
:1034A0001420DDF71DFB5D40C5F30E030BB92D04A1
:1034B00009D4A24209D2C37CA41A0233E41AA1425D
:1034C00003DD00238374184604E014320123815283
:1034D0008374104470BD023101444A43B2F5004F79
:1034E000A8BF4FF0FF3290B2173020F00300B0F5C4
:1034F000004F34BF00B24FF0FF30704740881730A4
:1035000020F00300B0F5004F34BF00B24FF0FF30A1
:1035100080B2704738B503888B4204D240F207115D
:103520001420DDF7DDFA857C65B1C388C3F30E0393
:103530001433C25A8A4207D3C152811DDEF7A8F95B
:1035400000238374284638BD0025FBE7034614306A
:10355000F0B59C88A5B2C4F30E06DC88AC4202D15B
:103560000020D881F0BD5F89DC7C855B3C44ED1B8D
:103570000234ADB2344420440C88AC4288BF0D8084
:103580005C89B4FA84F4640914700A88DA81E9E782
:10359000F8B582880026C38904460D4692B20E60B3
:1035A000CBB14189C2F30E020B4414329BB287188F
:1035B000825A4381934204D94FF4AA711420DDF753
:1035C0008FFA04D1011DDEF763F946812F600023D5
:1035D0000120E381F8BD1846FCE770B504460846B3
:1035E000A38804F1140622899BB2C2F30E059A4205
:1035F0000DD021B1A91CE27C3144FFF723F904F17D
:1036000008012046755BDEF743F9284670BD0025AA
:10361000FBE78388C0889BB2C31A58425841704761
:10362000C288018910B5C2F30E044A40C1F30E03EB
:103630001204A3EB04035CBF42889B180288C07C81
:103640000232104480B293FBF0F080B210BD828849
:1036500073B595B2C488C2F30E02AC4202F11402F3
:1036600012D04189C689835A314499420EDB0DF14B
:103670000601ADF80650DEF70BF9BDF80600001B99
:1036800018BF012002B070BD0020FBE70120F9E760
:1036900070B505890346C4881430C5F30E02C4F31F
:1036A0000E066C40C4F30E0525B9240402D5002093
:1036B000188270BDB2421C8806D9DD7C921B02358F
:1036C000521B9442A8BF14469D890DB1825BA41A77
:1036D000A142ECDCDA7C3544198202322A441044DF
:1036E000E7E738B5038ACBB18B4217D3C388848907
:1036F000C3F30E031433C5180CB9C4546C700C44D6
:103700008481C45A2144C15222B1811DDEF7C0F820
:103710000023838100230382012038BD0020FCE7C1
:103720008388C2889BB29A4206D0428922B9C3F3E9
:103730000E0314331844704700207047C37C088878
:1037400002330B44136070470230704738B58388EA
:10375000C2889BB29A4209D043893BB9C5893DB919
:10376000011DDEF795F8C581012038BD0020FCE77A
:103770001846FAE703881380C388C3F30E03143393
:10378000034480890B6070470368002223B9C0E9B5
:103790000132031D0360704759681B680A44F5E74E
:1037A000072938B5034604D84FF4EC711520DDF72E
:1037B00097F90068A8B1D0E900248C4212D02AB948
:1037C00001F10805AC4204D210460AE00346104657
:1037D000F1E7425045181A68641A12686C6042504A
:1037E0001D6038BD1A60FCE70023C1E900320368A0
:1037F0000B600160704730B590B18478B1FBF4F391
:1038000004FB131300EB430252898A4201D1D8B260
:1038100030BDC27822B900F10A03D0B2844201D887
:10382000FF20F5E733F8025B0132A942F5D1EFE75B
:103830008278038805324B4303EB420318447047F8
:10384000002307B5CDE900338DF806006846DEF7A2
:103850002BFAB0FA80F0400903B05DF804FB73B5B1
:1038600000240546CDE900448DF806006846E6B21E
:10387000DEF71AFA01340028F8D02846DEF75AF9A4
:10388000801BC0B202B070BD13B500230446CDE961
:1038900000338DF806006846DEF706FA08B102B07C
:1038A00010BD2146BDF80400DEF7DAF90028F2D099
:1038B00040F21D211720DDF713F970B51E460D46A5
:1038C0000921FFF708FE0446324609212846FFF782
:1038D00002FE002C03DB002801DB204470BD4FF00A
:1038E000FF30FBE70246084613688B4203D121B143
:1038F0000B68136070470BB9184670471A461B686F
:10390000002BF9D08342F9D1036813607047034656
:103910000068884209D1EFF3108272B6186808B1C6
:103920000168196092B962B6704758B97047884209
:1039300008D1EFF3108272B618680028F2D001683F
:103940001960EFE7034600680028F0D1704700686F
:1039500020B1034600680028FBD118467047034693
:10396000006830B558B10468014622460AB91C60A7
:1039700005E0156825B9086808B103680B6030BD1B
:1039800011462A46F2E7D31D23F0070370B508332A
:1039900090B110F0070403D058212220DDF7A0F8E1
:1039A00004604FF6FF75C28000F108040A4681806A
:1039B000013A92B2AA4203D103FB01F0083070BD74
:1039C0000668266004601C44F2E718B1C28881884A
:1039D000FFF7D9BF70470346EFF3108272B6006855
:1039E00030B1016819600023037043708370C370A5
:1039F00002B962B67047EFF3108372B602680A60CC
:103A0000016003B962B67047EFF3108372B60068C5
:103A100018B10068003818BF012003B962B67047BA
:103A2000012303707047F8B5054608461E46114647
:103A3000002814BF00240224FF23AB702B191B7D28
:103A4000012B04D001342B191B7D012B19D105EB5F
:103A500044073B8B3A8C9819904204DD00202C449B
:103A600038832075F8BD05EB84043246606818443D
:103A7000FEF7E8FE3A8B16443E830023AB7001202C
:103A8000F0E70020EEE7002910B514BF0023022361
:103A9000FF218170C1180C7D012C07D10C3320F857
:103AA000132002230B750023837010BD0133C1184E
:103AB0000C7D012CF2D04FF48C710920DDF710F849
:103AC000024630B5837803F0FF00F3B9137D022B73
:103AD00019D0537D022B19D10346012089B100244E
:103AE000D5180C332C7522F81340131803241C75B9
:103AF00002EB80035B680B6000F10C0332F81330BB
:103B00008B80012002E00123E8E7002030BD30B5C2
:103B10008378E3B9837D022B17D0C47D022C16D1A4
:103B2000032381B1002205190C342A7520F81420D2
:103B3000C2180324147500EB83020C33526830F86A
:103B400013300A608B80012002E00324E9E70020A3
:103B500030BD037D012B01D1008B7047437D012BCC
:103B60000CBF408B00207047837D012B01D1808BDF
:103B70007047C37D012B0CBFC08B00207047038BA7
:103B800023B9408B003818BF0120704701207047CF
:103B9000838B23B9C08B003818BF012070470120E8
:103BA0007047027D022A01D1008B7047437D022BB2
:103BB00001D1408B7047032AF6D0032BF9D00020A7
:103BC0007047827D022A01D1808B7047C37D022B12
:103BD00001D1C08B7047032AF6D0032BF9D0002007
:103BE000704708B5DEF7F0F920B103786FF30003F2
:103BF0000370012008BD08B5DEF7E6F9003818BFEC
:103C0000012008BD10B5044601F11B02002001216E
:103C1000FFF7B9FE083C0838B4FBF0F080B210BDE5
:103C20002DE9F0410646069898460D464307114691
:103C30009DF81C7002D010F0030003D025214C2009
:103C4000DCF74EFF4FF48B72FFF79DFE002F06ABA3
:103C5000044600FB08F114BF00201846DDF73AFEC9
:103C600017B9069B33602C60BDE8F0812DE9F04167
:103C7000064615460F4619B900242046BDE8F081D6
:103C800011463846FFF78CFD04460028F4D0314633
:103C900006F11B082846FFF7B5FF064601464246D7
:103CA0000020FFF770FE0EB1854205D22A4621465C
:103CB0003846FFF799FDDFE7424631462046FFF7D9
:103CC00062FEDAE7DEF780BA00EA400303EA430364
:103CD00003EA430303EA430303EA430313EA430308
:103CE0000CBF01200020704708B5034610468B42E8
:103CF00009D03AB183EA010004F002F801288CBF30
:103D00000020012008BD0120FCE737B50023044650
:103D10000D46CDE900336846DDF7C6FF30B100231C
:103D2000CDE9003302238DF8063011E0009B2A46CE
:103D30002046196AFFF7D8FF0028ECD003B030BD49
:103D4000009B2A462046196AFFF7CEFF0028F5D1CE
:103D50006846DDF7A9FF0028F2D00023CDE9003343
:103D600004238DF8063007E0009B2A462046196898
:103D7000FFF7BAFF0028E1D16846DDF795FF00287C
:103D8000F2D00023CDE9003305238DF8063007E09B
:103D9000009B2A4620461968FFF7A6FF0028CDD1D0
:103DA0006846DDF781FF0028F2D00023CDE900331B
:103DB00009238DF8063008E0009B2A462046D3F8F8
:103DC000B811FFF791FF0028B8D16846DDF76CFF06
:103DD0000028F1D00023CDE900330B238DF8063005
:103DE00007E0009B2A462046D3F8EC10FFF77CFF43
:103DF000E8B96846DDF758FF0028F2D000224FF4FA
:103E00004023CDE900236846DDF74EFF30B10023A3
:103E1000CDE900330A238DF8063014E0009B2A46D2
:103E20002046D3F8EC10FFF75FFF0028EBD001200D
:103E300084E7009B2A462046D3F80C11FFF754FF75
:103E400000287FF47BAF6846DDF72EFF0028F0D016
:103E5000002073E738B52325EFF78CFC0446EBF719
:103E60009BF820B101212046FFF74FFF30B1013D03
:103E7000F2D140F23A210F20DCF732FE204638BD65
:103E800070B523260025EFF775FC0446EBF784F8A0
:103E900040B100212046FFF738FF68B9254620468B
:103EA000EBF7B0F8013E01D00028ECD035B940F274
:103EB00015210F20DCF714FE0020F3E7284670BD23
:103EC00001EB8101C1EBC10189B270B501F12A0595
:103ED00011F0010F05F07F0414BF4FF47C4600265B
:103EE00015F0020F4FEA840205F030054FEA540343
:103EF00018BF4FF4207102F4807208BF002103F054
:103F0000060313432B4333430B4380EA034070BD46
:103F10002DE9F34106462325EFF72CFC20F03274FF
:103F200010F4004F24F4803414BF44F4080444F423
:103F300041042046EBF730F860B300212046FFF73C
:103F4000E4FE38BB0A23A7B2CDE900008DF80630A5
:103F50006846DDF7A9FEA8B10027F9B22046FFF7B1
:103F6000AFFF8046EBF718F8A0B100214046FFF7FD
:103F7000CCFE78B90137FBB29E42EED2204602B0A9
:103F8000BDE8F081009BB3F89800784003F0D4FEC0
:103F90000128DDD8013DBFD140F29F210F20DCF781
:103FA0009FFD10F0FD0F14BF0120002070474068F6
:103FB0007047406870474068903070474068903064
:103FC00070478207034605D410F0010003D103F0C7
:103FD00004007047022070476FF45063C318062B2B
:103FE0009ABFA0F550604FF47A7340F2E243584311
:103FF000704790F82832DBB290F8C0202AB913F04D
:10400000FB0F14BF0120002070470020704790F87C
:104010004432DBB290F8C0202AB913F0FB0F14BF72
:104020000120002070470020704770B5B0F80140B3
:10403000A3B2B3F5FA7F2DD2B0F8032043F6F6759C
:10404000A2F10A039BB2AB4224D843791F2B21D89B
:1040500013F008051ED103F01706172E18D00078AC
:10406000032817D8002814BF012600268E730ED00F
:1040700042F210768B720C8172434A60421E18BF66
:1040800001220A73C21E504250414873284670BD37
:104090000C20FCE71220FAE713B501210020DDF720
:1040A000C9FD044688B901210846DDF7C3FD044671
:1040B000C0B90023CDE9003303238DF806306846EC
:1040C000DDF7F2FDC8B100200AE0C030E5F726F9BF
:1040D0000028E8D02046E3F7A9F90028E3D0012022
:1040E00002B010BDC030E5F719F90028E1D0204634
:1040F000E3F79CF90028DCD0F1E7009C2046E0F7CC
:104100002BF90028DBD0204604F054FD0028D6D03F
:10411000E5E7002307B5CDE9003303238DF806302A
:104120006846DDF7C1FD08B1002004E00098E0F723
:1041300013F90028F4D003B05DF804FB07B50023A1
:1041400040F6881201A9FAF707FE03B05DF804FBF8
:1041500038B540F2E2450C46B0F80310B0F8010063
:104160002A4669436843E6F7AFF9A586206338BD60
:104170002DE9F341002304460E46174600F10A08D4
:10418000CDE900336846DDF78FFD08B1002015E06A
:10419000009DA542F6D03046EB1CFFF702FF3946E2
:1041A000AA7802F007FD0028ECD005F10A036A7A2C
:1041B0004146607A02F0FEFC0028E3D002B0BDE880
:1041C000F08107B5009190F8A830827D90F89011A9
:1041D00090F8BE00E7F708FF03B05DF804FBF0B508
:1041E00085B00C460646154603A99DF83870E6F7DB
:1041F000B1FF18B9039BDA7B12B9112005B0F0BDED
:1042000093F820309BB903988389032B01D8002FA2
:10421000F3D10D9B80F8487006800C99C0E90554D5
:1042200000930194DDE90A2307F01EF9E6E70C206C
:10423000E4E708B5CB1E012B04D8800100F53470EB
:1042400080B208BD012902D10A30C000F8E7022976
:1042500002D10B308000F3E740F259210620DCF751
:104260003FFC08B5CB1E012B04D8800100F534704B
:1042700080B208BD012902D10A30C000F8E7022946
:1042800002D10B308000F3E740F259210620DCF721
:1042900027FC08B5CB1E012B04D8800100F5347033
:1042A00080B208BD012902D10A30C000F8E7022916
:1042B00002D10B308000F3E740F259210620DCF7F1
:1042C0000FFC10B5044638B1EEF7F4F834EA0003F9
:1042D0000CBF0120002010BD0120FCE707B5012123
:1042E0000020DDF7A7FC20B3C030E5F717F8E0B1F8
:1042F000012009E0C030E5F711F800B3F8E70098B5
:10430000403005F078FA18B303B05DF804FB009B69
:10431000586F503005F06FFA0028F5D16846DDF788
:10432000C3FC0028F3D00020EEE7E3F77BF9002878
:10433000DED101210846DDF77DFC0028DAD1FFF748
:10434000E8FE0028D4D10623CDE900008DF8063020
:104350006846DDF7A9FC0028D1D00023CDE9003361
:1043600007238DF80630D9E710B50446FFF7D1FED4
:1043700058B901210020DDF75DFCE8B901210846AC
:10438000DDF758FCF0B9012013E0EEF76BF868B1E7
:10439000EAF76AFF044604F044FC58B9204604F0EA
:1043A0003CFC80F00104E4B204F00104002CE0D1F4
:1043B000002010BD0024F7E7C030E4F7AFFF00286D
:1043C000DCD0F5E7C030E4F7A9FF80F00100C0B20F
:1043D000EFE770B505460C46DFF7BEFFF0B928469B
:1043E00004F036FBD0B904212046DDF723FC064655
:1043F00078B906212046DDF71DFC054680B903216A
:104400002046DDF72DFC88B141F29D713920DCF7A3
:1044100067FB403005F0EFF90028EAD00C2010E0EF
:10442000403005F0E8F90028E9D0F7E73EB1042173
:104430002046DDF715FC10B141F2A471E6E70DB995
:10444000002070BD06212046DDF70AFC0028F7D0C9
:1044500041F2AB71DAE738B505460C462AB11F299F
:1044600001D8002038BD1220FCE7DDF72BFDA0426B
:1044700011D3284604F0EFFB08B11F2CF3D82846CF
:1044800004F041FB48B12146284604F075FB0028A2
:10449000E7D14520E6E70720E4E74220E2E738B528
:1044A000054604F030FBE8B12846DFF755FF08B9B0
:1044B000002038BD2846DFF7CDFB04462846DFF74D
:1044C00009FD88B9002CF3D02088EEF781F802218D
:1044D0002088DDF7C5FB0028EAD041F6CD11392050
:1044E000DCF7FEFA4220E4E70C20E2E738B50446A8
:1044F0000D46EDF7D9FF830001D40C2038BD2046CE
:104500000921DDF797FB044648B1E6F7B5FF00281F
:10451000F3D02A462146BDE83840E9F783BE0220A1
:10452000ECE703880B80817898B2FFF7DFBF034682
:1045300037B59A7A0D46C0885107C0B213D412F02D
:10454000010101D102F00201DC7A1A896307D2B2BB
:104550000BD414F0010301D104F002030095E7F736
:1045600043FD03B030BD0421EEE70423F6E72DE957
:10457000F04385B007468846008802A902F06AFB2E
:10458000054650BB02A8FFF716FD034602A8FFF739
:104590000EFD039E814696F8992102F0FF051AB19F
:1045A000B8F1020518BF0125DA7B93F86330232A9E
:1045B00043EAD3030CBFC5F10102002203F001035B
:1045C00013433CD0BC7814B9EDF774FF0446F87877
:1045D000B8BBEDF76FFF24B90925284605B0BDE843
:1045E000F0830028F8D099F8812032B114F0020449
:1045F00000F00200F0D00028EED0FF2286F84D2116
:10460000DDB996F84C2102F0FF05B2B986F84F01EA
:1046100001A986F84C8186F84E41BA888DF80500CC
:104620004846A6F850218DF80440ADF8062002F067
:104630009FFB002386F84D31CFE73A25F9E71A258D
:10464000CBE7002CCFD1C7E708B5EDF7EDFE002092
:1046500008BD10B50446EFF77FFF2070002010BDA5
:1046600010B5FFF719FD044630B9EFF76FFF20468C
:10467000EEF7CAF9204610BD0C20FCE710B5037810
:104680000446012B01D9122010BDFFF727FE60B9A7
:104690002078FFF786FC01280DD004F11703E21DF6
:1046A000611CBDE81040EEF7D7B9EEF769FA0028B3
:1046B000EED00C20E8E7A37903F0C003C02BECD0C8
:1046C000E1E710B503780446012B0AD8FFF706FE90
:1046D00048B9214611F8010BFFF763FC02F095FA87
:1046E00038B9122010BDEEF74BFA0028F1D00C209B
:1046F000F8E70020F6E738B50546FFF7CDFC04469D
:10470000A8B92878012803D9FF280BD0122038BD7A
:10471000FFF747FC691CEFF725FF002814BF0020B6
:104720000720F4E70120EEF76FF92046EFE70C20B1
:10473000EDE738B50546FFF7AFFC0446A8B92B787E
:10474000012B03D9FF2B0CD0122038BD1846691C51
:10475000FFF727FCEFF736FF002814BF00201220D8
:10476000F3E7EEF751F92046EFE70C20EDE708B547
:104770000088EEF70BFA00280CBF3020002008BD9F
:1047800038B50546FFF7AAFD044638B92878003841
:1047900018BF0120EEF7EEF9204638BD0C20FCE7EB
:1047A00008B5FFF79BFD18B9EEF7D4F9002008BD56
:1047B000EEF7E6F90028F7D00C20F8E7082303709D
:1047C0000020704703464E21202210B50E240470AD
:1047D0000020DC70592459709A701C7158719971BD
:1047E000DA7110BD082108B5DCF7C8FE002008BD4D
:1047F00073B506460C460088694602F02BFA05465A
:10480000B0B9B3787BB96846FFF7D1FB90F8803038
:10481000A370338894F902002380EEF733FCA07074
:10482000284602B070BD7F20FFF788FCA070F0E73B
:104830000225F5E710B504466FF07F00FFF77EFC18
:10484000EEF720FC20707F20FFF778FCEEF71AFCD3
:104850006070002010BD10B50446EEF755FC00EB6B
:1048600080035B002380EEF755FC00EB8003002003
:104870005B00638010BD10B50446EAF7F5FC04F058
:10488000C9F9EEF7FFFB2070002010BD0A4600F1C9
:10489000100108B50723FDF79BFC002008BD10B5EB
:1048A000014604460020EDF71FFF08B92060A080F4
:1048B000002010BD10B50446EDF7B0FD28B900206A
:1048C0002146EDF7F9FE002010BD0020FFF74CFD5A
:1048D0000028F4D10C20F7E710B504460120FFF7BB
:1048E00043FD28B101202146EDF7E6FE002010BD72
:1048F0000C20FCE7F7B50C4605466946008802F037
:10490000A9F9A11C0246A8B96846FFF754FB034663
:1049100000F1170783F86A20386808603879087151
:104920002888208093F86A6006F0FF00002EF1D1FD
:1049300003B0F0BD00230220C4F802300B712370D5
:104940006370F5E710B50446FFF7C8FC58B9207846
:10495000611CFFF726FBE279EEF7A0FA002814BFEE
:104960000020022010BDEEF70BF90028EFD00C203C
:10497000F8E7F7B507460D460088694602F06AF980
:104980000646B8B96846FFF712FB044684F87E6015
:1049900094F87C00EAF738FCA87094F87D00EAF7F8
:1049A00033FCE87094F87E3003F0FF00002BEDD16B
:1049B0003B882B8003B0F0BD10B583880446022BE2
:1049C00010D8C078FFF77DFC08B9112010BDA07881
:1049D000FFF777FC0028F8D020460121BDE8104001
:1049E000FFF7C5BD1220F1E713B58378C17803F056
:1049F0000104027903F0020351EA040C1DD052EACB
:104A0000030C1AD0002C18BF0021002B037818BF0C
:104A100000228DF802108DF80320427843EA022329
:104A2000ADF8003043798279684643EA0223ADF855
:104A30000430FFF7C1FF02B010BD1120FBE710B535
:104A400004460020EDF708FD2378012B13D163788D
:104A5000012B03D9022B0CD1A38853B1628862B118
:104A6000A38853B10A214A434FF4A0614B439A42B1
:104A700003DB122010BD002BFBD12046BDE8104007
:104A8000EAF728BC07B5037800214278012B8DF89E
:104A900000308DF80120ADF80210ADF8041007D1F8
:104AA000012A07D86846EAF715FC03B05DF804FB55
:104AB000002BF7D01220F8E708B5DEF77BF80020CE
:104AC00008BD13B50C46694602F0C4F830B9019B25
:104AD0009DF80020B3F8983012B9238002B010BDC1
:104AE0000133FAE77FB5054600210088DDF7A2F81B
:104AF000044610B9022004B070BDFFF77AFA00280E
:104B0000F8D0AA881046FFF767FAE3690646698875
:104B1000984220460CBF638E01230393AB89029316
:104B20006B8901932B890093EB88EAF79DFA48B3D0
:104B300094F8443203F0FF0033BB41F64B539E42DE
:104B400009D8642E22D9B4F87C2040F202239A427C
:104B50001ED1642301E040F2E243A4F8483200236E
:104B6000C4E99336EA79AB7943EA0223A4F85432D4
:104B70002B7A6A7A43EA0223A4F85632FF2384F898
:104B80004432B8E73020B6E73A20B4E71220B2E763
:104B90000C20B0E713B5044602F074F800284CD09E
:104BA0002046FF24EEF7CCFA0023CDE90033684617
:104BB000DDF77AF850B300244FF44033CDE90043D9
:104BC000FF246846DDF770F820B300204FF48023FF
:104BD000FF24CDE900036846DDF766F8F0B1002157
:104BE0004FF4C023FF24CDE900136846DDF75CF8DD
:104BF000C0B100224FF42023FF24CDE900236846F2
:104C0000DDF752F890B1002002B010BD009B83F890
:104C10003C42CCE7009B83F89240D2E7009B83F8AC
:104C20003440D8E7009B83F83440DEE7009B93F8DC
:104C30003020032AE3D19C77E1E71220E4E713B5A3
:104C40000088694602F006F80146D8B99DF80030A0
:104C5000019C8BB19DF80030012B03D10198FFF727
:104C6000D6F970B194F8533103F0FF0253B9FF2322
:104C700084F85331114605E02046FFF7BAF90028C1
:104C8000E8D10221084602B010BD70B500210546EA
:104C90000088DCF7CFFF044688B3FFF7AAF910B904
:104CA0000C26304670BD94F8863203F0FF0643BBF5
:104CB00094F8F230DB0726D5D4F83831002BEFD149
:104CC000D5F8023004F51B72C4F87C32D5F80630F2
:104CD000C4F880326B89A4F8843205F10C031C35CA
:104CE00053F8041BAB4242F8041BF9D10C2104F524
:104CF0001670DCF743FCFF2384F88632D1E70226E6
:104D0000CFE73A26CDE71A26CBE7F0B589B00446BF
:104D100000200E46EDF7A0FB01AA234604F1180C73
:104D200017461868083353F8041C1546634503C535
:104D30002A46F6D11B782B7000238DF81D308DF894
:104D40001E30237D022B0AD0637803F01803082B52
:104D500005D031463846EBF79BFC09B0F0BD122078
:104D6000FBE710B5032104460078DCF763FF20B1B0
:104D70002178BDE81040FFF72CBB422010BD13B5D1
:104D800000200024EDF768FB0323CDE900448DF8F3
:104D900006306846DCF788FF10B1204602B010BD2F
:104DA000BDF804100098FFF714FB002818BF044654
:104DB000EFE72DE9F341054690F8018003210078E3
:104DC000DCF738FF0446002800F08780EDF74AFB47
:104DD00008B3204603F0FCFEEE78864228BF064664
:104DE000B6B2B8F1040F5DD0E06CFEF7B2FE8719E1
:104DF000BFB2EDF737FBB8B9EB7873B9204603F0D3
:104E0000E7FE874210D9204603F025FF50B907205E
:104E100002B0BDE8F081EE78E3E7204603F0EAFE59
:104E20000028EBD11220F3E7EDF71CFB39460246D0
:104E30002046FFF710FB0028EAD1A8F10303012B5D
:104E40002DD8204603F007FF6B78032B2DD108F0F7
:104E5000FD07012F3AD1204603F0FDFE002833D193
:104E6000B8F1010F08BF02273A46E16C6846DDF74A
:104E700041F833466A680121E06CFEF7D4FD002852
:104E8000C5D06B78023B012B07D8E06CFEF761FEC2
:104E900001210246E06CFEF7F6FD0020B8E7002E87
:104EA000CFD1BFE7002ECCD0BCE70028BAD1042B6D
:104EB000CDD12046DFF750FA0028B3D0E06CFEF7E2
:104EC0005EFE0028C3D1ADE70027CDE7B8F1040F9F
:104ED000CFD1204603F0E6FEDFE7422098E72DE938
:104EE000F3470746467890F8039003210078DCF7F3
:104EF000A1FE044600283BD0EDF7B4FA30B12046BD
:104F000003F08FFE002808BF4FF00009E06C1FFA85
:104F100089FAFEF729FE00EB09081FFA88F8EDF779
:104F2000A1FA60B1EDF79EFA414602462046FFF72E
:104F300092FA054668B1284602B0BDE8F087FB78D2
:104F4000002BEFD0204603F06CFE0028EAD112259A
:104F5000F1E7042EFBD0032E10D0B9F1000FF6D0EC
:104F60002046DFF7F9F938B10C25E4E704220EE01A
:104F70004225E0E70725DEE7012E0CD1204603F0AD
:104F80006AFE0028F2D1012E0CBF06220522E16C38
:104F90006846DCF7AFFF53467A680021E06CFEF705
:104FA00042FD0028E6D0023E012EC4D84246002130
:104FB000E06CFEF768FDBEE713B50446EAF754F966
:104FC0004FF440736846ADF8003000238DF802308E
:104FD00014F8013B8DF803300194FFF780FF02B015
:104FE00010BD13B504460020EDF736FAE378FB2B2D
:104FF00013D82278043468468DF803308DF80020E9
:1050000014F8022C8DF8022014F8032C01948DF86A
:105010000120FFF764FF02B010BD1220FBE710B5BE
:1050200004460020EDF718FADCF74CFF2080002042
:1050300010BD10B504460020EDF70EFA0320DCF792
:1050400079FD2070002010BD73B504460020EDF7F7
:1050500003FA6378F3B10025EBB203219E0004EB61
:1050600083039878DCF7E6FD40B32378012B0AD15F
:10507000B11C2144EAF74EFC38B901356278EBB235
:105080009A42E9D801E013B1122002B070BDFFF7D7
:1050900006FAF1E72378002BF6D1CDE9003303239C
:1050A0008DF806306846DCF7FFFD08B10020ECE71C
:1050B0000098FFF7F4F90028F4D0E6E74220E4E78F
:1050C0002DE9FF41064603210078DCF7B3FD0746D2
:1050D000002800F0888004213078DCF7ABFD04461E
:1050E00068B906213078DCF7A5FD044618B90C2014
:1050F00004B0BDE8F08190F8BD30002BF7D1737893
:10510000042B17D104F1400004F075FB08B91220FC
:10511000EEE7A068FEF733FD0028F8D0B378002B47
:10512000F5D17378033B012BF1D87378012B0ED1A5
:1051300002220FE0B278002AF3D0033B012BF4D90E
:1051400004F1400004F057FB0028EED0CFE7032B1A
:1051500004D10122A16802A8DCF7CCFE7378042BED
:105160003DD0B378F21C0121A068FEF75CFC00285A
:105170003BD0A068FEF7EDFCE28D804694F830004D
:1051800094F834104FF6FF7301F0FF0579BB9A4293
:1051900094F8351012D0002814BF3B2523257B79C5
:1051A000414600952046226F04F03EF9024648B978
:1051B000A0680121FEF767FC452099E7002918BF88
:1051C0000925ECE77B7923747378023B012B04D823
:1051D00042460121A068FEF756FC002088E72046E1
:1051E00004F030F9F9E7422082E7072080E79A428D
:1051F000D1D10925D3E708B5E2F7EAF9002818BFAD
:105200000C2008BD38B5052105460088DCF712FDE5
:1052100088B1503004F0CCFB044620B141F6DE6189
:105220003920DBF75DFC05212888DCF719FD18B172
:1052300041F6DF61F4E74224204638BD10B504464C
:10524000E2F7F0F938B92146E27911F8010BBDE82F
:105250001040DCF709BF0C2010BD10B50446E2F782
:10526000E1F950B92146E27911F8010BFEF7B9FCDA
:10527000002814BF0020422010BD0C20FCE710B510
:10528000E2F7D0F9044618B9DCF7D0FE204610BD8D
:105290000C20FCE710B50446DCF7C2FE20700020AD
:1052A00010BD10B5052104460088DCF7C3FC48B1E9
:1052B000A378C3F30003C374A378C3F34003037557
:1052C000002010BD4220FCE7038810B50B80044687
:1052D00005218088DCF7AEFC88B10721A088DCF7C7
:1052E000A9FC034620B190F83530003B18BF0123DC
:1052F000A28861882088BDE81040EAF7CFB9422033
:1053000010BD038870B50B80044604210079DCF7DA
:1053100091FCB0B906212079DCF78CFC98B190F8AB
:10532000BD30002B14BF03250225403004F063FA82
:1053300058B12B46227961882088BDE87040EAF791
:10534000ADB90225F1E7422070BD0C20FCE710B595
:105350000446008808800F2180B2DCF76BFC014610
:1053600020B1A01CBDE81040FEF75FBE022010BDBA
:1053700038B5032105460078DCF75CFC0446A0B193
:10538000DEF7EAFF28B92046691C03F018FC00206C
:1053900038BD204603F045FC08B10C20F8E7204654
:1053A00003F03BFC0028F8D1EDE74220F0E708B518
:1053B0001A20EDF75DF8BDE80840F3F735BF08B5F2
:1053C0001A20EDF755F8BDE80840F2F72FBA07B5F7
:1053D0000088694601F03EFC28B9684605F016F8D9
:1053E00003B05DF804FB0220FAE713B50446E9F7C1
:1053F0003BFF684614F8013B8DF803304FF44073CF
:105400000194ADF8003000238DF80230FFF7D1FC95
:1054100002B010BD13B504460020EDF71DF8E37887
:10542000FB2B13D82278043468468DF803308DF8AE
:10543000002014F8022C8DF8022014F8032C01949B
:105440008DF80120FFF7B5FC02B010BD1220FBE77C
:1054500073B50546E9F708FF04462B7863B10023CE
:105460000DF1010101208DF80030EDF73DF918B183
:105470006846FFF77DFFA0B9002620468DF8006042
:1054800003F0D7FBB0428DF8036014BF802333468E
:10549000ADF801302B78012B05D169462046EAF79B
:1054A00039FA02B070BD1BB92046FEF7F8FFF8E7E5
:1054B0001220F6E710B5022104460088DCF7BAFB9B
:1054C00020B1A11CBDE81040F2F712B9022010BDB6
:1054D00008B502210088DCF7ADFB20B10021BDE852
:1054E0000840F2F705B9022008BD37B504460D465D
:1054F00000880921DCF79EFB18B10C23184603B085
:1055000030BD0B212088DCF795FB0028F5D10C215C
:105510002088DCF78FFB0028EFD16946208801F056
:1055200099FB03460028E9D16846FEF744FD22882E
:105530002A80828F6A80E1E7F7B504460D4600882D
:105540000921DCF777FB18B10C23184603B0F0BD36
:105550000B212088DCF76EFB0028F5D10C21208878
:10556000DCF768FB0028EFD1238898B22B80638892
:105570000BB91223E9E7694601F06CFB03460028EA
:10558000E3D16846FEF713FD6488024642F21070CC
:10559000A1B2D5694143508E6843958C05FB00004C
:1055A0008142E6D301391F466846FEF704FDD569FE
:1055B00047636E18B6FBF5F68663D669AE42F6D140
:1055C0008487C2E713B500880C460880694680B21C
:1055D00001F040FB034620B96846FEF7ECFC427B35
:1055E000A270184602B010BD10B50C460221DCF7BF
:1055F00021FB88B1022C11D804F00103C4F340044C
:1056000080F8153280F8144223B190F812323BB181
:10561000DEF7CAFC002010BD0220FCE71220FAE7EA
:105620001846F8E710B504460078FF280AD0032191
:10563000DCF700FB58B16378A27843EA0223C38405
:10564000002010BDB4F80100DEF78CFEF8E7422020
:10565000F7E710B504460078003818BF0120E4F7DA
:1056600099FC2078003818BF0120DEF75DFC00208F
:1056700010BD10B50446ECF7F5FE50B1E9F7F4FDA6
:105680006178C1F3400201F0010103F00FFB00203B
:1056900010BD03212078DCF7CDFA0028F0D142209C
:1056A000F6E72DE9F84F03780546013B1E2B02D99A
:1056B0001220BDE8F88FECF7F7FEC80701D40C20E4
:1056C000F7E728780023D9B2884210D800274FF690
:1056D000FF782B78FEB2B3421DD84FF00008C146C8
:1056E0002B785FFA88FA534547D80020E1E705EBAD
:1056F0008302B2F801600022D4B2A04201D8013383
:10570000E1E78C4205D005EB8204B4F80140B442D5
:10571000CED00132F0E705EB86060021B6F8030093
:10572000DCF788FA044608B90220C2E790F886320E
:10573000EBB990F8A430D3B990F8A330BBB90921E4
:10574000B6F80100DCF776FA0028EDD0D4F88832FC
:10575000002BB4D1B0F8AC3143457CD194F8F5308E
:10576000190702D4FF2384F853310137B1E705F05C
:1057700034FF0028E3D125209BE705EB8A0A0921A5
:10578000BAF80100DCF756FA08210446B0F8AE0179
:10579000DCF750FA07460021BAF80300DCF74AFAB2
:1057A000064627B942F649013920DBF799F910B9C5
:1057B00042F64A01F8E70123204687F86830E5F70A
:1057C00029FEEFF3108372B6D6F83821C4F81522FB
:1057D00004F21522C6F8382103B962B607F1200B8E
:1057E000584604F008F808BB7B6F13B16FF40472DD
:1057F000134400221BB962B942F67A01D4E7D3F808
:10580000111283F8C89121B11A466FF40473CB18B2
:10581000F0E70122584684F8C821396901F23A219B
:10582000F4F7DAF828B142F6AA01BDE7012384F8BB
:10583000C831FEF70FFBBAF80330C4F8B80104F220
:10584000192424F86D3C08F10108D6F88832236049
:10585000C6F8884244E70B202BE738B500784FF6AE
:10586000FF750870E6F75CF9A84204461CD00821D1
:10587000DCF7E0F920B942F6CF013920DBF730F947
:10588000436F4BB16FF404721344B3F8AC21AA42D6
:105890000CD1D3F81132F4E708212046DCF7E0F907
:1058A00018B142F6DD01E8E7022038BD0C20FCE724
:1058B00000210088FEF71ABE70B543780546012B1B
:1058C00001D9112026E00378262B24D02F2B27D0B6
:1058D000202BF6D1ECF7E8FD0446ECF7E5FD010FCF
:1058E00041EA547101F001016B78012B01D10029CB
:1058F000E7D00020FDF7A4FF06460220FDF7A0FF39
:10590000044696B988B96B782878012B0AD1ECF750
:10591000AFFD204670BDECF7C7FDC1F34011E3E7D2
:105920000021E1E7ECF7B2FDF3E70C20F2E7038892
:1059300073B5064698B20C460B80B0F5706F2DD249
:1059400001A9E5F7EBFB694605463088E5F702FC5F
:1059500080B9009BD3F8C020C4F80220D3F8C4203B
:10596000C4F80620D3F8C820D3F8CC30C4F80A20F5
:10597000C4F80E3065B9019B5A6EC4F812209A6EB5
:10598000DB6EC4F81620C4F81A30284602B070BD89
:10599000022D05D1022818BF0025F6E71225F4E7ED
:1059A0000025F2E7038813B5044698B20B80B0F5E2
:1059B000706F19D2A378022B16D801A9E5F7AEFBB8
:1059C00018B9019BDA7D12B9112002B010BD93F80D
:1059D00028305BB90198A178838A032B01D800296C
:1059E000F2D104F06AFEF0E71220EEE70C20ECE7BB
:1059F000038813B598B20C460B80B0F5706F13D2C4
:105A000001A9E5F78BFB68B9019B93F84D306BB1A9
:105A1000019B1A6CC4F802205A6C9B6CC4F80620D7
:105A2000C4F80A3002B010BD1220FBE71120F9E7DC
:105A300010B50446F1F7EEFE40F27123B0FBF3F02F
:105A40002080002010BD02884BF23F5108B5531E44
:105A50009BB28B4206D840F271205043F1F7E0FE32
:105A6000002008BD1220FCE7038873B5054698B2F4
:105A70000B800023B0F5706F0C468B70CB700B71F0
:105A80004B718B71CB710B724B728B72CB720B7330
:105A90004B733BD26946E5F75DFB01A906462888B2
:105AA000E5F73CFB054610B146B1022015E02EB1EA
:105AB0000023019AAAB942F6FD1103E0009B23B925
:105AC00042F6F3113920DBF70BF893F85030FBB1B5
:105AD0000098F9F7FBF815B1002002B070BD012362
:105AE000E7E792F84D206AB1019804F0E4FD019BCC
:105AF0001A6CC4F802205A6C9B6CC4F80620C4F8D7
:105B00000A30E9E7002BE7D11120E6E71220E4E7AD
:105B1000002DF9D1CCE737B504460D46B0F8AE01FB
:105B20000821DCF787F820B942F612213920DAF78C
:105B3000D7FF5DB194F8D03004F1B402003B18BF38
:105B40000123D27A52B90C2003B030BD94F828302A
:105B500004F10C02003B18BF0123F2E7002BF2D145
:105B600003784BB1B4F8B03165B92046238103B056
:105B7000BDE83040F8F74CBC203003F03CFE002874
:105B8000F0D1E0E7A4F8B030002104F1B000D4E98E
:105B900031230193B3FBF2F3DBB2013B5343009398
:105BA000D4E97A23F9F750F8CEE773B504460D46E9
:105BB00090F8FC000A21DCF73DF8064620B942F6D1
:105BC0004A213920DAF78CFF90F83030032B03D1CB
:105BD00085B90C2002B070BD022B09D1002DF8D17F
:105BE00094F8283004F10C02003B18BF012307E0B1
:105BF000002DF5D094F82030221D003B18BF012362
:105C0000D27A002AE5D0002BE3D106F1C00003F0E0
:105C1000F2FD0028DDD0B4F8FA30C5B1238030465B
:105C2000D4E90535B5FBF3F5EDB204F014FAA36938
:105C300000FB0555014601932046013D6369ADB265
:105C40005D430095D6E90A23F8F7FEFFC2E7204638
:105C5000238102B0BDE87040F8F7DABB38B50446DE
:105C60000D4662B390F828300BB90C2038BD90F87F
:105C70004D30002BF9D141B194F8D030002BF4D045
:105C800094F80031002BF0D1A2B10821B4F8AE0194
:105C9000DBF7D0FF20B94FF42B513920DAF720FF82
:105CA000203003F0A8FD0146204604F05CFD0DB94C
:105CB0000020DBE704F1B000F9F708F8F8E7002965
:105CC000DAD1F5E770B504460D4690F8FC000A21DC
:105CD0001646DBF7AFFF20B942F6D0213920DAF7BC
:105CE000FFFE2EB394F828300BB90C2070BD94F849
:105CF0004D30002BF9D190F83030022BF5D165B141
:105D000094F82030002BF0D094F85030002BECD1D8
:105D100090F83030032BE8D136B10121204604F051
:105D200022FD0DB90020E1E72046F8F7CFFFF9E7A3
:105D3000002DE5D1F6E7038870B5054698B20B80D3
:105D4000B0F5706F24D2AC78631E022B20D80921E5
:105D500004F00106C4F34004DBF76CFF28B12246CF
:105D60003146BDE87040FFF779BF0B212888DBF78B
:105D700061FF28B122463146BDE87040FFF7A2BF5F
:105D80000C212888DBF756FF0028F3D1022000E021
:105D9000122070BD0388F0B5054698B287B00B801D
:105DA000B0F5706F60D2AB78022B5DD80C21DBF7B9
:105DB00041FF00285AD109212888DBF73BFF044620
:105DC0000B212888DBF736FF07463CB320B142F6AB
:105DD0004B313920DAF784FE0821B4F8AE01DBF745
:105DE00029FF10B942F65031F3E7D0E902320178C9
:105DF000002918BF1A464168AB780493B1FBF2F34F
:105E0000DBB2013B5343CDE90273D4E97A67CDE9B4
:105E100000672888FEF7E3F907B0F0BD40B30A2118
:105E200090F8FC00DBF706FF064610B942F6643135
:105E3000CFE7C36DD0F8F040B4FBF3F4E4B204F064
:105E40000AF9AB7800FB04440493013C7B69A4B2DB
:105E5000A4FB0343CDE90204D6E90A23CDE90023DC
:105E6000F26DD6F8F010D4E71220D5E70C20D3E776
:105E70000220D1E713B500880C46088001A980B242
:105E8000E5F768F998B9019B93F820209989D2B277
:105E900079B172B1D3E920120A430AD0B3F8902045
:105EA000D3F88830628020726072A072636002B0A2
:105EB00010BD0C20FBE713B500880C46088001A933
:105EC00080B2E5F747F960B9019B93F820209989E2
:105ED000D2B241B13AB1B3F89020D3F888306280A1
:105EE000636002B010BD0C20FBE72DE9FF47C378CB
:105EF0000446012B05D94FF01208404604B0BDE816
:105F0000F087002B4CD1237D1F2BF4D8B4F815302B
:105F100043F6F6720A3B9BB29342ECD82378EF2B00
:105F2000E9D8B4F80130B3F5706FE4D2E17D4B1ECF
:105F30001E2BE0D86FF0170504F1180200232D1B6B
:105F4000184612F8013B5E1E1E2ED4D88342D2D9C9
:105F5000A8188142F4DCF5F785FCFF283BD1052128
:105F6000B4F80100DBF766FE0646002800F0CC809E
:105F7000437E002B40F0C88000F10C05CDE90233D0
:105F80000A238DF80E3002A8DBF78EFE78B10C20C4
:105F9000FDF765FCE37D834220D94FF00D08ACE7A7
:105FA00005F01BFB0028AED14FF02508A5E70298AD
:105FB00090F83030022BE6D190F89820B37A9A42CC
:105FC000E1D100F19A012B46F27A90F8990000F0A5
:105FD000F1FD0028D7D04FF00C088EE70A21207879
:105FE000DBF728FE0028F6D10A212078DBF7E4FD54
:105FF00005460028D1D003F06AFF022342F2107256
:1060000085F83030B4F815305343C5F8FC302378A8
:1060100085F83130E37D2344DB7D85F83330237E02
:1060200085F83430237D85F83530E378002B14BFB4
:106030000123002385F84F30B37A85F89830F37A3E
:1060400085F8993096F8923085F80231F368C5F8F2
:106050009A30338AA5F89E300AD0231D05F1380204
:1060600004F1140153F8040B8B4242F8040BF9D1EC
:1060700005F1C000F3F7AAFC804658B10A21207848
:10608000DBF7EEFD00283FF438AF42F668413920D7
:10609000DAF726FD94F8179004F1190A09F1FF398F
:1060A0004FFA89F919F0800F06D02078F5F7D0FB68
:1060B000FF2386F8393020E70C210DF10600DBF7CD
:1060C00043FD09F1FF39074610B942F67141DEE799
:1060D00004F006F8384604F002FBBDF8063007F578
:1060E000807727F8063C1AF8093007F8083C95F83D
:1060F0004F3007F80C3C237807F8043CD5F8903073
:106100003B60C5F89070CDE74FF04208F5E637B533
:106110000446007808700A21DBF78CFD0546B8B309
:1061200090F83030022B35D1F5F79CFBFF2825D0B5
:106130000023CDE9003305238DF806306846DBF7F0
:10614000B3FD30B9009B93F83920002AF6D083F8CC
:106150003900FF20F5F77CFB05F1C00003F028FCB7
:10616000044620B142F6A8413920DAF7B9FC4421AF
:106170002846F5F77DFB204603B030BD20780A2184
:10618000DBF76EFD04460028F5D042F6B041EBE7A0
:106190004224F0E70C24EEE710B50A21044600780B
:1061A000DBF748FD034690B190F83020032A01D078
:1061B0000C2010BD827D022AFAD0827E02F0FF0000
:1061C000002AF5D16278DA76FF229A76F1E742204A
:1061D000EFE708B50120EDF7A9FABDE80840F3F7AD
:1061E00035B80820ECF744B90B20ECF741B903F0BF
:1061F00067B802F013BF08B5C3780246013BD8B2B6
:10620000042801D9FE2806D11378042B03D1E3F723
:1062100045F8002008BD1220FCE710B5044604B97B
:1062200010BD236898476468F9E703680BB90160FB
:1062300070471A465B6813B18A42FAD170478A42A6
:1062400018BF5160704708B5E3F7A2FEE9F792FC6A
:10625000E0F772FEBDE80840E4F746B808B5FE2056
:10626000E3F71CF8BDE80840FFF7EDBF002307B5D2
:10627000CDE9003305238DF806306846DBF714FDC1
:1062800028B103F085FC68B140F2DD1107E0009809
:10629000503003F08DFB0028EFD04FF4ED7101205A
:1062A000DAF71EFC0520FDF7EFFADBF7BFFE03B0BF
:1062B0005DF804FB08B5F3F7B7FEE0F7FBFEBDE8B9
:1062C0000840E9F74DBAF8F721BB002313B5CDE933
:1062D000003308238DF806306846DBF7E5FC58B13B
:1062E0000920FDF7D1FA0820FDF7CEFAE5F7D0FB3B
:1062F00078B14FF40A7107E0009C04F1200003F02C
:1063000057FB20B140F21B210120DAF7E9FB60675F
:10631000E2E702B010BD08B5DDF7A0FCEFF794FC92
:1063200020B14FF495710120DAF7DAFB0320BDE8C4
:106330000840FDF7A9BA08B50220FDF7A5FA00202C
:10634000FDF7A2FADBF74CFDECF736F9DCF736FA8D
:1063500020B14FF485710120DAF7C2FB08BDFFF7C9
:10636000EABF08B5FFF7D7FFF0F722FC20B140F2F3
:106370003F110120DAF7B4FB08BD08B5FFF76EFF47
:1063800002F09AFF20B14FF4C6710120DAF7A8FBA2
:1063900008BD002307B5CDE9003304238DF806308E
:1063A0006846DBF781FC38B102F0DBFF48B14FF4FF
:1063B000E3710120DAF794FB0098403003F0F8FA1B
:1063C000EEE70420FDF760FA03B05DF804FB08B5C2
:1063D0000A20FDF759FA0B20FDF756FA0C20FDF7BD
:1063E00053FA03F072FD20B140F233210120DAF7B5
:1063F00077FB08BDFFF79FBF08B5E0F753FEEBF74B
:1064000089FEEBF7D5FE02F059FFBDE80840EDF735
:106410009BB810B5C378044691B163B90388012BCA
:1064200001D95B082380EDF78DF92388B0FBF3F2E7
:1064300002FB1300A070E37883F00103E37010BD4A
:10644000002BF8D10388FE2BEDD85B009BB2FF2B0D
:1064500088BFFF23E6E783780BB1013B8370807828
:10646000B0FA80F0400970470123038040F2011325
:106470004380704705F085B80B46152203F8032BBF
:10648000D0F80920C1F80320427B1A717047012817
:1064900004D1012914BF002001207047022801D136
:1064A0000229F7E7042801D10429F3E70020704707
:1064B00030B585B004460D46ECF7D8FE80B36FF4D6
:1064C000C87302A91C442088ADF8000000F0C2FB8C
:1064D00018B12E217E20DAF703FB039B02216846C8
:1064E00093F878208DF8022093F87920B3F87A3069
:1064F0008DF80320ADF80430FEF739F808B14421D7
:10650000E8E78DF808009DF808308DF809000020B4
:1065100063F307009DF8093063F30F2005B030BD29
:106520002E232B70D4F80930C5F8033004238DF8DE
:106530000830E8E708B5436893F89E201AB1852132
:106540007E20DAF7CDFA212283F89E2008BD03468B
:1065500010F0010005D19A0702D403F0040070473F
:106560000220704730B5C1F3072285B0CCB2C0F32A
:106570000723C5B2019011462046FFF788FF20B9D6
:1065800019462846FFF783FFF0B12B40234002EA6B
:1065900003010B4688071BD411F0010201D101F061
:1065A0000402990716D413F0010001D103F004008E
:1065B000042A04D1BDF80630012B08BF0322D2B251
:1065C00042EA002005B030BD05EA02012340E1E7C0
:1065D0000222E6E70220EBE72DE9F84F894605465F
:1065E0000846904601F0E9F88246484601F0E9F88D
:1065F0008346FFF7ACFF06465046FFF7A8FF46EA82
:1066000000070446FFB2003F18BF0127EBF752FF17
:1066100000EA0B00C0B2002808BF0026EBF74AFFD3
:1066200000EA0A0095F87C20C0B2002808BF0024C8
:10663000B24214BF3346002388F8003095F87D201D
:10664000A24208BF0024234388F801400CD14846E9
:1066500001F0BDF8B5F89830DB43184447F6FD73F8
:1066600080B2984288BF0027BEB995F87C00E8F751
:10667000DBFD03280ED195F84C31012B0AD1B5F87A
:10668000502195F87C30012A09D1032B09D003232E
:1066900088F800303846BDE8F88F042EEAE7042B6E
:1066A000F8D00423F4E7042905D101280CD10321F3
:1066B000138051807047032906D1012804D004219A
:1066C000012013805180704700207047012806D0B8
:1066D000022804D0033801288CBF00200420704712
:1066E0007FB54468CDE900211146019894F87C609B
:1066F00094F87D50FFF736FFC3B2C0F307209E42E7
:1067000008BF0023854208BF002084F8423284F885
:10671000430204B070BDF7B5446806460F4694F8CE
:106720009F50002D65D194F89E30253B022B2DD92A
:1067300001A8EBF78DFFE8B1019B0DF10301DB78B8
:106740008DF803300DF10203162294F89E0001F03B
:106750007DFB88B19DF802201621304601F061FBD7
:10676000322384F89F30012384F8E0300023A4F81A
:10677000DE300CE02946E5E7384601F00FF848B96D
:106780003946304601F090FB054600E020252846BA
:1067900003B0F0BD3B7903F0070384F874307B79D4
:1067A00003F0070384F8753094F84D31DBB994F8A1
:1067B0004C31012B17D094F87D3094F87420D91EF9
:1067C000012998BF04239A420FD194F87C30DA1E35
:1067D000012A94F8752098BF04239A4205D1736862
:1067E000022283F84C212323BBE73046EBF7AEFEB1
:1067F000F9E70125CBE7F8B5446806460F4694F85B
:106800009F50A5F12103062B47D92F2D45D0002DF0
:1068100041D194F89E30262B3FD0084600F0BEFFB1
:1068200028B939463046BDE8F84001F029BB7B79EC
:1068300003F0070384F875303B7903F0070384F80D
:10684000743094F84D31D3B994F84C31012B16D0F3
:1068500094F87D3094F87420D91E012998BF042340
:106860009A4214D194F87C30DA1E012A94F87520EB
:1068700098BF04239A420AD1022384F84C3123237F
:10688000304684F89F3001F0B3FA2846F8BD304610
:10689000EBF75CFEF3E70125F7E72025F5E7436812
:1068A00037B593F89E3004460D46212B26D1084675
:1068B00000F07FFF616868B9A1F8420263680122B5
:1068C000002083F8DC202522A3F8D80083F89E203E
:1068D00003B030BD2A7900206B7902F00702ADF8D1
:1068E000060003F00703D1F84E118DF8042020466E
:1068F0008DF80530019AFFF7F3FEDFE70120E7E7A7
:106900002DE9F743456804460F4695F89F3095F802
:106910009E80242B2CD19F35384600F05AFF00284A
:106920004DD0384600F049FF8146384600F049FF17
:106930000146FFF70CFE666848B396F87C30984233
:1069400025D096F84C21012A0CBF96F84E2196F8D6
:106950007820114233D0B8F1220F18D096F8752064
:10696000114214D153B940F2F7110620DAF7B8F802
:10697000B8F1220F40F0C3809E35CDE7032B01D044
:10698000032832D1984294BF00200120B8B948466C
:10699000FFF7DDFD00284BD096F87D30834247D0CD
:1069A00096F84C31012B0CBF96F84F3196F87930A0
:1069B00019EA030F14BF01230023002B38D16368A9
:1069C00093F84C21012A19D11E212046EBF7A0FD96
:1069D000B8F1220F20D1FA786368182A83F82921A8
:1069E00010D040F269217E20C0E7042BCAD00428D1
:1069F000C8D098422CBF00200120C7E7002283F8AE
:106A00004C21E5E70A2283F89E2093F8DC30002B26
:106A10003CD140F27121E6E7002320462B7001F0C3
:106A2000F1F93946204603B0BDE8F04301F028BA39
:106A3000304601AA3946FFF7CFFD666880BB96F85D
:106A40004C31012B29D1B6F8983006F5357296F8FD
:106A50007C10B6F85001FFF726FE0646C0B9014685
:106A60002046EBF755FD2E70636803F19F029542B7
:106A700002D1002283F89F20636803F19F029542B0
:106A80004FF0000538D1204601F0BCF9002037E076
:106A90006368282283F89E20E6E786F84C01E3E746
:106AA000384600F094FE6368A6F8D402B3F8D42206
:106AB000B3F89810013A521A47F6FD7192B28A4221
:106AC00006D92822204683F8C120EDF751FAD3E7F2
:106AD00093F89F200E2A02D00B3A012A01D82A22CD
:106AE000F0E79DF8042083F8D6229DF8052083F86E
:106AF000D72226232B70BFE783F8DC50C6E702209D
:106B000003B0BDE8F083436810B593F89F200446B6
:106B1000B3F84212232A15D181B983F89F1093F854
:106B20004C31012B01D1EBF7F3FC6368002283F8B1
:106B30004C216368002283F8E02010BD262283F8F0
:106B40009F20F6E793F89E20252A0DD141B983F8BE
:106B50009E10EBF7DDFC6368002283F8DC20ECE795
:106B6000262283F89E20F6E740F27D317E20D9F779
:106B7000B7FF08B5436893F89F20232A05D022B1B8
:106B80004FF461717E20D9F7ABFF242283F89F2058
:106B900008BDFF23437100230371036043717047F5
:106BA00043791BB903680BB101221A607047EBF7F8
:106BB00003BD704730B542400C7818785D7844408A
:106BC000487868409D78044488786840DD780444BB
:106BD000C87868401D795B79044408794979684030
:106BE0004B4004442344D3420CBF0120002030BD5D
:106BF000034600200139C9B2FF2900D170475A5C11
:106C000082F001021044C0B2F4E708B5EBF792FD40
:106C1000082807D0EBF7B0FD082803D0EBF7C0FD3C
:106C2000012008BD0020FCE708B5EBF783FD08282C
:106C300003D0BDE80840EBF79FBD08BD08B5F5F7E8
:106C4000BFFD18B1BDE80840F5F7F0BD082008BD4C
:106C5000F5F7B6BD70B50D4600210646DAF7EAFF36
:106C60000446686010B10020287070BD02213046D3
:106C7000DAF7E0FF686018B1012320462B70F4E7D3
:106C80000220F2E770B5047934F01F040ED1461EDD
:106C9000051D16F8010F01F068F80444AE42E4B295
:106CA000F7D1012C94BF0020012070BD0020FCE72B
:106CB00001440023884203D1B3FA83F040097047AE
:106CC00010F8012B1343F5E7F8B505460C46D0E95B
:106CD0000476FAF7C5F820B94FF481712920D9F765
:106CE000FFFEF4B1D5E90431DA1B61EB0603012A9A
:106CF00073F100014FF0000115DB6FF001009042CD
:106D000071EB030302DA4FF48671E7E7631E134465
:106D1000B3FBF4F35C43E41946F10006C5E904460D
:106D20001C462046F8BD0C46FBE7CB1E012B0FD8B6
:106D3000032915BF4FF4167396234022102203F542
:106D4000BC73984212D9C01A90FBF2F080B270471F
:106D5000022905D13C2809D93C38C0F38F0070477F
:106D6000702803D97038C0F3CF00704700207047F7
:106D700003460868986770470229024608B515D08F
:106D800006D801290AD040F27D112920D9F7A8FEA2
:106D900003390129F7D840F6A66008BD40F6C413B0
:106DA00040F2E240002A18BF1846F6E740F6C41049
:106DB000F3E76FF4B37C6044884294BF091A491A20
:106DC0001868012900EB5100186098BF0020136873
:106DD00088BF0120A3EB51031360704708B5F6F795
:106DE00081F9BDE80840ECF74DB9C3B293FAA3F3BB
:106DF000000A90FAA0F01B0E000E43EA0020704734
:106E00000131821DF8B5C9B20023012512F8010B2A
:106E1000884216D312F8066C002405FA04F7E0B293
:106E200037421CBF01F1FF31C9B269B10134082CEE
:106E3000F3D10133DBB2052BE8D199214620D9F7F4
:106E40004FFE091AC9B2F4E700EBC300C0B2F8BDA7
:106E50000B6870B5C0F8013004460B79451C861DDF
:106E600003F01F0343710023C37215F8010B00F0F8
:106E70007CFF2871B542E37A1844E072F5D170BD09
:106E800081EA114189B270B50446C57A032682EAC7
:106E90000100FFF7AAFF013E00EB001016F0FF060D
:106EA00001EB000290B2F4D141402522B1FBF2F394
:106EB00002FB1313C3F3C402D8B203F00703224446
:106EC0005678012202FA03F31E4207D16943204695
:106ED000C1F30741BDE87040FFF792BF70BDF8B540
:106EE00090F8215004466B1E242B56D8002A56D009
:106EF000807D18B1012846D01F2019E094F8231096
:106F0000012694F8223002FB03132522B3FBF2F191
:106F100002FB1133DBB204EBD30284F82330D17DC2
:106F200003F0070206FA02F2114202D084F824307C
:106F3000F8BDB3FBF5F205FB123304F11C01024668
:106F40000133D8B211F8013B834219D311F8067C02
:106F5000002306FA03FCDDB21CEA070F1CBF00F198
:106F6000FF30C0B220B905EBC20284F82420DFE76D
:106F70000133082BEDD10132D2B2052AE2D1BBE7B1
:106F8000C01AC0B2F7E7228904F11600096AFFF7B8
:106F900077FF84F824000020CAE71220C8E71046D3
:106FA000C6E72DE9F04105469DF8180082EA124235
:106FB0000E460128E97A94B240D183EA04000327FF
:106FC000FFF713FF7B1E00EB001013F0FF072044B8
:106FD00080B2F5D1444025233080B4FBF3FC03FBA1
:106FE0001C4CCCF3C4031FFA8CF25FFA8CF80CF043
:106FF000070C2B445878012303FA0CFC10EA0C0F01
:1070000013D01F2AD5F80100697950D89340013B6D
:107010000F40184000F074FE0446384600F0A5FE0C
:1070200004444046B470BDE8F0814C432414B4706D
:10703000B1782846BDE8F041FFF7E2BE0829B778ED
:1070400027D84B1FA1F10A0202EBD27252109A42CA
:107050001046B8BF1846012825DD9A421DDD2129BA
:1070600023D8D2B23088FFF7C0FE00EB0010A1EBAE
:1070700042033A44204480B24440308003FB04443D
:1070800002EB2442D2B2B2FBF1F301FB1322B27045
:10709000CEE7212909D80323D4E708290A4628BFC7
:1070A0000822053ADDE70122DCE70B22DAE7203A85
:1070B0009340013BDFB24FF0FF33A9E7034612EAEA
:1070C000010003D013F03F0018BF01207047407843
:1070D00070470B68C0F803308B88A0F80730704702
:1070E000D0F803300B60B0F807308B8070470B6826
:1070F000C0F809308B88A0F80D30704703788901FB
:1071000023F0400301F040010B4303707047007807
:10711000C0F380107047037803F07F0343EAC11384
:10712000037070470078C00970471F2A38B50546BC
:10713000144603D9BF212A20D9F7D2FC06340930DE
:10714000FBF780FB6C7038BD1F2A38B50546144626
:1071500003D9E1212A20D9F7C3FC06340930FBF713
:1071600071FB6C7038BD30B50378024603F00F0335
:10717000032B40D0052B1FD1C37F90F82000034381
:1071800092F82100034392F82200034392F823006F
:1071900020F01F0018432DD05378222B0CD1B2F8C9
:1071A0001930B2F81740907D41B1B3F5506F05D951
:1071B00040F607518B420ED900201BE0991F40F684
:1071C0007A4589B2A942F7D8411E0729F4D88342EB
:1071D000F2D9A342F0D3B2F81B30B3F5FA7FEBD269
:1071E000B2F81D0040F676430A3880B298428CBF50
:1071F0000020012030BD4078A0F10C0358425841D6
:10720000F8E72DE9F04190F8038005460E4618F0A6
:107210003F0700F09180072900F28E80DFE801F03F
:1072200004101A242E38424C017901224046FFF7FF
:1072300045FF00280CBF344605242046BDE8F081F8
:10724000017902224046FFF739FF04460028F4D0B6
:10725000052462E0017904224046FFF72FFF04462F
:107260000028EAD0052450E0017908224046FFF7C3
:1072700025FF04460028E0D005243EE001791022D5
:107280004046FFF71BFF04460028D6D005242CE01B
:10729000017920224046FFF711FF04460028CCD098
:1072A00034461AE0017940224046FFF707FF0446C2
:1072B0000028C2D0052408E0017940224046FFF7AB
:1072C000FDFE00280CBF0524062420222979404613
:1072D000FFF7F4FE08B11234E4B2102229794046D7
:1072E000FFF7ECFE08B10334E4B2082229794046E6
:1072F000FFF7E4FE08B10234E4B2042229794046E3
:10730000FFF7DCFE08B10134E4B2022229794046DD
:10731000FFF7D4FE08B10634E4B2012229794046D1
:10732000FFF7CCFE08B10634E4B2072E85D1231F47
:107330009F42B8BF002480E700247EE770B50C466A
:10734000064611461D4624B940F2E9212A20D9F704
:10735000C7FBFFF756FF10B940F2EA21F6E7031F1B
:107360002B443F2B02DD40F2EB21EFE72A4621467A
:107370003044BDE87040FBF765BA10B50446FFF72E
:1073800040FF00B1204410BDC07800F03F007047BE
:10739000C37803F03F0343EA8113C3707047C1F31E
:1073A000800330B5C1F38014C1F340052344C1F319
:1073B000001404EB44042344C1F3401404EBC4045C
:1073C00003EB4403C1F300042C44C1F3C005134490
:1073D00004EB44042C4403EB440313F0FF031CBFF1
:1073E00001330171C17818BFDBB221F03F0103F016
:1073F0003F042143C170591C41701AB104339B1AD8
:10740000013AC25430BD70B5C4780646154604F042
:107410003F041319FE2B04DD40F247312A20D9F72F
:107420005FFB0135201D2C443044FBF70BFA7470D0
:1074300070BD4378C078013B00F03F00181AC0B21D
:107440007047F8B50E4619460746FFF7F2FF451A92
:10745000ECB2944228BF14464EB1FA78304602F09E
:107460003F020432114422463944FBF7EBF920462F
:10747000F8BD2DE9F047C678012201793046FFF7C3
:107480001DFE022205463046FFF718FE20228246E6
:107490003046FFF713FE082207463046FFF70EFE80
:1074A000102281463046FFF709FE0422044630468A
:1074B000FFF704FE402280463046FFF7FFFD05EB54
:1074C0000A0307EBC707404404EB44044F4403EBB3
:1074D000430320443B4400EB430010F0FF001CBF7B
:1074E0000130C0B2BDE8F08738B5C5780446AB09B5
:1074F000032B1ED005F03F054378AB4219D9FFF7A7
:10750000B8FFA84215D895B12379DB060FD5042121
:107510002046FFF732FF48B1037803F03F03242BE6
:1075200007D880785F288CBF0020012038BD01205B
:10753000FCE70020FAE70278437802F00F02072AFE
:1075400012D8DFE802F0080408111111080E0C3BF4
:10755000584258417047063B1F2B8CBF002001202A
:1075600070470BB1FFF7C0BF00207047027802F0F0
:107570000F02072A0AD0082A0AD0042A0ED140781E
:1075800006381F288CBF002001207047FFF7ACBFD2
:107590004078A0F10E0358425841704700207047D0
:1075A00040787047037801F0030123F003030B4395
:1075B00003707047007800F00300704703784901BA
:1075C00023F0200301F020010B43037070470B7878
:1075D000837070471B2A08B504D940F252412A2013
:1075E000D9F77EFA42700330BDE80840FBF72AB9AC
:1075F000B0F807007047B0F809007047C172090A77
:1076000001737047B0F80B00704770B5B0F80730E1
:10761000B0F80950B0F805600479B0F80B0091B1EA
:10762000B3F5506F0FD940F60752934218D8B5F50D
:10763000FA7F15D20A3840F6764380B298428CBF62
:107640000020012070BD9A1F40F67A4192B28A4212
:1076500006D8621E072A03D89C4201D29E42E5E763
:107660000020EFE70B6843600B79037270474368B3
:107670000B60037A0B717047B0F80900704700790E
:1076800070470B6843604B688360704743680B60CA
:1076900083684B6070470B888381704783890B80B8
:1076A00070470B68C0F80E304B68C0F81230704756
:1076B000D0F80E300B60D0F812304B6070470B687A
:1076C000C0F816307047D0F816300B607047FFF7DF
:1076D000D8BFFFF7DBBF0B68C3607047C3680B60A0
:1076E0007047007970470171090A417170478171D3
:1076F000090AC17170470172090A417270478172AB
:10770000090AC17270470430704726307047043050
:1077100001F1200351F8042B994240F8042BF9D1D0
:107720000B880380704738B515460446FFF7EFFF16
:107730002B68C4F826306B68C4F82A3038BDC3788B
:1077400003F06003402B10B524D08288052A21D98C
:10775000837AD0F80640C3F3040323431AD0838A04
:10776000CB1A1BB2002BB8BF5B429BB2B3F5804F64
:1077700010D2438AC08A181A00B20028B8BF40420B
:1077800080B2012808D95043B0F57A6FCCBF0020F1
:10779000012010BD0020FCE70120FAE70379024632
:1077A00013F0070004D0507910F0070018BF012033
:1077B0007047FFF7F3BF017170470079704741715F
:1077C0007047407970478171090AC1717047C0885C
:1077D00070470279437902F0070203F00703511E54
:1077E0000A40591E0B4013430CBF01200020704774
:1077F0000171704700797047417170474079704757
:107800000B7803714B7843718B788371CB78C3719C
:107810000B7903724A7910B513020C7902F00F024A
:1078200003F4404344EA022213431B1243728B7950
:107830008372CB7903F00F03C3720B7A03734B7A15
:1078400043738B7A03F00F038373CB7AC3730B7B81
:1078500003744B7B03F00F034374CB898374CB8990
:107860001B0AC3740B8A03750B8A1B0A43758B7C36
:107870008375CB7CC3750B7D03764B7D43768B7D07
:1078800003F0F002C3F3030313438376CB7DC37687
:107890000B7E0377B1F819304377B1F819301B0A22
:1078A0008377CB7EC3770B7F80F820304B7F80F8C7
:1078B00021308B7F80F82230CB7F80F8233091F805
:1078C000203080F82430B1F8213080F82530B1F82C
:1078D00021301B0A80F8263010BD03790B704379E4
:1078E0004B7083798B70C379CB7003890B71C3F3B1
:1078F00003224B7923F00F0313434B7103894A7919
:107900009B0B63F386124A71D2B20389DB0B63F3DC
:10791000C7124A7143898B71C3F30322CB7923F0D9
:107920000F031343CB71837B427B10B5047B4A72F8
:1079300003F00F028B7A0C7223F00F0313438B7248
:10794000027C437CC47BCC720A7303F00F024B7B36
:1079500023F00F0313434B73438ACB81838A0B823B
:10796000837D8B74027E437EC47D4B75CC740A7517
:107970008B7D827E62F303038B75837E8A7D1B0978
:1079800063F307128A75C37ECB75037F0B76B0F85D
:107990001D30A1F8193090F8202090F82130C47FD4
:1079A0000A77CC764B7790F8243090F8232090F823
:1079B0002240CA778C7781F82030B0F82530A1F8C2
:1079C000213010BD0B7803714B7843718B78837134
:1079D000CB78C3710B7903724B794372CB88837276
:1079E000CB881B0AC37270474279837910B504793A
:1079F0004A700C708B70437A027AC4790A71CC7029
:107A00004B714389CB8010BD0B6803710B681B0A57
:107A100043710B681B0C83710B681B0EC3710B79D0
:107A200003724B7943728B798372CB79C3720B7A71
:107A300003734B7A43738B7A8373CB7AC3730B7B59
:107A40000374B1F80D304374B1F80D301B0A837420
:107A50007047436810B50B60427A837A047A4A71A2
:107A60000C718B71027B437BC47A0A72CC714B72AE
:107A7000037CC27B847BCA728C720B73B0F81130AA
:107A8000A1F80D3010BD0B7803714B7843718B78E2
:107A90008371704703790B7043794B7083798B70D6
:107AA0007047FB2908B504D940F2E6712A20D9F7BE
:107AB00017F8417008BD037843B1406890F812325E
:107AC00023B1002380F81232DCF76EBA704708B594
:107AD000017A19B101290DD0002008BD03680221E7
:107AE000C2888088EBF770FB0028F6D1EBF76CFDBD
:107AF0000120F2E70368C288F3E702230B70012339
:107B00008B707047EBF7F0BC0222EBF74BBD032202
:107B1000EBF748BD0422EBF745BD0222EBF774BD3D
:107B20000322EBF771BD0422EBF76EBD14230B703B
:107B30006FF4BA7318440388A1F80330B0F85030DA
:107B4000A1F80530B0F85430A1F80730B0F8523041
:107B5000A1F80930B0F85630A1F80B30704708B5DD
:107B6000CB1E012B04D8800100F5747080B208BDD3
:107B7000012902D10E30C000F8E7022902D10F30EE
:107B80008000F3E740F259210620D8F7A9FF4068AA
:107B90007047033901298CBFC08A4FF429607047B0
:107BA00070B590F87C608D88033E0C89012E04D955
:107BB00043B11678033E012E04D8B5F5296F38BFBE
:107BC0004FF4296590F87D60033E012E04D943B13E
:107BD0005378033B012B04D8B4F5296F38BF4FF419
:107BE0002964CB884A88A0F86830A0F86420A0F8FF
:107BF0006650A0F86A4070BD38B5CB1E0446012B14
:107C000010D9C38B458C9D4228BF1D46207AFFF7B3
:107C1000A6FF6389AB4228BF2B46984238BF18465F
:107C200080B238BD4FF42965F0E72DE9F0410646F2
:107C300090460C46B0F8500011461F46FFF78FFFE4
:107C40000546414606F14400FFF7D6FF8542394616
:107C5000A7F1030728BF0546B6F85800FFF77FFFD6
:107C6000012F0346ADB28CBFB6F85A004FF429601D
:107C7000834228BF0346A01D9BB280B22B44184408
:107C8000BDE8F08110B441F64B51C46990F87D30E5
:107C90008C4294BF4D21962190F87C2010BCFFF7B8
:107CA000C4BF70B541F64B53C6690C4615469E429B
:107CB0008CBF96264D26FFF7E5FF30442844A042AE
:107CC00094BF201A002070BD38B50D460446FFF75A
:107CD000D9FF2844A06438BD006801F19C03984294
:107CE00083BF401A9C38400800207047002803DBFF
:107CF000814204DC08B202E049428142FADC70476A
:107D000000F05533400800F05530034403F033329F
:107D10009B0803F033331A4402F00F33120902F0C8
:107D20000F32134403F0FF101B0A03F0FF13034448
:107D300003EB1343D8B2704745F2555300EA0302F0
:107D400003EA5000104443F2333200EA020302EA2D
:107D500090021A4440F60F7302EA030003EA12137A
:107D6000184400EB1020C0B2704700F055034008E3
:107D700000F05500184400F03303800800F0330091
:107D8000184400F00F0303EB1010704780EA600006
:107D9000FFF7B6BF40F34E039BB25840FFF7CCBF8E
:107DA000034608460BB108B91846704783428BBF9B
:107DB000B3FBF0F2B0FBF3F200FB123303FB120053
:107DC000F0E710B50C4600B119B96F217920D8F74A
:107DD00087FE4443FFF7E4FFB4FBF0F010BD4368B7
:107DE000002283F89E2083F8DC20A3F8D820704777
:107DF00043680022A3F8DE2093F8E020013283F8E4
:107E0000E0207047426808B592F8E030013B5BB271
:107E1000002B82F8E03003DA34214A20D8F760FEE4
:107E200008BD436883F82B1183F82A217047A0F11D
:107E30000B03042B08D9A0F12103062B04D9A0F1D0
:107E40002F0358425841704701207047162A10B539
:107E50000446084612D1A4F10C02032A03D82A22B0
:107E600001201A7010BD212C01D12322F8E700292E
:107E7000F8D00A78012AF2D9162AF6D00020F1E7C4
:107E80004268D2F8903010B513F008040AD143F0DC
:107E90000803C2F89030CB7882F82831FFF7A8FFAA
:107EA000204610BD0120FCE7436893F89F0058B9B5
:107EB000CA78A3F8DE0083F82821032283F89F20E4
:107EC000012283F8E02070470120704708B543681D
:107ED00093F89E301BB1C6214A20D8F701FE08BD99
:107EE00038B54D680446B5F86810FFF7FCFBB5F8E7
:107EF00036112046FFF7FBFBB5F864102046FFF76C
:107F0000FAFBB5F834112046BDE83840FFF7F7BB5F
:107F100010B5446894F8A030073B012B07D90846F8
:107F2000FFF7ADFB072384F8A10084F8A030002000
:107F300010BD426892F8A030073B012B84BF082394
:107F400082F8A0307047F8B5476804460D4697F8A8
:107F50009F6016BB0846FFF78FFB6168A7F8D40245
:107F6000B1F8D432B1F89820013B9B1A47F6FD7264
:107F70009BB2934207D92823204681F8C130EBF702
:107F8000F7FF3046F8BD01F2D6212846FFF76FFB18
:107F900063680B2283F89F20F3E70126F1E708B519
:107FA000436893F89E201AB12A215520D8F798FDEE
:107FB0000C2283F89E2008BD0B46082203F8032BF1
:107FC000D0F80920C1F80320D0F80D205A60427C77
:107FD0001A720023CB707047F8B5436806460D4609
:107FE00093F89F40002C66D193F881102846FFF744
:107FF0000CFB28B929463046BDE8F840FFF740BFE2
:108000007268B5F80D30B2F89810A2F8D432C943AE
:108010000B4447F6FD719BB28B4207D928233046AB
:1080200082F8C130EBF7A4FF2046F8BD2846FFF7E1
:10803000DFFA6FF45063776841F64B52C3189BB276
:10804000062B96BF4FF47A7340F2E243A0F55060DE
:1080500058439042C7F8DC022B798ABFC3EB431226
:1080600003EB830303EB820341F64B5295BF03EB13
:10807000830303EB83039B005B0088BF9BB29042AA
:10808000284694BF642240F2E242A7F8D632B5F8FF
:1080900005305343C7F8D832FFF7ADFAA7F8E0022E
:1080A00028467768FFF7AEFA73680E22A7F8E20257
:1080B00083F89F20B8E70124B6E708B5436893F832
:1080C0009E201AB15C215620D8F70AFD0E2283F8B3
:1080D0009E2008BD0B230B70D0F80930C1F8023088
:1080E00070470B460C2203F8022BB0F809204A8097
:1080F000C27A9A7070474368D3F8383110B5044695
:108100005BB10C22FFF78DFE63683222204683F8B4
:108110009F20FFF76DFE012010BD1846FCE710B54B
:108120000446406890F89E30182B14D100F58872F0
:1081300000F51771052300F51B70FAF749F863681D
:1081400001220020002183F8A3201A22C3E9400164
:1081500083F89E2010BD0220FCE738B50D4641682B
:10816000044691F89E30152B10D101F5197128465F
:10817000FFF7AFFA6168284601F59271FFF7AEFA92
:1081800063681822002083F89E2038BD0220FCE797
:10819000436893F89E20112A05BF00201422022074
:1081A00083F8A30008BF83F89E20704708B5436892
:1081B00093F89E20142A04D040F20B111F20D8F708
:1081C0008FFC012283F8E220132283F89E2008BD51
:1081D00038B54368054693F89F4034B1123C0B2CE8
:1081E00094BF08240124204638BD93F8A430002B06
:1081F000F9D00A21FFF77FFF0028F4D12846FFF7C6
:10820000F7FD6B68122283F89F20ECE708B54368FE
:1082100093F89F20162A04D040F279111F20D8F736
:108220005FFC012283F8E120172283F89F2008BD1C
:10823000436893F89F20132A05BF142200200220D0
:1082400083F89F207047436810B593F89F30044629
:10825000192B07D1FFF7D6FD63681D22002083F894
:108260009F2010BD0220FCE708B5436893F89F20CB
:10827000122A04D04FF4D1711F20D8F731FC01220B
:1082800083F8E120132283F89F2008BD08B54368D6
:1082900093F89F20172A04D04FF4D5711F20D8F7E8
:1082A0001FFC192283F89F2008BD08B5436893F886
:1082B0009E201A2A04D04FF4ED711F20D8F710FC2D
:1082C0001C2283F89E2008BD08B5436893F89E20C1
:1082D00022B14FF4F0711F20D8F702FC012283F87D
:1082E000E120112283F89E2008BD08B5436893F869
:1082F0009E203AB193F8E22022B940F2E7111F2004
:10830000D8F7EEFB012283F8E120152283F89E20A6
:1083100008BD0B46072203F8032BD0F80920C1F84B
:108320000320D0F80D205A60B0F811201A81C27CC9
:108330009A72704708B5436893F89E201AB1BC2121
:108340001C20D8F7CDFB042283F89E2008BD08B579
:10835000027843684AB993F89F201AB1C4211C20BF
:10836000D8F7BEFB83F8E02008BDD3F89010CA0709
:1083700001D4C921F3E793F8E020013A52B2002A70
:1083800083F8E02001DACB21E9E721F00101C3F80D
:108390009010E9E70E23A0F5B6700B7003884B80B0
:1083A00070474368017893F89E2061B9052A08BF99
:1083B00000224FF0000002BF83F8D02083F8DC20B9
:1083C00083F89E207047102AF1E738B50378456896
:1083D0002BB995F89F00012380B1012015E0D5F855
:1083E000903013F00404F8D1FFF702FDD5F8903077
:1083F000204643F00403C5F8903006E085F8E030ED
:108400000223A5F8DE0085F89F3038BD0378426866
:1084100013B982F8E0307047D2F8903023F00403AB
:10842000C2F89030FFF7EEBC08B54368027893F8C5
:108430009E1019B171214B20D8F752FB002A0CBFB6
:108440000522102283F89E2008BD10B5D0E90D4208
:10845000A24206D38B8C121B498E05334B439342A9
:1084600002D3012380F8403010BD01230B7000239C
:108470008B7030F8E43CA1F80330437A4B714389A8
:10848000CB8083890B81704708B5436893F8E3205C
:1084900091070ED493F89E201AB174214020D8F78A
:1084A0001FFB0121A3F8D82083F89E1083F8DC106D
:1084B00008BD027842B993F89F200AB983F8E020FA
:1084C000002283F85221F3E7D3F890108A07F7D5FA
:1084D00093F8E020013A52B2002A83F8E02001DA52
:1084E0008621DBE721F00201C3F89010E8E710B520
:1084F0000B7901284C790A6843EA0421104608BF29
:1085000041F4803110BD07B5FFF7F1FF0DF107020F
:10851000EBF7C6FF03B05DF804FB38B50546FEF780
:1085200033FF044608B9002038BD07212846FEF76E
:1085300068FE0028F7D00434201AC0B2F4E770B502
:1085400006460D460721FEF718FF04463046FFF7A2
:10855000E4FF014674B1A0B100235A1CE018D2B266
:10856000A65CE25CAE4211D12C2D05D0322D0BD091
:10857000282D07D0002004E0222A02D03A2A18BF72
:10858000002070BD082AFAE7092AF8E701321344EF
:10859000DBB29942E1D8EDE70B46062203F8032B44
:1085A000B0F80920A1F80320C27A9A7070470B46F0
:1085B000172203F8032BD0F80920C1F80320D0F8C4
:1085C0000D205A607047312301F8033B00F1090385
:1085D000293053F8042B834241F8042BF9D11B882E
:1085E0000B807047F0B50646BDF8147001F5A57113
:1085F000D92E344607F0010507F0020028BFD92420
:108600003034A4B2FF2C28BFFF24BF0700F0AF8096
:1086100048B3042A21D0032A22D0022A0CBF4FF4E7
:1086200096744FF414740C44D11EC9B29C340229C0
:1086300034BF282000200129044440D804F53564C3
:108640009834002D48D0042A40D0032A41D0022A71
:108650000CBF6421C0210819F0BD41F2D024E2E72B
:1086600040F2CE54DFE783B1042A08D0032A09D0B0
:10867000022A40F6480408BF4FF48564D3E744F269
:108680009024D0E741F2BE14CDE7042A05D1053489
:10869000A4B2A40104F5C874C5E7032A05D10534C2
:1086A000A4B2240104F5BF74BDE7022A0BBF0B344A
:1086B0000A34A4B2A4B20CBFA400E400B3E7022AB7
:1086C0000CBFB4204FF4B0700444B9E74FF4CA6152
:1086D000C1E740F2AE21BEE793B1042A0AD0032AD3
:1086E0000BD0022A40F648000CBF4FF485610146CA
:1086F000601812E044F29021FAE741F2BE11F7E768
:10870000F12E354628BFF125042A1ED105F11300AC
:1087100080B2800100F5C8752819D92E9CD9D93EA0
:10872000F721B6B2002B56D0F636042AB6FBF1F686
:108730004BD0032A4CD040F2725340F69211022AD9
:1087400018BF0B4603FB060086E7032A05D1133545
:10875000ADB22D0105F5BF75DEE7022A0BBF193555
:108760001835ADB2ADB20CBFAD00ED00D4E78BB1A2
:10877000042A09D0032A0AD0022A40F648000CBF76
:108780004FF485640446B3E744F29024B0E741F225
:10879000BE14ADE7042A05D10534A4B2A40104F542
:1087A000C874A5E7032A05D10534A4B2200100F559
:1087B000BF749DE7022A0BBF0B3404F10A05A0B277
:1087C000ADB20CBF8400EC0092E744F2DA33B9E7B3
:1087D00041F20833B6E7B6FBF1F3042ADBB21CD052
:1087E000032A1DD040F2725140F69214022A18BF9B
:1087F000214601FB0300C3EB4311C3EBC103F61A8F
:10880000B3B2002B3FF428AF0833042A9BB20AD13D
:108810009B0103F21A4318441EE744F2DA31E8E7F9
:1088200041F20831E5E7032A03D11B0103F5467342
:10883000F1E7022A0BBF9B00DB0003F5BB7303F5D6
:10884000CD73E8E78B88F7B513F0180607460C469A
:1088500025D1086820B940F2DA312D20D8F740F947
:1088600000F0ACFA217C657C032908BF0421032DAC
:1088700008BF0425EBF724FFA38801462A463846A3
:1088800000933346FFF7AEFECC30D4E90223824298
:1088900073F100032CBF0120002003B0F0BD0120C4
:1088A000FBE738B513220B460C4603F8032B00F107
:1088B0000902293052F8041B824243F8041BF9D103
:1088C000127802211A700123A588A3712846D9F7CE
:1088D000B1F970B1E37863B10088E9F779FE02215C
:1088E0002846D9F7BDF920B140F227212D20D8F72D
:1088F000F7F838BD10B50446EAF724FF82B204F158
:10890000690104F13600FEF7BBFA84F8440010BD9B
:1089100037B504460D46FFF7EDFF01222B4661797E
:10892000204603B0BDE83040EBF73EBF38B5CB6919
:108930000446104641F27072A3F57A75954295BFD0
:108940004FF47A7240F2E242B3FBF2F3B3FBF2F37C
:1089500098BF03F5506304F1A8029BB2A4F8B430A9
:108960008B8CA4F8B630CB8CA4F8B83091F80032D8
:1089700084F8BA30A37F63B394F86830012B28D110
:1089800094F86E3003F0C003402B22D1D4F8693044
:10899000C4F8A830B4F86D3093800828236A04F135
:1089A000AE019A7803F1030584F8A12004F1A20234
:1089B000D3F8033018D0C4F8AE30AB888B8004F104
:1089C000A101EAF7F7F840B940F69B312D20D8F71E
:1089D00087F80023C4F8A830DEE794F8A13043F00C
:1089E000020384F8A13038BDC4F8A230AB8893806C
:1089F0000023C4F8AE308B80F5E70B46162210B585
:108A000003F8032BD0F80920C1F80320427B1A7128
:108A1000CB78BBB130F8BC3C1B0713D4B1F8054090
:108A200002212046D9F706F960B10088E9F7D0FDA8
:108A300002212046D9F714F920B140F26D212D20F2
:108A4000D8F74EF810BD0121ECF7EAB9FFF7FBBFEC
:108A500008B590F89C300BB1012008BD90F8D430D7
:108A6000002BF9D190F8C63003F0FF00002BF4D0B2
:108A7000E9F7F8FC80F00100C0B2EEE730B54FF442
:108A8000B87285B00D4600210446F9F751FFFF2367
:108A900023701323638042F21073E384D9F7E6F95D
:108AA00000220146E0646846D9F724FA0022012139
:108AB000E06CFAF7E8FF0422E16C6846D9F71AFA8D
:108AC0000022E06C1146FAF7DEFF04F13000257554
:108AD00000F024F902A8EAF723FB20B940F2123192
:108AE0002D20D7F7FDFF02A904F13600FEF7B0F9FB
:108AF00004F18000FEF74DF805B030BDFF23C86CCF
:108B00000B70FAF78DBF0078FF3818BF012070474F
:108B1000F7B5044630300E4600F050F9618807463C
:108B2000CA0605D52822EDF76BFC8C3003B0F0BDEA
:108B30008B07E06C0FD5FBF744F8054621793846E2
:108B4000EBF7BEFD63880146627900932846334601
:108B5000FFF748FDE9E7FBF724F8EEE74388092B28
:108B600010B5044607D1EDF775F920460121BDE89F
:108B70001040EDF7B3B810BD034608465A8812F00E
:108B8000180F30B587B010D103F13001ADF80420D3
:108B9000D3E902459B8800916946ADF81030CDE9D4
:108BA0000245FFF74FFE07B030BD0120FBE7D0E9DB
:108BB00002017047407D003818BF012070470B68E4
:108BC000C0F817308B88A0F81B300123437770471B
:108BD000438813F0100005D013F0040F14BF0020D9
:108BE0001F2070479A0704D4DB0701D4D9F76AB96C
:108BF000EE20704708B5FFF7EBFF003818BF0120E3
:108C000008BD0023A0F8483043881D2B08BF002171
:108C10004174704790F914007047408800F00100DB
:108C200070474088C0F3400070474088C0F3401050
:108C300070474088C0F3C000704710B54488C06CCE
:108C4000E30654BFC4F340040024FAF7A1FF002C4C
:108C500008BF012010BD4088C0F300107047408855
:108C6000A0F109035842584170474079704710B548
:108C70000446EAF767FDC0F30B00A042F9D010BD2F
:108C800090F8683001624B72D0F86930C1F80A3050
:108C9000B0F86D30CB8170477047EBF70BBF80F8B1
:108CA00090107047FF2380F89330704780F82410AD
:108CB00080F825207047C0F34002C0F3800300F025
:108CC0000100134418447047022808B507D004284F
:108CD00007D0012807D039212E20D7F701FF262001
:108CE00008BD2720FCE72520FAE78278034612F02A
:108CF000010002D0D978C9070FD5900702D5D978DD
:108D0000890709D512F0040007D0DB7813F0040FAF
:108D100014BF002004207047022070470023C0F8D1
:108D2000023001234370037070478170704710B5A3
:108D30004270144601708078FFF7BDFF484304FB82
:108D400000F2FE2A03DD5C212E20D7F7C9FE10BDFC
:108D50000023C37043710371704710B50446FFF7D9
:108D6000C4FF637962780133DBB29A4263710CD13C
:108D7000E3780022A17803436271DBB29942E37089
:108D800001BF2379E27001332371BDE81040FFF782
:108D90009BBF38B504468078FFF78DFF0146E07829
:108DA000FFF789FF2378227965789B1A6B43594333
:108DB0006379C91A00FB1510C0B238BD014608B569
:108DC0008078FFF778FF4A780B7853435843C0B256
:108DD00008BD08B5427903462AB1FFF786FFBDE812
:108DE0000840FFF771BFC07881070BD410F0010075
:108DF000F5D19B785A0707D413F0020F0CBF01205E
:108E00000220ECE70220EAE70420E8E7042806D184
:108E1000920102F53472803201FB02F070470328A0
:108E200003D1120102F5E772F5E702280BBF0B32FE
:108E30000A329200D200EEE740F2EF20704740F293
:108E40005A335843704738B50E38536814460D46A8
:108E500093F89E2009283FD8DFE800F0053E3E3E0B
:108E60000F3E173E3E26042A05D12046FEF7B7FFE7
:108E70002046EBF739FA002038BD102AFBD12046F6
:108E80000021BDE83840FFF78CBA1E2AF3D12046F6
:108E9000FEF7A5FF002DEED0626892F8F23023F0C5
:108EA000200382F8F230E6E793F89F20242AE2D1EB
:108EB0000025204683F89F50FEF7A4FF636893F8CF
:108EC0004C31012B03D129462046E9F721FB636889
:108ED000002283F84C21CEE74FF40F713120D7F7F1
:108EE000FFFD10B50446FEF77AFF2046BDE81040AE
:108EF00001F02FBB08B5436893F89F20172A04D0D0
:108F000040F2E4413120D7F7EBFD1B2283F89F208C
:108F100008BD08B5436893F89F20322A06D1002285
:108F200083F89F20BDE80840FEF76CBF172A03D1E5
:108F30001B2283F89F2008BD40F2F9413120D7F76A
:108F4000CFFD037D63B9C37B90F85200A3F11102FA
:108F5000032A05D928B11D2B8CBF002001207047A2
:108F600001207047037D63B9837B90F85200A3F121
:108F70001102032A05D928B11D2B8CBF0020012026
:108F8000704701207047426870B592F8F2300D4684
:108F90000446084643F0040382F8F230FEF72EFC44
:108FA00006462846FEF726FC22463146BDE87040BC
:108FB000EDF72ABB38B50C460546D1E90501D8F7CF
:108FC000FBFE94F85C0220280BD0F8F721FE94F801
:108FD0005C02F7F71DFF20B940F639013120D7F7C1
:108FE0007FFD0D212846D8F73BFE0E212846D8F7F5
:108FF00037FE28460F21BDE83840D8F731BED9F7F3
:10900000AFBD0022A0F89E2080F8A22090F8133275
:1090100013B10221DBF750B80321FBE7EAF716BDD5
:10902000EAF74EBD022910B5044603D003290BD040
:1090300079210EE00421D8F7FDFD68B9204606210C
:10904000BDE81040D8F7F6BD0621D8F7F3FD18B9F2
:1090500070217720D7F744FD10BD10B50F21D8F748
:10906000E9FD0446C37A9BB10521C08BD8F7E2FD28
:1090700070B1503000F09CFC18B1B4217720D7F7C4
:109080002FFD0521E08BD8F7EBFD08B1B521F5E701
:1090900010BD08B5032805D8DFE800F00902090271
:1090A000002008BD40F20E217720D7F719FD0120DE
:1090B000F7E770B5466805460F213088D8F7BAFD46
:1090C000044601462846EEF731FF18B102280AD0BF
:1090D000FE2007E094F85A00FFF7DBFF002814BFDA
:1090E0001C202A2070BD002386F85431F0E738B5E3
:1090F0000D460F21D8F760FD044620B940F27731C4
:109100007720D7F7EDFC88220021F9F711FC95E8CC
:109110000F0084E80F0038BD436893F89E20032AAF
:109120004FF0000206BF83F8DC2083F89E2083F80E
:10913000E0207047436893F834212AB1002283F875
:109140009E2083F8DC20704783F89F2083F8E0207E
:10915000704710B50446FEF742FE2046BDE81040B9
:1091600001F0F7B9E5F764BDA1F11303012B0AD9AA
:1091700010B9172902D87047132906D91C298CBFAA
:10918000002001207047012070470020704738B54B
:10919000142853680D46144693F89E300BD01628B9
:1091A00019D0122830D1052B13D100211046BDE86B
:1091B0003840FFF7F6B81E3B022B0AD81046FEF7E0
:1091C0000EFE35B1626892F8F23023F0200382F887
:1091D000F230002038BD212BFBD11046FEF7FFFDF9
:1091E0006DB1626892F8F33023F0010382F8F33036
:1091F000626892F8F33023F0080382F8F3301A2102
:109200002046E9F785F9E4E740F2FA313620D7F74E
:1092100067FC426870B592F8F2300D460446084685
:1092200043F0040382F8F230FEF7E8FA06462846D7
:10923000FEF7E0FA22463146BDE87040EFF746B946
:1092400008B5EEF761FF18B9BDE80840D9F788BC4A
:109250000021BDE808400846EFF7F4B938B50C46E0
:109260000546D1E90501D8F7A7FD94F82902202881
:109270000BD0F8F7CDFC94F82902F7F7C9FD20B917
:1092800040F66A013620D7F72BFC04F5007420461F
:10929000E1F734F810B12046E1F740F80D212846F7
:1092A000D8F7DEFC0E212846D8F7DAFC28460F2135
:1092B000BDE83840D8F7D4BC00207047EAF78CBA34
:1092C000EAF7ACBBEAF7FCBB0146408E38B591F833
:1092D000A2308500B1F8D20003BBC0F1060091F8BE
:1092E000D030441B1BB191F89E30052B1AD101F1EF
:1092F0009000FFF737FEB8B1D1E93103181A401BCF
:10930000B1F82E31A042A3F10403A8BF204623EAFE
:10931000E3739842B8BF184680B238BDB1F8D44064
:10932000201ADCE70020EBE72046E9E70020704741
:1093300082210A2008B5D7F7D3FB7A210A2008B585
:10934000D7F7CEFB90F835304BB9B0F85230828A5F
:109350009B1A9BB2032B8CBF012002207047012077
:1093600070470020704710B50C460A21E08DD8F7F1
:1093700061FC10B1FF2380F89E30A06820B940F254
:10938000E3110A20D7F7ACFBBDE81040FAF748BB61
:1093900070B50E4604210546D8F74CFC044648B982
:1093A00006212846D8F746FC20B116B190F8BD300A
:1093B00003B90446204670BD90F82D20034652B9EB
:1093C00001319B7BC8B20BB10230C0B2012884BF0F
:1093D0000130C0B270470231F3E7C28D70B5044668
:1093E00090F8300094F834104FF6FF7301F0FF0549
:1093F000B1B99A4294F835100ED0002814BF3B251D
:109400002325A068FAF7CDFB2B460146227C204697
:10941000BDE87040F0F744B9002918BF0925F0E70E
:109420009A42EAD10925ECE710B514461A469DF890
:109430000830F0F735F900F5D070A0428CBF00205D
:10944000012010BDFF2380F82C307047C173704796
:1094500008B5836800681B68984700F5D07008BDA0
:10946000836870B59B69044600680D46984780F094
:109470000106F6B250B96B6829462079A361F7F767
:10948000DBFD60B9AB210B20D7F72AFB237C022B35
:1094900007D104F12000E0F741FF01232374304697
:1094A00070BD237C032BF8D1F3E738B504460D4695
:1094B000FFF7D6FF18B1D5E90423C4E9082338BD66
:1094C00070B5044686B0FFF7C3FF0025A36801907E
:1094D0005B6820688DF800509847216B8DF8080074
:1094E00068468DF80950D4E90823CDE90423FDF737
:1094F000EBFB638A86B233446382E0F7DFFFB8B9DF
:109500007100B4F9440089B2FEF7F0FBB4F84430BE
:109510001B1AA4F84430049B6946059A1B1842EBB9
:10952000E070CDE904302046FFF7BFFF06B070BD04
:109530002846F0E72DE9F041044686B0FFF788FFA2
:109540000746256BD4E90836ED1846F10006E0F72A
:10955000B5FF10BB0221B4F94400FEF7C7FBB4F815
:1095600044301B1AA4F8443045194FF00008A36892
:1095700046EBE0768DF800805B682068019798479D
:1095800069468DF8080020468DF80980CDE904561B
:10959000FFF78BFF06B0BDE8F0810020E4E72DE97E
:1095A000F84390F8436007460C4646B10368B3F8A9
:1095B0006240B3F8A010611A9C6F01FB0444FCF7F1
:1095C00059FF054697F84200F0F7ECF929182046B4
:1095D00089B201F0CEFF044606B33B6893F8985079
:1095E00093F89280D3F89C90FCF744FF06462846F7
:1095F000F0F7D8F9054640463544F0F7D3F98046F0
:109600004846ADB2294601F0B4FF08EB0501064615
:10961000201889B201F0ADFF06443444B86A113411
:109620004008A04228BF2046BDE8F88338B504466C
:109630000846237C03F0FF054BB92146F7F7BCFB36
:109640002028207105D001232374284638BD002529
:10965000FBE70725F9E7F0B5836887B000250446E6
:1096600000680F468DF800501B689847A36800F506
:10967000D8705B680190206898478DF809508DF884
:10968000080087B36846D4E90823CDE90423F7F737
:10969000E7FB18B9E7210B20D7F722FAD4E9080134
:1096A000049A059B121A63EB0103002B01DAEA21ED
:1096B000F1E76FF00106964275EB030301DAEB2147
:1096C000E9E7A36A5D1E1544B5FBF3F2AB4288BF20
:1096D000013253431B1841F10001CDE90431638A83
:1096E0001A44628231E0A36AE16B228FB1FBF3F08E
:1096F000551C821EAA42A8BF2A46012AB8BF0122D1
:10970000D4E90805534313EB000ED4E90C0645F1E8
:109710000005BEEB000065EB0606012876F10003AC
:1097200001DA8B21B7E76FF0010C844577EB060374
:1097300001DA8C21AFE7814230D2A16AD4E9083244
:109740005B1842F10002CDE90432D4E90C200499FF
:10975000059B891A63EB0003012973F10002E0DB2A
:109760006FF001028A424FF0000272EB0303E0DB6C
:10977000237C2046042B04BFB4F84030C918FFF7FF
:109780000EFF0546DDE90432D4E90801181A62EB40
:10979000010100290ADA4FF495717CE7217C042944
:1097A000CBD0638ACDE904E5013B99E76FF0004631
:1097B000B04271F1000102DB40F22B116BE705F1C1
:1097C000C90120465B1A694662F10002CDE9043204
:1097D000019B03EB45030193FFF742FE48B1049B55
:1097E000059AC93342F100025B1942F10002C4E953
:1097F000083207B0F0BD037C0BB900207047037C32
:10980000012BFAD0007C073818BF0120704708B53B
:109810004B1E0246012B07D8FFF7EDFF40B1104663
:10982000BDE80840FFF74CBEBDE80840F0F7BCB902
:1098300008BD70B504460D461646FFF7DCFF38B983
:10984000237C072B04D040F27B210B20D7F748F96B
:10985000F7F7F8FA2D1841F10001AE1B61F1000392
:10986000C4E90863638AE3850023C4E90C5184F8E2
:109870004330237C042B01D10523237470BD08B52C
:10988000027C012AD3B204D0FFF7B5FF00F001003B
:1098900008BD1846FAE708B54B1E0246012B08D84A
:1098A000FFF7A9FF48B101211046BDE80840FFF7C6
:1098B000D2BEBDE80840F0F777B908BD007C031FB1
:1098C000584258417047037C032B04D0007C831F0F
:1098D00058425841704701207047D0E9083210B50E
:1098E000D0E90C14581A62EB0403002B04DA4FF48D
:1098F0002B710B20D7F7F4F86FF0010282424FF082
:10990000000272EB030302DA40F2AD21F1E710BD71
:10991000806908B5A0F58070F7F7B4FF20B94FF45F
:109920002E710B20D7F7DCF808BD08B50246FFF70B
:1099300062FF30B11046FFF7C6FF10B91046FFF7BF
:10994000F9FDBDE80840F0F721B808B50246FFF779
:1099500052FF38B11046FFF7B6FF014610B9104666
:10996000FFF779FEBDE80840F0F710B838B50446B7
:10997000FFF785FFD8B1237C022B16D0257CEB1E88
:109980005D425D41012907D1072323742079F7F750
:10999000AFFD2079F8F73CF9012323743DB104F1C0
:1099A0002000BDE83840E0F7B9BC0125EAE738BD42
:1099B00010B50446FFF763FF70B120460121FFF7A1
:1099C000D5FF2079F7F724FA20B94FF4F2710B2074
:1099D000D7F786F800232374002010BD024608B58F
:1099E000037C022B08D1032313741079F5F7E8FDEB
:1099F000A8B940F20E310FE0037C052B01D10623FC
:109A0000F2E7037C032BF0D0037C062BEDD0037C24
:109A1000072BEAD04FF443710B20D7F761F808BD4C
:109A2000FFF7A1BC70B504460668FFF728FF05469E
:109A30002046FFF7BDFF044635B196F8A2301BB1B2
:109A400006F1D000E0F76AFC204670BD007DA0F171
:109A5000FF035842584170474FF4D5710D2008B5A7
:109A6000D7F73EF838B50546C07D0C46F4F7C4FB81
:109A7000EA7D00F523434FF47A70A133042AB3FB47
:109A8000F0F310D164B94FF4E77007E0032A07D070
:109A9000022A40F6480008BF4FF48560184438BDDC
:109AA00041F2BE10FAE7002CF0D1032AEBD0022AD3
:109AB0000CBF2C205020F1E7F0F7F8B91D2313B5A7
:109AC0000B70044630F83E3C0A30A1F80330FFF733
:109AD0006FFF20B140F2BF110D20D7F701F805212B
:109AE00034F83E0CD8F7BCF810B140F2C111F3E7DE
:109AF000042363F30700022363F30F2002B010BDB9
:109B000010B5044690F86030042B10D090F8603007
:109B1000062B0CD05030FFF7E0FEA36F984208D917
:109B200003EB4303D4F88C200344934201D3012078
:109B300010BD0220FCE710B504465030FFF7BEFE12
:109B400088B994F8373013F0FD0F0AD12046FFF79B
:109B5000D7FF431E594259412046BDE81040FFF748
:109B600081BF0121F8E701212046FFF77BFFB4F810
:109B70009030184410BD31B10B789B091841C04397
:109B800000F00100704780F01000C0F30010704733
:109B90000020704737B5054608462821FEF7CFFC60
:109BA000044630B383788DF80030C3788DF80130E7
:109BB00003798DF8023043798DF803308379684654
:109BC00003F01F038DF80430FDF75CF888B1B4F89A
:109BD0000720B5F86230D31A1BB2002B09DD012330
:109BE0000098EA8585F82C309DF80430286385F8C4
:109BF000343003B030BD90F82C3010B5044673B14A
:109C0000C38DB0F862209B1A1BB2002B07DC00F159
:109C100030011E30FDF71CF9002384F82C3010BDF4
:109C2000F8B500F150040546D1E904672046FFF776
:109C300045FE32463B4660B12046F0F733F8044615
:109C400010B900242046F8BD3E212846F0F78EF9D1
:109C5000F8E72046F0F73EF804460028F1D0284601
:109C6000F0F706FCEEE790F83730042B04BF002332
:109C700080F837300089F0F7F7BE70B50446056804
:109C800007292CD8DFE801F0041313202B242D27FB
:109C900005F15000FFF7AFFD20B9A368DB68BDE810
:109CA000704018472846BDE87040F0F799BB284639
:109CB000FFF7D9FF2046FFF79EFD90B12046002117
:109CC000BDE87040EFF7C6BFBDE87040F4F756B886
:109CD00083681B69E3E75D210C20D6F701FF602153
:109CE000FAE770BD012070472DE9F04DB0F8D24081
:109CF0000F46C3890546013490F81480E41A0369BD
:109D0000A4B2E41848F10008A1B200F090FA0646A7
:109D100008F0FF0808BB284600F09DF9013495F8CB
:109D20004C3048F10008241895F8302048F100081C
:109D3000A4FB0340013C03FB080848F1FF38032A59
:109D400022D1D5F890205AB1C3EBC303DB43A34221
:109D50004FF07F0373EB080307D33046BDE8F08D67
:109D600040F2F6414D20D6F7BBFEAB7D022B05D06D
:109D7000AB7E1BB90823EB76FF23AB76B8F17F0FE0
:109D800094BF00260126E8E7D7E904AB05F1C00738
:109D90003846FFF793FD52465B4658B13846EFF719
:109DA00081FF04460028D8D03E2128462646F1F7F8
:109DB0005FFDD2E73846EFF78DFF28B1082128462E
:109DC0000126F1F78DFDC8E7D5F890301BB1B8F149
:109DD0007F0FC2D9F2E740F22451C3E7E1F7C0B8E0
:109DE00070B515461E46D0F890404CB1A4F580746D
:109DF0002A463346204601F0EAFAD4F80041F4E757
:109E000070BD37B55C1C058AE4B22B460094FDF7A3
:109E1000C8F803B030BD0A4608B590F84F3090F846
:109E2000651032B11BB10C20FAF71BFA08BD0820EF
:109E3000FAE790F85000002BF6D00430F4E710B5A4
:109E40000446E8F737FB631E012B06D9042C06D124
:109E500080F00400C0F3800010BD0020FCE701206A
:109E6000FAE70AB1043080B2FAF713BA08B52B2327
:109E70000B70437A0B7110F87F0CC8700A21D7F76A
:109E8000EFFE20B14FF4B8714920D6F729FE08BD86
:109E900008B529230B70437A0B7110F87F0CC8703A
:109EA0000A21D7F7DDFE20B140F2C3114920D6F7D1
:109EB00017FE08BD38B504460D46F1F7EDFB2946FF
:109EC0002046BDE83840E0F767BF0020704710B576
:109ED0004FF48C7200210446F8F72AFDF1F7E4FBF9
:109EE0000023C4F8C800C4F8C040C4F8903010BDC6
:109EF00038B591F830300D46032B08D1002195F884
:109F00009E00FFF745FA10B14FF6FF73C38505F1C8
:109F1000C000FFF74DFD18B1E9214920D6F7E0FD5B
:109F2000D5F8904024B32368C5F8903095F83030C8
:109F3000032B0DD1A4F58074204601F0CAFA0B2141
:109F4000B4F8FA00D7F78CFE0028E9D0F421E4E752
:109F5000022BE5D1A4F58074204600F0F2FB0C2121
:109F6000B4F8FA00D7F77CFE0028D9D0F921D4E75D
:109F700038BD10B50139029C013803FB014402FBD6
:109F8000004010BD10B903FB01F07047009850432A
:109F9000704710B550B903FB01F49DF8102008205C
:109FA0009DF80C10FFF75DFF204410BD029C544348
:109FB000F3E770B5044690F833000E4694F8345039
:109FC00094F86510013E401BA56D94F84F20454361
:109FD00094F85000FFF745FF616D01FB06552844DA
:109FE00070BD30B59DF80C509DF81840B3FBF5F3EB
:109FF0009DF810505B1B9DF814506B4303FB02222D
:10A0000010440CB1084430BD401AFCE741EA00207E
:10A01000704770B515461E460C46D8F7ABF806FBE0
:10A0200005F19DF81020C9B2A14236BF641A002480
:10A03000E4B2012E98BF012504FB0254844208DCDF
:10A04000F4F77AFCBDF81430984234BF00200120A8
:10A0500070BD0020FCE790F84C1090F84E3090F85E
:10A0600036204B4390F84D00DBB29A4289BFD31A99
:10A07000002393FBF1F3DBB25843704702292DE92B
:10A08000F04780460D469146DDE909761ED940F637
:10A09000C41A0AFB03FAFCF7EDF90146504601F039
:10A0A00068FA04464FF4FA71504601F062FA231838
:10A0B000203308989630B8F1000F09D1834238BF99
:10A0C000034633606B433B60BDE8F0870023F0E755
:10A0D000386000FB09F098422CBF30603360F3E732
:10A0E0004FF484720021F8F723BC2DE9F041884633
:10A0F0000646084614461F46FFF7ADFFD8F8103055
:10A1000098F81450DB1998F84C70B4FBF7F245F14D
:10A11000000507FB1242A7FB034105F0FF05D2B281
:10A1200007FB0511121941F100011B1A326065F19C
:10A1300000053171C6E90235BDE8F08170B50C4605
:10A140000546A8B1A1B1837D93B90B784A78C3F3D2
:10A1500082034375CB78012B0BD1032A08D9022344
:10A1600083750B79C3764B798A7943EA022383831B
:10A1700070BD002BFCD1072AFAD90E1D3046FCF722
:10A1800081FD0028F4D00123AB75637AA27A43EAFB
:10A190000223AB846368C5F81F30237A85F8233027
:10A1A000E6E713B50346427D807D02F007020128F1
:10A1B00010D0022822D1D87E01249B8BCC70A1F82C
:10A1C00005300423087192004B7042F003020A70BC
:10A1D00002B010BD9C8CD3F81F0093F82330ADF86B
:10A1E00005408DF8043000234860CB70BDF80400B2
:10A1F0009DF8063008818B720823E4E76021502027
:10A20000D6F76EFC837D012B10B504460ED1838CEE
:10A210000269013B9B1A47F6FD729BB2934205D936
:10A2200000F11F01FCF714FE0023A37510BD08B553
:10A23000837D022B14D1CB43818B0B4447F6FD71F8
:10A240009BB28B420CD990F83030022B04D1C17EE6
:10A25000F1F746FB012008BD1621F1F755FBF9E7A0
:10A260000020F8E7F8B5827D044612B100252846A3
:10A27000F8BD837E03F0FF073BB103690733838397
:10A280000223837582760125F1E7837F002BEDD0D1
:10A2900000F11F063046E8F743FF05460028E5D0E9
:10A2A000A7770522611C3046F8F766FA0028DDD052
:10A2B00023690733A3840123A375D8E770B590F908
:10A2C0000F30041F0D1F0C30DB110022DBB254F8DD
:10A2D000046F42EA4602844245F8042F22684FEA9E
:10A2E000D272F4D10A7823F0780353400B7070BD1A
:10A2F0002DE9F04111F0030498B006460D46904652
:10A300001F4603D0B7215220D6F7EAFB5022214640
:10A3100004A8F8F70DFB1E9B1022214608A81693EF
:10A320008DF85D7010AF8DF85C80CDE91465F8F79D
:10A33000FFFA30460CAE07236A4608A9F7F748FF34
:10A3400031466846FFF7BAFF39463046FFF7B6FF99
:10A35000102221460DEB0200F8F7EAFA9DF85C3076
:10A36000A3F11008159D102B454414D92B1F04AAE6
:10A370000C3553F8041F52F8040BAB4281EA00017C
:10A38000D160F6D1072304AA08A91498F7F720FF93
:10A390005FFA88F3E4E7C3F1100304AA13F0FF03A4
:10A3A00018BF3E4603F1FF3CE1B299421CD264451E
:10A3B0000CBF80210021375D013412F8010B102CF5
:10A3C00080EA070081EA0001D173EDD19DF85D308C
:10A3D00008A9169A002B149814BF07230523F7F732
:10A3E000F7FE18B0BDE8F081295DE4E708B518B9BB
:10A3F000F3212420D6F774FB26230B70B0F8093024
:10A400008B80037BCB70C37A8B7108BD436893F854
:10A41000F520520708D593F85E2102F0FF002AB913
:10A42000FF2283F85E2170471A2070473A20704758
:10A430001D2310B50446C370E8F762F8207110BD03
:10A440001E2310B50446C370E8F75AF8207110BDFA
:10A4500008B5436893F89E201AB16E212420D6F7E0
:10A460003FFB332283F89E2008BD08B5027843687D
:10A4700032B993F89F204AB179212420D6F730FBD6
:10A48000D3F89010CA0504D47E21F6E783F8E020C3
:10A4900008BD93F8E020013A52B2002A83F8E02088
:10A4A00001DA8021E9E721F48071C3F89010EFE729
:10A4B0000278436822B993F89F20012032B1704797
:10A4C000D3F89020D0050AD520207047332283F896
:10A4D000E00083F89F200020A3F8DE007047097990
:10A4E00007298DBF4FF4E95242F4807283F80012BD
:10A4F000A3F82A218ABF3222C3F8902083F89F2034
:10A5000093F8E020013283F8E020E4E710B54468D6
:10A5100094F89E30332B1AD1037809791BB107299F
:10A5200098BF84F8001294F85E3143B107298CBFBC
:10A530001E220022F2F7B0F8002384F85E310020DA
:10A5400084F89E00A4F8D80084F8DC0010BD012037
:10A55000FCE710B5446894F8F53023F0040384F860
:10A56000F53094F85E3133B11122FF21F2F794F8FF
:10A57000002384F85E3110BD1D2910B511D1446847
:10A5800094F89E30332B0CD194F85E1101F0FF0348
:10A5900029B1FF21F2F780F8002384F85E311846D4
:10A5A00010BD0223FBE7012343810023C381838184
:10A5B000704701234380038000238380C3804FF4CE
:10A5C0004863038170470346006860B1EFF310826F
:10A5D00072B618680168196002B962B60023037088
:10A5E00043708370C3707047F8B590F824301BB97E
:10A5F000B0F892402046F8BD90F88E70B0F88840D0
:10A6000090F88D30B7B10BB9013411E0D0E91C31AD
:10A61000C269D0E91E56581B4FEA520361EB06018E
:10A62000C0184FF0000341F10001F7F7C7FF0444E1
:10A63000A4B2DFE7002BDDD0D0E920C6D0E900319D
:10A64000D0E90725B3EB0C032A4461EB06016FF058
:10A6500001069E4277EB010104D240F2933126209D
:10A66000D6F73EFAC17DB3FBF1F36B439A42C1D2F8
:10A67000CAE770B504460025666BA06D1EB9D7F712
:10A680009BFDA66570BD616B0B6863630D704D70BB
:10A690008D70CD70F9F7AFF9EEE7836D10B5044614
:10A6A0000BB1002010BD807DD7F774FDA065002898
:10A6B000F7D10720F6E7F3F78DBE38B504460D460F
:10A6C000182200214030F8F733F9204684F84C5026
:10A6D000F3F79EFE10B9FF2384F84D3038BD0021FA
:10A6E00000220023703040F83C1C40F8381C00F871
:10A6F000581C40F80C1C40F8081C40F8041C40E9A9
:10A700001C232822F8F714B9034690F8282002F0F9
:10A71000FF0012B1986DF9F75EB9FF2283F860204F
:10A7200070470B460146986DF9F765B910B50446B8
:10A73000E06B28B103682146E363FFF7F2FFF7E718
:10A7400010BD10B5044690F828300BB1F3F742FE67
:10A75000A36D3BB12046FFF7E9FF2046BDE810405E
:10A76000FFF787BF10BD38B50D460446F3F732FE3C
:10A770003DB92046FFF7DAFF2046BDE83840FFF735
:10A7800078BF38BD2DE9F041054686B019464FF037
:10A790000008EC7D04AB1046019302ABD5E90776C7
:10A7A000009343467C43B4FBF6F4A4B22246F7F789
:10A7B0005DFFBDF8102085F89080A41ABDF8082030
:10A7C000B6FBF7F39BB2A5F89440A5F89220B2FB34
:10A7D000F3F103FB1123A5F8963006B0BDE8F08134
:10A7E0002DE9F04F0F4687B0044620B940F23B51A7
:10A7F0002620D6F775F9D4F80B50A0F1290850F8A7
:10A80000290CD8F80410002D00F0C580D5E90269A4
:10A81000494508BFB04208D104F10B00FFF7D3FE51
:10A82000854266D040F24C41E2E7864279EB010373
:10A8300056D395F818B0BBF1000F48D114F8113C6D
:10A84000012B32D8D4F83F300133C4F83F3014F82C
:10A85000013CDBB2029354F8293C0093D8F8043051
:10A860000193DDE90032134307D114F8053C23B905
:10A87000002200234046FFF785FFD4F8135045B16E
:10A88000D5E90223DDE90010984208BF914218BFC4
:10A890000025029B002B00F00F83D4F83330002BEF
:10A8A00040F086804FF47671A2E714F8122C5B46D4
:10A8B0000092F7F783FE8246009A5B46304649468F
:10A8C0001FFA8AFAF7F77AFE80B28245BAD104F10C
:10A8D0000B00FFF778FE85422BD040F2574187E707
:10A8E00004F10B00FFF76FFE854234D040F26E4159
:10A8F0007EE7D4F8131000220B4623B982B1136807
:10A900002B601560A3E7D3E902C0814508BF664507
:10A910000AD0664579EB0000F0D31A461B68ECE7D5
:10A920002960C4F8135092E741462846FFF7F9FE24
:10A930008DE7D4F8131000220B4673B9D2B1136817
:10A940002B601560D4F82F00F9F75EF8D0B904F148
:10A950001300F9F704F8414612E0D3E9027081458B
:10A9600008BFBE420AD0BE4279EB0000E6D31A46C9
:10A970001B68E2E72960C4F81350E3E74146284624
:10A98000FFF7CFFE0022D4F80B309B1A8DF814206D
:10A9900018BF0123EFE2D4F81330002B3FF452AF7D
:10A9A000D3E90223994208BF90427FF44BAF4EE7B0
:10A9B000002D00F0D78014F805CC05F1200995F89A
:10A9C000201095F82100BCF1000F08D011F0020F03
:10A9D0000CBF03220022012823D8032640E001F007
:10A9E0000302022A00F09280890700F1D68294F8CF
:10A9F000676012B92EB901260CE026B1012AFAD1FE
:10AA000018B1022209E0012AF5D1B4F86B20012A1D
:10AA100018BF0126C6F10106F2B2B4F8616006441F
:10AA200018E094F863E005F1230A0AEB0E01497877
:10AA30000EEB01061AF80EE01EF0010F06F10206F9
:10AA40005ED10229C9D98642C7D80339B4F86160FA
:10AA5000C9B20E4434F8150C8642D4BF0026012634
:10AA6000964238BF1646012E34D8BCF1000F4FD0A5
:10AA700005F1230E94F863C01EF80C20D20729D4E8
:10AA800054F8191CF444D5E904029CF803E00818B2
:10AA900042EBE1729CF80410090441EA0E219CF893
:10AAA00002E04FF0000C41EA0E01884272EB0C0EFE
:10AAB00010D3401A62EB0C01D4F84FC0D4F85320E5
:10AAC00084458A4106D20122C4F8470084F86520F3
:10AAD000C4F84B1040460393FFF786FDB4F85F10AF
:10AAE0008246039B401A82B200B2012840F0668180
:10AAF000002E40F01D813A68BABB40F24F2177E644
:10AB000094F865E0BEF1000F9DD166E7032284E76B
:10AB1000B4F86120002ADDD154F80DCC14F8122CC1
:10AB200054F809EC0CFB02F2B4F86B10B2FBFEF225
:10AB300092B29142CED154F8190CD5E90421821871
:10AB400041EBE071F44507D2B4F86D000CFB00FC5A
:10AB50001CEB020241F100010120C4F8472084F8F7
:10AB60006500B5E7A9460326B4E714F8052C05F1FE
:10AB70002301002A47D094F86320885C01EB020C83
:10AB8000C0F3400B9CF80190C00757BFA9F103091F
:10AB9000023205325FFA89F94CBF84F8632084F8E9
:10ABA00063200833B4F8610094F863C04A4618443F
:10ABB00003936144F7F746FEB4F8612094F86310FC
:10ABC0004A44894492B284F86390A4F86120BBF1AE
:10ABD000000F70D0D4F84B30A4F12901D4F847000D
:10ABE000C4F85330C4F84F00039BD5E902BCC1E957
:10ABF00020BCB4F85F10AAEB010189B201291FD073
:10AC00004FF42071F4E59DF8142095F820C095F8D4
:10AC100021906CF301028DF8142092070AD184F878
:10AC20006700B4F86BB00BF1FF32D2F1000B4BEBC5
:10AC3000020BB6E794F86720002AF2D1B346B0E7DA
:10AC40000832A4F85FA084F8641034F8211CFA805C
:10AC50004FF48172B9803A813A681060FA88396895
:10AC6000083A81F804A04FEA1A2A92B281F805A0A6
:10AC70008A71C2F30322CA7119463868B4F8612098
:10AC80000830F7F7DFFD94F82430002B4ED094F80D
:10AC90002320B4F86130012A1CD0022A16D06ABBE6
:10ACA00063B3D4F81F300133C4F81F300023A4F875
:10ACB000613084F86530374695F8212094F8633088
:10ACC0009A4280F0D78040F2075191E534F8152C74
:10ACD0009342E6D1032BE4D93B689F6814F8053C06
:10ACE000A3B194F82B307BB1D4F827300133C4F8EA
:10ACF0002770FF2284F82B20BB42D2D1D4F8173022
:10AD00000133C4F81730D1E73B46F0E754F80D1C87
:10AD100014F8122C4A4354F8091CB2FBF1F2D5E99D
:10AD2000020192B2F7F74AFC8742E6E70826BDE740
:10AD3000022E0CBF4FF0010A4FF0020A013100232E
:10AD400094F865C0A4F129001FFA81FBA4F86130D2
:10AD500084F86530A4F85FB0BCF1000F4BD194F8D3
:10AD600064C0BCF1000F5AD054F80D3CD0E91E214C
:10AD70009B1841F10001C0E91E3194F82420002AFB
:10AD80004FD094F82B3023B1D4F827300133C4F8D6
:10AD90002730D4F81B3000270133C4F81B30A4F14E
:10ADA0002901D1E90023C1E92023D6B1B9F1000F6F
:10ADB00017D099F8013084F8633012E018DCB9F14B
:10ADC000000F00F0E88014F8053C73B16EB994F8F8
:10ADD00063309944023399F804201344002784F81F
:10ADE0006330002D7FF468AF45E099F80130F5E756
:10ADF0004FF0020AA2E7D2B254F80D1C013AD31761
:10AE0000A2FB012E01FB03EE036F9B1A426F62EB64
:10AE10000E010122C0E91E3184F86420ADE76346CB
:10AE2000ABE734F8212CBCF1000F87F809C0BA80D9
:10AE300018BF08214FF0020204BF042100233A7218
:10AE400088B218BF3A68A1F10401F88018BF1360F6
:10AE50003A68FF88531802F801B03F1A4FEA1B22E4
:10AE6000BFB25A709F70C7F3032747EA8A17DF7093
:10AE7000082794E769D1009B5A1C019B43F100030A
:10AE800044F8292C44F8253C14F8053C63BB54F8DD
:10AE90000D0C14F8122C54F8091C4243B4F86B3012
:10AEA000B2FBF1F2013B92B29BB29342A4F86B3039
:10AEB00004D340F213519BE4029FDCE7A3B9A4F84A
:10AEC0006B20B4F8692084F867300132B1FBF0F1EF
:10AED000A4F8692089B2B4F86D20013292B291428F
:10AEE00018BF1346A4F86D30002384F86330B5B161
:10AEF000D4F8133013B940F2725179E4D3E9021255
:10AF0000DDE90006964208BF8842F4D11A689D42E6
:10AF1000C4F81320EFD141462846FFF702FC029BFC
:10AF20009BB994F837305BB1D4F82F302BB1404641
:10AF3000FFF7FCFB4046FFF79CFB002384F837300B
:10AF40000023A4F8613084F86530D4F8133054F845
:10AF5000295C54F8251C33B1D3E90202914208BFA1
:10AF6000854218BF0023D4F80B2092B9003B18BFCC
:10AF700001238DF814708DF8153000209DF81430E1
:10AF800063F307009DF8153063F30F2007B0BDE8A9
:10AF9000F08F0123EDE74F4623E762463DE50023AE
:10AFA0008365D0E92032013342F10002C0E920324A
:10AFB00090F8633013B1013B80F863307047002391
:10AFC0000B704B708B70CB70EFF3108372B602680E
:10AFD00022B90160416003B962B6704742681160EE
:10AFE000F8E770B504460025666A16B9A16D59B92F
:10AFF00070BD616A606D0B6863620D704D708D701D
:10B00000CD70F8F7F8FCEFE7606DF8F7F4FCA66593
:10B01000EEE7436D10B5044633B1FFF7E2FF606D14
:10B02000D7F7C2F80023636510BD0346807828B1C6
:10B030005B785B0654BF04380838C0B270472DE90E
:10B04000F04F044685B0A56D65B9606D50B1F8F755
:10B05000C2FCA06530B118222946083084F862503D
:10B06000F7F766FCA56D002D00F0A881B4F860101C
:10B07000277FB1B994F863309BB197B9012629466F
:10B0800004F12400D4E9202385F8206085F821709C
:10B09000C5E90223FFF793FF6E742046FFF77FFF99
:10B0A000D1E7E66A002E00F0898106F1200396F8C8
:10B0B0002180019308F03003202B04D040F2EF11DF
:10B0C0004320D5F70DFD4FEA181806F1200308F0CC
:10B0D000040808F10408984408F1040301930029C6
:10B0E0006CD1D6E90239002F51D0D6E90402D6E955
:10B0F00006CA1B1A69EB0202012B72F100002CDB5D
:10B10000B3F1004F72F1000201DBD221D8E7A2694E
:10B1100002F1FF3E7344B3FBF2F3E27B13EB0C0C42
:10B12000D4E920B94AEBE37AACFB02C302FB0A3351
:10B13000DC4573EB090294F862203CBFDC464B46C9
:10B14000DAB1D5E902E0984208BFE64515D06B7C3C
:10B15000002BA2D140F20121B2E753EA02000AD04B
:10B16000B3F1004F72F1FF3201DAD721A8E7A269EB
:10B1700093FBF2F3D1E70123CFE7C5E902C3A37B39
:10B180009B1ADBB2042B15D840F20A2198E7D4E9C8
:10B19000052094F80FC0B0FBF2F2BCFBF2FAD2B279
:10B1A000AAFB033EBCFBF2FC0AFB09EEC5E9023E2A
:10B1B00084F863C0D5E90223C4E9202305F12309FB
:10B1C000002F00F0DA80E27BB369A3FB02C3D4F85E
:10B1D0008030A3EB0C03B3FBF2FCA269D6E9047345
:10B1E000ECFB02739A4694F8623003B1A9BB09EBF9
:10B1F0000302D6E902CE6266002229F803209A1CD7
:10B20000D2B284F86220002940F0B08067457AEB22
:10B210000E0302D240F29D1152E7A7EB0C0313F08C
:10B220007F4F02D04FF4D1714AE7039309EB020339
:10B23000BDF80CE09DF80EC029F802E083F802C0CA
:10B2400094F86230033384F86230636E5A780332C4
:10B250005A701A7861F300021A7006F12000D4E9DE
:10B260002023C5E90223FFF7E0FEB4F8601083460F
:10B27000A27B94F86200ABEB0103121A4844DBB2E4
:10B28000D2B29A4228BF1A4608F104030B44019235
:10B290001946F7F7D7FA94F86210019AB4F86030BB
:10B2A000114494F81CC01344C9B29BB284F86210D4
:10B2B000A4F86030BCF1000F18D0606E90F801E087
:10B2C0007244427098F803E098F802200EF00F0ED6
:10B2D00042EA0E22A2EB030EDEF1000242EB0E0266
:10B2E00090F800E062F3410E80F800E098F8030067
:10B2F00098F8022000F00F0042EA0022A07B88426A
:10B3000001D0934229D1687C002838D0EFF3108314
:10B3100072B62A7C0AB985F8211003B962B6237F78
:10B320000BB96A7CB2B994F862C0A07B844511D095
:10B330002A7C7AB98BB16369D6E902125B1842F1B3
:10B3400000029F427AEB020304D3A0EB0C00C0B2D0
:10B35000082802D82046FFF722FEB4F860301FFA12
:10B360008BFB5B451FD94FF41671A9E619F8032032
:10B3700042F0010209F803206FE7BA466DE7BCF11D
:10B38000000F0ED19B1A18BF012385F8203004F15D
:10B39000240085F82110A16DFFF711FE01236B74C5
:10B3A000BDE70223F1E77FF44EAE31462046F3F7C6
:10B3B00023FC4FF00003A4F8603044E605B0BDE87C
:10B3C000F08F3E38FFF73BBEC0E92C237047C0E941
:10B3D0002E237047F8B5044615461E46406A20B92C
:10B3E0002146BDE8F840F3F739B8D0E902230768F1
:10B3F000B34208BFAA42F3D0AA4273EB060104D2BB
:10B400002146F3F72BF83846E9E7954276EB03033C
:10B41000F9D20020E4E7C0E91A23009BD3E9022314
:10B42000C0E91C23FF2380F87830704702230B709B
:10B430008B70704707B5037F03F0FF027BB90D23C4
:10B440000B7001238B7030F8343CA1F80330437A41
:10B45000A1F805304272042003B05DF804FB3438D3
:10B46000F3F7C8F90020F7E737B50446FF2580F861
:10B4700050500025C564079D0195069D0095F3F782
:10B48000E3FB054610B92046F3F7B4F9284603B0AC
:10B4900030BD38B50446406DF8F797FA00255822BC
:10B4A00029466562A018A562E5622563F7F740FAB0
:10B4B000294604F1C0001022BDE83840F7F738BA39
:10B4C00010B50446F3F782F92046BDE81040FFF7B7
:10B4D00088BD10B5044690F820300BB1F3F7F6FBA9
:10B4E0002046BDE81040FFF794BD08B5F6F7E0FF31
:10B4F000BDE8084000F038B8801A00F3070038B5FE
:10B500000D46144659B240B2F3F78AFC0023287066
:10B5100020446B7040B238BD002303607047704711
:10B52000002070474FF0FF3070474FF0FF307047FA
:10B530007047002070474FF0FF3070470020704781
:10B54000002070470023037070470022FFF7D4BF2C
:10B55000002070474FF0FF3070474FF0FF307047CA
:10B560004FF0FF30704770477047F4F703B9FFF7AB
:10B57000FCBFF3F7F3BCF3F71BBDF3F747BDF3F7DD
:10B580005FBDF3F7D9BCF3F7DDBCF3F7E1BCF3F72C
:10B5900013BEF3F77DBDF3F703BE08B5F3F7C2FCA6
:10B5A000002008BD70B50024F3F712FF05462646BB
:10B5B000E0B2854200D870BDF3F710FF01348684F5
:10B5C00080F82660F4E7F6F74BBF002070470020B4
:10B5D0007047002070470020704701207047704777
:10B5E00020BF704700280CBF6FF015000020704787
:10B5F0000020704707230370002070470020704729
:10B600000020704710F8012B11F8013B012A28BFD8
:10B610009A42F7D0D01A7047034613F8012B002A3C
:10B62000FBD1181A01387047014805F0DDBB00BF97
:10B63000D008002138B5094D4FF0FF324FF0FF33ED
:10B64000284605F09FFB044601F0CEFC10B12046D1
:10B6500001F012FB06F080F8EEE700BF00090021C0
:10B660000346F7B5054613F8010B4A1E02282DD0F4
:10B67000052845D001284FD1022A4DD9EA780C1F60
:10B68000944249D103220020CDE900320022002358
:10B6900001F072FC064600283ED000F10C07384647
:10B6A00007F08AFF844205D9304603B0BDE8F04078
:10B6B00001F0E2BA2246291D384607F06BFF3146F9
:10B6C000164803B0BDE8F04009F03EBA032A23D97A
:10B6D000B5F803204C1F94421ED10422019200931E
:10B6E0000022002301F048FC0646A8B100F10C0737
:10B6F000384607F061FF8442D6D82246691DDBE751
:10B70000032A09D9B5F803204C1FC2F30D02944255
:10B7100002D104200190E2E703B0F0BD000900214E
:10B7200008B50A4801F06CFC70B9094807F079FCCB
:10B73000002802DA10F1780F06D1BDE80840054A6A
:10B740000549034807F07BBC08BD00BFE80800219D
:10B75000F0520301780700218871002170B54FF085
:10B76000FF324FF0FF33154805F062FB144D154EC4
:10B770004FF0FF324FF0FF33284605F003FB017E08
:10B780000446032906D0052905D0012910D001F06F
:10B7900073FAEDE7022104F10C0007F004FF3046D4
:10B7A000228AE16807F05FFC002803DB2046EEE711
:10B7B0000421F0E705F0D0FFF1E700BFD008002139
:10B7C000E808002188710021014B1B68184700BF61
:10B7D00090070021014B1860704700BF90070021BF
:10B7E00030B585B004460D4610220021684609F0A8
:10B7F00055FC02238DF80230044B2A462146684648
:10B80000019306F0F7FD05B030BD00BFC9B70201D6
:10B8100080B505460E461746984606F03DF80346A5
:10B8200009F0D8FC0446DFF81890424649F8003089
:10B8300039463046A84754F8090000F0EFFD00BF34
:10B84000080000002DE9F047058B044628079046C4
:10B8500011D4022905F0070540F0CC80204607F0FE
:10B86000F9FA78B10138218B042811D8DFE800F00B
:10B87000C2106D85950001290CBF45F0100545F0FB
:10B880002005258388F31188BFF36F8FBDE8F0870B
:10B8900001F0070AAA4500F0A5800027B9463E46F8
:10B8A000A368002B00F0BC8041F00801218388F3DD
:10B8B0001188BFF36F8FA168002900F0BA800D686E
:10B8C000002900F0B680334652462046D1F8048065
:10B8D000C047002D76D02B6829461D46F0E701F0C1
:10B8E00007035A1F012A1BD8002221F00701062B4B
:10B8F000276889B2C4E9002209D13B4603E0628B84
:10B90000013262831B68002BF9D141F0020120460D
:10B91000218307F09FFA00287AD041F0200176E0D9
:10B92000042B0AD121F0070189B22046218307F0B8
:10B9300091FA10B141F020012183218B01F0070A17
:10B94000AA454FD00027B946AAE7236921F007018D
:10B9500041F00601062DD3F8009021832DD1B9F1D5
:10B96000000F3FD041F00801218388F31188BFF315
:10B970006F8F20463949C84729E021F00701236924
:10B9800041F0040189B2042DD3F804902183E6D05C
:10B9900000274FF0040A3E4682E721F007012369A1
:10B9A00041F0050189B2052DD3F808902183D6D046
:10B9B00000274FF0050A3E4672E700274FF0060ABF
:10B9C0003E466DE72B4687E7B9F1000FD1D1EFF383
:10B9D0001188402383F31288BFF36F8F238B23F0EA
:10B9E00008032383258BEA062ED525F01003238335
:10B9F00005F007056669218B002EBFF670AF0023A6
:10BA00002768C4E9003321F0070141F001012183D7
:10BA1000218B4FF0000901F0070AAA457FF440AFDF
:10BA2000002F9CD041F00801218388F31188BFF3D7
:10BA30006F8F002FC8D03D683946334652462046A6
:10BA400007F034FA2F46F4E7AB067FF51BAF25F07D
:10BA50002003238305F0070500E700BFD92E03016B
:10BA600030B50C460E4985B00291D0F8D411054688
:10BA7000CDE9003100F1F0014FF0FF33204604F032
:10BA8000EFFC50B9012384F86C30D5F8D03123B1E4
:10BA9000204605B0BDE83040184705B030BD00BFB6
:10BAA0008931030138B50C461146054607F06EFB97
:10BAB000034638B92846044907F068FB03460020CE
:10BAC000236038BD0120FBE7F85D03012DE9F04F4D
:10BAD000012381460569466887B005F56377D7E895
:10BAE000EF2F002A03D1C7E8E13F0029F7D10CBFAF
:10BAF0001A46002240F0B480B368B16A05F5F878C0
:10BB00001C1F104607F0C6FB844272D8013A00F0B1
:10BB1000A180B2FA82F24FF00044D440726820460D
:10BB2000073222F00302C5F88822B16A07F0B2FB9F
:10BB3000C5F88C02B36A40466343033323F0030322
:10BB400002EB4302230103EB4403093323F0030315
:10BB500003EBC403C5F880221A440832C5F87C22DE
:10BB60007368C5F88442C5F878323F4BC5E9B363C2
:10BB7000D9F80030C5F82432316800F0DFF9044606
:10BB8000002834D1D9F810B0D9F804A0D9F8003081
:10BB90000BF53A79059004934846DAE90734012B0E
:10BBA00008BF103C09F06DF8DAF824002F4904AB07
:10BBB00001EB80214FF4806248460093234605F054
:10BBC000B9FA2B490BF5367009F014F8DAE90501DA
:10BBD00083685C684CB15B46264AA047044630B98E
:10BBE000DAE9050183681B692BB96FF0570400215E
:10BBF00029E0013285E70122984704460028F6D162
:10BC00001D4B2846C5F8D0311C4BC5F8D4311C4B10
:10BC10000393D5F838320293D5F83032CDE900835A
:10BC2000D5F89032B26AD5F8881300F04FF904467F
:10BC30000028DCD105F1F00004F0B8FC0028C5F8BC
:10BC400090030ADB0221384607F0D4FA204607B0F9
:10BC5000BDE8F08F6FF00B04C9E76FF01504C6E77D
:10BC60006FF07704F2E700BFDF310301907C002121
:10BC7000C5310301B931030185BC02016B330301F6
:10BC80002532030113B5044640B100230122CDE95A
:10BC90000032074BD0E9091204F092FB236F1B68B6
:10BCA00023B1606F02B0BDE81040184702B010BD6C
:10BCB000F85D030113B504460846216901F5637177
:10BCC000D1E8AF1F022910D193B1A0B10121CDE974
:10BCD00000311346D0E9091204F072FB074B984279
:10BCE00008BF6FF00B0002B010BD6FF00F00FAE755
:10BCF0006FF04C00F7E76FF00100F4E72EF8FFFF5C
:10BD00002DE9F74388461546066906F56373D3E8BF
:10BD1000AF3F022B5FD1136823B96FF0150003B05A
:10BD2000BDE8F0831B78002BF7D0D6F88893B9F1E3
:10BD3000000F33D106F5EC774FF0FF324FF0FF33B1
:10BD4000384604F06BFF30462A6801A9FFF7AAFEC7
:10BD5000019C1CB9384607F04BFADEE705F10803F1
:10BD600023676B6984F86C906367646460B13846DC
:10BD700007F03EFA21463046A36E2A68FFF770FEB0
:10BD80000020C8F80040CAE72022296804F14800D2
:10BD900009F0AEF9384607F02BFAF1E730460F49C3
:10BDA00007F0F4F904460028B7D005F1080303674B
:10BDB0006B6940644367002380F86C302022296857
:10BDC000483009F095F922460121304600F060F82C
:10BDD0000028D5D0A1E76FF00F00A0E7F85D0301C0
:10BDE00010B50C46006900F56373D3E8AF3F022B32
:10BDF0000FD189B10A4900F5367008F027FF2046B7
:10BE000008F0B7FA78220021204609F047F900200F
:10BE100010BD6FF00F00FBE76FF00100F8E700BF07
:10BE2000907100212DE9F04F05460E4690460027FF
:10BE3000D0F8C4A085B0AAF5BE7421463046FFF7FD
:10BE4000E1FBE0B9114BA4F1480B0293DAF8103092
:10BE50003246CDE9008329464FF0FF335846AAF514
:10BE6000E27904F0FDFA60B97823012203FB07931D
:10BE700083F86C20DAF80C300BB1584698477834C8
:10BE800017B105B0BDE8F08F0127D6E7993303015C
:10BE90001FB5144690B18AB1012912D10A4B00F1A5
:10BEA000F0010293D0F8D431483201934FF0FF33C0
:10BEB0002046009304F0D4FA04B010BD6FF01500D2
:10BEC000FAE70020F8E700BF993303012DE9F043BA
:10BED00087B00E46DDE90E811446DDE910251F46C8
:10BEE00030B329B3DFF850C000F1F009002D08BFCE
:10BEF00065469EB9CDE9034400F5E27420460596F7
:10BF000008F0D1FC03ABCDE900432A463B4641464D
:10BF1000484604F0C5FB07B0BDE8F0830022414667
:10BF20000E9248462A4607B0BDE8F04304F00EBD25
:10BF30006FF01500EFE700BF25BE0201F0B50E4619
:10BF4000044689B0002872D0436B0BB9394B436368
:10BF500001232246E3630023D4F8981004F1400043
:10BF600042F8301FCDE901334FF0FF330093D4F88E
:10BF70009C3007F0D2FE304A06AB92E8030083E81B
:10BF80000300184604F022F90546D8B904F134003C
:10BF900004F0FEF80546A8B9616B284805AA07F029
:10BFA00098FE054670B9059B9A6872B10C33D4F8B7
:10BFB0009400C4F8A03007F020FAC4F8D40030B9D7
:10BFC0006FF00B05284609B0F0BD0346EFE7D4F843
:10BFD000940007F012FAC4F8D8000028F0D0D4F882
:10BFE0008C30D4F8A010C4F8A8300423C4F8AC30C6
:10BFF000C4F8C4300223A362114BB4F89420D4F8DF
:10C00000D470C4F8B810C4F8D010D4F890102362DB
:10C0100004F1A403A4F8B020C4F8A470C4F8C010BC
:10C02000A4F8C820C4F8BC00A661E362CAE76FF0B8
:10C030001505C7E7DF5B030140540301E95B03011A
:10C04000A4580301014B036000207047D05803013E
:10C0500008B5044806F0F1FEBDE80840024806F0C5
:10C06000ECBE00BFF15B0301265C030130BFFFF7AC
:10C07000FDBF00BF2DE9F04105460B4EDFF82C80D7
:10C08000324606EB0807CC1B2046094908F0F9FFA9
:10C09000A01942460021083C09F000F86C6707F13E
:10C0A0000800BDE8F08100BF0000000004000000AF
:10C0B00038540301074A936893F90E10002907DBEF
:10C0C000526993421FBF044A536843F08053536040
:10C0D000704700BFE073002100ED00E0154B9A6A45
:10C0E00012F0007F9A6A14BF1E201D2012F0807F7C
:10C0F0009A6A18BF1F2012F4801F9A6A18BF022084
:10C1000012F4002F9A6A18BF212012F4802F9A6A25
:10C1100018BF222012F4003F9A6A18BF232012F49D
:10C12000803F9A6A18BF24206FEA02426FEA1242E7
:10C130009A62704700ED00E010B5164B9A6A9C6A4F
:10C1400012F4805F14BF1722162214F4006F9C6A49
:10C1500018BF1822A40509D59A6B9A6A120404D54F
:10C1600018B19A6A22F400429A621922094B986A1D
:10C1700010F4806F986A18BF1A2210F4807F986AB2
:10C1800040F47F4098624FF000030CBF10461B2024
:10C190000B7010BD00ED00E010B5154B0246986A1B
:10C1A0009C6A10F0100F14BF1120102014F0080F1B
:10C1B0009C6A18BF1220A40709D5586B986A00061C
:10C1C00004D51AB19A6A22F080029A621320084BB1
:10C1D0009A6A12F0010F9A6A18BF1420D20658BF4B
:10C1E0009A6A9A6A42F0FF029A6200230B7010BDAD
:10C1F00000ED00E0F0B5474B04465B6800258BB0CE
:10C20000C3F3080385F31188BFF36F8F02F07F40FB
:10C21000B0F17F4F11D102F00C0008280DD01007AB
:10C220004CBF0C4601250022033B8DF80720032B51
:10C2300005D8DFE803F02462665F2C46F3E70023AD
:10C240009DF80720CAB902AE04F1200732462068E3
:10C250006168083403C2BC421646F7D1099A002D22
:10C2600053D0C2F3080121B96FEA52226FEA422289
:10C270000992184602A907F0FEF80BB0F0BD254B55
:10C28000DA6A9107DBD4DA6A002AD8DBDA6A52006C
:10C29000D5D55A69A16942F480725A61BFF34F8FB4
:10C2A000BFF36F8F5A6931F8021C22F480725A6111
:10C2B000BFF34F8FBFF36F8F4DF60272914209D0DB
:10C2C0009A6AD2B242B101200DF10701FFF764FF73
:10C2D0000346B5E72368B3E79A6A12F47F4F05D0A7
:10C2E00001200DF10701FFF727FFF1E79B6AB3F586
:10C2F000803FA4D3FFF7F2FEEAE700200DF107012B
:10C30000E4E700200DF10701EDE722F4FF7222F0CF
:10C310000102ADE700ED00E0064B5A6942F0100261
:10C320005A615A6942F480625A615A6922F00802DD
:10C330005A61704700ED00E0EFF30880EFF30981E8
:10C3400001B57246FFF756FF01BD00BF002080F324
:10C350001488BFF36F8F002080F30A8880F30B8866
:10C3600003F084F900200E490860BFF34F8F0D4899
:10C3700080F3088800F02CF8402080F311880A48E8
:10C380004FF40061401880F30988EFF31480022114
:10C39000084380F31488BFF36F8F00F007F90000A3
:10C3A00094ED00E090950021908400210023184630
:10C3B0000649D1F89020C2F30722934200DB704770
:10C3C000C1F89830C1F8A0000133F6E700ED00E0B5
:10C3D00010B572B6002484F31388FFF7E7FF2346F5
:10C3E0004FF0FF300C4A03F120010133102B42F8CB
:10C3F0002100F8D100234FF0FF30074A03F160011C
:10C400000133102B42F82100F8D162B6BFF34F8FF1
:10C41000BFF36F8F10BD00BF00E100E0084B9B68C9
:10C4200083420BD1EFF3058343B1064B5A6842F0C8
:10C4300080525A605A6A22F400425A6208F001BDE2
:10C44000E073002100ED00E06FF00A01084A9368F4
:10C45000D967084998674B6843F080534B600023C5
:10C4600083F31188BFF36F8F9368D86F704700BF55
:10C47000E073002100ED00E0EFF31183402383F32C
:10C480001288BFF36F8F4FF00061084A53699360C1
:10C49000074A5160596F074A116000219A6F9967E6
:10C4A00082F31188BFF36F8F704700BFE0730021E4
:10C4B00000ED00E0B87100210E498A684FF03000AD
:10C4C0001044EFF3098C80E8F01F74467046FFF7C4
:10C4D000D3FFA64607498A6802F1300090E8F01FB2
:10C4E0008CF3098802F1000004B506F0D9FFBDE81D
:10C4F00004407047E07300211EF0040F0CBFEFF3FF
:10C500000880EFF30980816911F8021C0229FFD02D
:10C5100001B506F0B6FF01BD40B2002807DB0123DC
:10C520004109034A00F01F00834042F82130704760
:10C5300000E100E040B200280CDB0122064943097B
:10C5400000F01F008240203341F82320BFF34F8FBB
:10C55000BFF36F8F704700BF00E100E0054B420959
:10C5600053F82220012300F01F0003FA00F01040CE
:10C57000704700BF00E100E0D30748BF002140B290
:10C5800058BF02310028ACBF00F16040064A4FEAB4
:10C590004113DBB2ABBF00F5614000F00F0080F843
:10C5A00000331354704700BF14ED00E008B5084B8A
:10C5B000084A23F07F039360BFF34F8FBFF36F8F61
:10C5C00004F06AFA05F006FA00F04CF804F0A4FA58
:10C5D0000000000100ED00E042F8203C009B0B4908
:10C5E00042F81C3C019B21F0010142F8183C029BDF
:10C5F00042F8081C42F8143C4FF0807342F8043CA7
:10C600000023203A02658367704700BF11B802011A
:10C6100000B50D4B15469860426F0C4B0E461A60E4
:10C62000436E83F30B882C4686F309884FF0000095
:10C63000074B984720464FF000014FF000024FF0A3
:10C640000003044C204700BFE0730021B8710021B3
:10C65000A934030111B802011022014B1A6170477D
:10C6600000ED00E0002340210348C21801331E2BD7
:10C6700082F80013F9D1704700E100E008B5EFF34C
:10C680000583064A103B02EBC30152F833004968A8
:10C690008847BDE80840FFF70DBD00BF18530301F0
:10C6A0001FB5094C094A23460121094800F0FAF850
:10C6B00000230393074B0121E41A01A8019302947C
:10C6C00000F0FAF804B010BD0000012100000021C4
:10C6D000D0580301C809002110B50C7A0B6804F08A
:10C6E0001F0223F01F031A43CB68640923F01F03C2
:10C6F000054943EA440343F00103C1F89800C1F837
:10C700009C20C1F8A03010BD00ED00E010B5074B33
:10C71000D3F89030C3F30723013B984202D8FFF7C8
:10C72000DBFF10BD6FF01500FBE700BF00ED00E080
:10C730002DE9F04F0F46144606464FF000084D4DC8
:10C7400085B0B84580F29280D6F80490B9F1000F18
:10C7500036D0B9F11F0F40F2878019F01F0F40F05B
:10C760008380D6F800A01AF01F0F7DD1504606F046
:10C77000DBFE834609EB0A00013806F0D5FE83454F
:10C7800072D11BF1160F6FD05C456DDDC5F898B006
:10C79000D5F89C10C5F898B0D5F8A03021F01F014D
:10C7A00043F01F0AD6E900321A44994202F1FF39D8
:10C7B0001ED1CA4508D131465FFA8BF006F0BDFEA6
:10C7C00008F101080C36BCE73146C5F898B0D5F839
:10C7D0009C3022F01F0203F01F031343C5F89C3066
:10C7E000E0B206F0AAFE10F1160F3DD0441CE7E7B8
:10C7F000C5F898B0D5F8A020013B23F01F0302F044
:10C800001F021343CA453146E0B2C5F8A030E8D054
:10C8100006F093FE10F1160F26D0C5F898B0D5F8A3
:10C820009C209DF808300AF1FF3A62F304038DF86A
:10C830000830D5F8A0309DF808205B0863F3471254
:10C840008DF80820D6E900321344009323F01F032B
:10C850005344A3EB0903013023F01F036946C0B220
:10C860000393FFF753FFBEE76FF01504204605B0B2
:10C87000BDE8F08F00ED00E00522044BC3F89420E2
:10C88000BFF34F8FBFF36F8F704700BF00ED00E025
:10C89000BFF35F8F0022024BC3F89420704700BFA4
:10C8A00000ED00E010B5034C2278FFF741FF207047
:10C8B00010BD00BF187400212DE9F74F294D8A469D
:10C8C00006464FF00008AB46274FD0451BDAD6F896
:10C8D0000490B9F1000F3FD031680846019106F08D
:10C8E00023FE0199044609EB0100013806F01CFE05
:10C8F00084424FF014021D4B08D002FB08F36FF086
:10C9000015024BF8032003B0BDE8F08F14F1160FA9
:10C910002C60F8D01978A142F5DD02FB08B0C7F809
:10C920009840C7F89840D7F89C4000F10801007B78
:10C9300064F304000871D7F8A0000C79400860F394
:10C9400047140C71D7F89C1021F01F016960D7F8CB
:10C95000A01021F01F01296108F1010814350C36DF
:10C96000B3E700BFBC71002100ED00E018740021A6
:10C97000F0B54149414CD1F890302568C3F3072305
:10C980009D4287B075D80020FFF782FF3C4BC1F86D
:10C99000C030854216D13B4C01A82570FFF752FBF1
:10C9A00000250646384FAE4213D100202378324985
:10C9B000D1F89020C2F30722934254DBFFF75CFFCB
:10C9C00000202FE0616801EB0011FFF785FE0130C8
:10C9D000DFE70199280101EB0513DA683A40B2F567
:10C9E000001F21D0B2F5800F2BD0B2F5801F38D1B7
:10C9F0005A689B680958013B22F01F00034401203C
:10CA0000844623F01F0340EA4C10CDE902218DF843
:10CA1000100002A920780593FFF778FE00281DDAA0
:10CA20006FF0150007B0F0BD5A689B680958013BCC
:10CA300022F01F0003444FF0020C012023F01F03DB
:10CA4000E1E75A689B680958013B22F01F00034444
:10CA50004FF0000C062023F01F03D4E723780133A6
:10CA6000237001359FE7C1F89830C1F8A000013369
:10CA70009EE74FF0FF30D5E700ED00E0DC58030102
:10CA8000AAFF4400187400210000F0FF08B5024B13
:10CA90001B689847002008BDD0710021034B044A51
:10CAA0001860937843F0020393707047D0710021AF
:10CAB000C007002108B50649064821F00701C1F169
:10CAC000045202F5803206F05EF9002008BD00BF76
:10CAD000FBD60021D471002170B541690446867AE5
:10CAE0000A4D59B1437ADB0706D42C2303FB0653C6
:10CAF0005B6A1B689B689847002363612C20214672
:10CB000000FB0650BDE8704008F029B81809002164
:10CB10002C21827A054B01FB02339A6A1B7F801A13
:10CB20001B3323F00303B0FBF3F070471809002117
:10CB300038B52C24827A064B04FB02335B6AD3E9B6
:10CB400001240C601568FFF7E3FF04FB005038BDBB
:10CB5000180900212DE9F04F85B005466846914639
:10CB60001C4690469A46039108F0C8F9DDE9006733
:10CB7000EFF3118B402383F31288BFF36F8F698B20
:10CB8000002942D02B8B8B4226D900220023284635
:10CB900004F0F8F80446F8B18BF31188BFF36F8FF7
:10CBA000039B002B4FD032463B46684608F0CAF93B
:10CBB0002C21A27A2C4B204601FB02335B6A03A98D
:10CBC0001B681D68DDE90023A847606100283BD190
:10CBD0002046FFF781FF31E0698B4B1E6B838BF39F
:10CBE0001188BFF36F8F2B7F2A8BAC6A1B3323F026
:10CBF0000303521A02FB03441B4B1C4AEB1A9B1003
:10CC00005343A3722B7FE372CAE78BF31188BFF300
:10CC10006F8F54EA090409D008F0DCFA144A154B66
:10CC200012589A420ABF8846C846C24642465346F0
:10CC3000284604F0A7F804460028B1D10024204675
:10CC400005B0BDE8F08F6361012300252381039BBC
:10CC500029466382E27A656004F1180008F01EFA42
:10CC600063692582E360EAE718090021A38B2EBAE5
:10CC7000080000004870002170B52C250B4C00B94D
:10CC800070BD037A4668013BDBB20372002BF7D11B
:10CC9000C3604360837A05FB03431B6A13B1984763
:10CCA0003046ECE7FFF718FFFAE700BF180900214C
:10CCB000064AD2F8AC3123F00043C2F8AC3100226E
:10CCC000034BC3F84C21D3F84C317047002001418D
:10CCD000006001410122024B0020C3F8402570474B
:10CCE000000008415023142213B51F4C0DF107001A
:10CCF000C4F80C351D4BC3F820214FF400621C4BC7
:10CD0000C3F8BC254FF48062C3F8382506F060FFF5
:10CD1000184B984225D118499DF8070006F047FFA7
:10CD200016499DF8070006F047FF15499DF80700D2
:10CD300006F03DFF21469DF8070006F03DFF01206B
:10CD40009DF80730984002F035FD4FF40022002096
:10CD50000C4BC3F84423C3F84C01D3F84C3102B058
:10CD600010BD6FF00B00FAE700B000410030204129
:10CD7000002001410000AD0B4C6101412820014120
:10CD80002C2101410060014173B5354BD3E84F3F81
:10CD900000233449CDE90033334BD3F80445BFF3C6
:10CDA0005F8FD1F80465BFF35F8FD3F804259442F9
:10CDB000F3D16B46224601212B4806F005FC324692
:10CDC00005460F21274801AB06F0FEFBE0B1019BB1
:10CDD0000DB9009302E0009A9342FAD3009B2248D7
:10CDE0001C44013CD0F84C3524F07F449C421F4940
:10CDF00032D0FFF75DFFC0F84C451D4B009A9A42B8
:10CE000018D901230B7001E0002DE7D1194AD2F89F
:10CE1000AC3143F00043C2F8AC31134BD3F84C2192
:10CE200032B90121144A5160D3F84C3103B1116079
:10CE300001230DE0BFF35F8FD0F80435E41A24F02E
:10CE40007F440E4B033C9C42DBD900230B70002334
:10CE50000B4A137002B070BD0B78002BF7D0D5E7EA
:10CE60001D74002100100141006001411B7400216C
:10CE7000FEFF7F000020014100B00041FBFF7F006A
:10CE80001C740021F8B51E490023C1E8423F52BB83
:10CE90001C4B1D783DB305231B4E1C4F34780134C9
:10CEA000B4FBF3F303EB8303E41A06F069FD184ABD
:10CEB000137823B157F82430C01A072813D9154B1B
:10CEC000D3F8141141B10021C3F81411D3F814316F
:10CED00034700CB901231370347806F051FD47F813
:10CEE00024002846F8BD0C4A0025D2F8AC3123F0C6
:10CEF0000043C2F8AC310122084B5A60F1E700BF91
:10CF00001D7400211C7400211A740021E07100219D
:10CF100019740021005000410020014100B000417F
:10CF200020B1034B800143F001031847704700BF55
:10CF30007058030108B5034B186807F005FE002080
:10CF400008BD00BFF4710021052838B5054608D892
:10CF50002A21C140C90704D5064806F00DFB044646
:10CF600010B90024204638BD01210C3006F008FB22
:10CF70002576F7E79C0900212DE9F04102280546B6
:10CF8000DDE906870BD004280BD020B9134806F042
:10CF9000F3FA044638B900242046BDE8F081104871
:10CFA000F5E71048F3E700F10C060121304606F0E2
:10CFB000E7FA2576B8F1000FEED0002FECD030461E
:10CFC00006F0FAFA874203D92046FFF755FEE2E75A
:10CFD0003A464146304606F0DDFADDE744090021D5
:10CFE0001809002170090021038A014623B1034B6F
:10CFF000186883689B68184712207047D007002183
:10D0000010B5084B084C1860206807F07AFC30B166
:10D01000206806498368BDE810401B6818476FF018
:10D02000120010BDF4710021D007002135CF02019C
:10D03000084B70B5C31A0D4607499B100446594367
:10D040004022064806F0FFFA2B4601462046BDE87E
:10D05000704018470C720021B76DDBB6785203019F
:10D06000402373B50B4C0093041B0B460D460A4935
:10D07000A41061430646094A094806F010FB011E48
:10D0800005DA30462B4602B0BDE87040184702B0C2
:10D0900070BD00BF0C720021B76DDBB6093703010C
:10D0A0007852030170B50022012104460520FFF7E4
:10D0B00063FA0F4802F0D2FA0E4B984215D106F0EF
:10D0C00070FD26690C49304605F013FF00280BDB84
:10D0D000012535642469084904F11C0005F009FFA5
:10D0E000002801DB0020E56470BD6FF00400FBE761
:10D0F00035D202010000AD0B505903017FB500226B
:10D100000123CDE9022304ABCDE90433094A6B4680
:10D11000CDF800D0CDF804D006F0EFFA002805DBFA
:10D120004FF480420023684603F082FE07B05DF8AA
:10D1300004FB00BF2737030110B5EFF31184402330
:10D1400083F31288BFF36F8F074A136823F002013D
:10D15000DB07116002D4012006F01EFD84F3118864
:10D16000BFF36F8F10BD00BF5C7200210C22104B0B
:10D17000014602FB0033002030B4D3E90E5298631D
:10D18000EFF31180402484F31288BFF36F8F1C6C7F
:10D1900004F0C00444F002041C6480F31188BFF35F
:10D1A0006F8F1DB12B4630BC0248184730BC70470A
:10D1B0000C7200217852030110B4EFF31182402366
:10D1C00083F31288BFF36F8F1748016841F00204A0
:10D1D0000460C80707D482F31188BFF36F8F012062
:10D1E00010BC02F02BBA1149D1F80C04D1F80C1480
:10D1F000C907F0D5EFF3118083F31288BFF36F8F67
:10D200000B490B6C03F0C00343F002030B6480F383
:10D210001188BFF36F8F82F31188BFF36F8F0020E7
:10D2200010BCFFF7A3BF00BF5C720021005000419B
:10D230000C72002110B1012804D07047034B1B6C05
:10D240005B0701D1FFF792BF704700BF0C7200214E
:10D25000F8B5012206462449D1E8EF3FC1E8E02FA6
:10D260000028F9D133B9214921484B60CB608A604D
:10D2700005F052FE731E012B1DD807F008FD044671
:10D28000D0B91C4B1B78BBB1022205461A4BC3F820
:10D290000823194FD7F81824D7F81834D20314D517
:10D2A00003F00303012B01D0012E0ED1BCB185F395
:10D2B0001188BFF36F8FF8BDEFF31185402383F31F
:10D2C0001288BFF36F8F0124E3E71CB1284606F0F4
:10D2D0000DF9DFE70021212004F0C0FADAE702228D
:10D2E000054BC3F80423E6E708720021F87100211A
:10D2F000287200218C7600210050004108B50748B3
:10D3000007F0FFFA38B10648FFF7C8FB0448FEF7FC
:10D3100061FA002008BD6FF01200FBE7C85203015C
:10D3200025D302010A2838B50446074D04D1AB685D
:10D330000D2128465B689847AB6803485B68E1B2FB
:10D340009847204638BD00BFC8520301EFF3118251
:10D35000402383F31288BFF36F8F0A4BD3F8001179
:10D3600061B10021D3F80805C3F80011D3F80031EA
:10D37000C0B282F31188BFF36F8F70476FF00A005D
:10D38000F7E700BF009000410346F0B510469C78D7
:10D3900093F803C0EFF31182402585F31288BFF3A1
:10D3A0006F8F1F7893F801E0E41B04EA0C04A0429D
:10D3B00088BFA0B23E180CEA06063D461E7082F3F6
:10D3C0001188BFF36F8F0A188A4216D177450CD1A6
:10D3D000EFF31182402181F31288BFF36F8F197828
:10D3E000597082F31188BFF36F8F1B79241AA342FF
:10D3F00022BF0122054B1A60F0BD5E197679013516
:10D4000001F8016B05EA0C05DEE700BF0090004162
:10D41000DB432DE9F04713F001050E46144604D016
:10D420002248FFF7B1FFBDE8F0879AB3EFF3118808
:10D43000402383F31288BFF36F8F0920FFF78EF824
:10D4400007460920FFF776F888F31188BFF36F8F3E
:10D45000DFF85CA04FF40079CAF80051DAF8003127
:10D4600001232546DFF84C80CAF80030C8F88091C7
:10D47000DAF8003183B1FFF769FF031EC8F8809125
:10D48000F6DB013DADB27355002DF1D117B1092086
:10D49000FFF742F82046C6E7EFF31180402383F3FD
:10D4A0001288BFF36F8F06F021F8E1E79072002138
:10D4B0000090004100E100E02DE9F0410D461446E6
:10D4C000114F07F1450814B92046BDE8F0814FF02F
:10D4D000FF334FF0FF32384603F0AAFC22462946BC
:10D4E0004046FFF751FF0646384603F07DFC3EB943
:10D4F0004FF0FF324FF0FF33044803F099FCE6E7AA
:10D50000A41BA4B23544DEE76072002178720021CA
:10D5100038B50122184C1146204607F02AFB01229B
:10D52000002104F1180007F024FB40F20743A4F89F
:10D5300048304FF0706323630C230025012184F8E9
:10D5400034300E4B84F84550A4F84650D3F80425E7
:10D55000092022F00102C3F80425C3F80051D3F8D2
:10D560000021C3F804132A461960FFF705F80920C3
:10D57000FEF7D2FF284638BD6072002100900041BE
:10D5800010B5FFF7E3FE002820DB174BC0B293F87D
:10D59000322093F8314093F83310141B31EA04041D
:10D5A0000DD193F8472093F8464093F84810141B88
:10D5B00031EA04040BD101220C4B5A600EE09C1896
:10D5C0000132114084F8350083F8321010BD9C18E8
:10D5D0000132114084F84A0083F847100448BDE83E
:10D5E000104003F001BC00BF6072002100900041B8
:10D5F00078720021F0B5406801F01F04057B87B008
:10D6000044EA45140569002D63D0B2F5001F00F10E
:10D61000100506D12146284606F059FB002007B028
:10D62000F0BD0027B2F5800F01AE0197776039D1C8
:10D63000B3F1007F14BF052304238DF804300023C9
:10D64000CDE904630393836823FA01F111F001012A
:10D650001AD1B2F1A07F17D104F01F03620903F1C0
:10D6600080032AD0012A3AD11E4A52F82330DB0720
:10D670000AD40DF1030632462146284602F004FB87
:10D68000194B98421BD002962146284603AA02F065
:10D69000B7F9164B98421FD101222146284602F0C5
:10D6A00055FBBBE7B3F1C06F05D0B3F1007F14BFEA
:10D6B00001230223C1E70323BFE70D4AD5E7314623
:10D6C000284602F03DFB094B9842DCD06FF00B007E
:10D6D000A5E76FF08500A2E76FF015009FE751F80E
:10D6E0002330FFDE00088C410400AD0B0000AD0BC1
:10D6F00000058C4138B545682B69B3B11035284613
:10D7000002F00EFB044680B90146284602F0D6FA24
:10D71000084B98420BD122462846074902F0AEFA40
:10D72000224605210A20FEF727FF002038BD6FF0B2
:10D730000400FBE70000AD0B3DD7020142090346A0
:10D7400070B502D0012A17D070BD0D4E32695168F4
:10D750000029F9D0012503F01F030C689D40002922
:10D76000F2D08A682A4002D030464B6898472CB1E4
:10D77000236821461C46F2E7024EE7E72346F8E716
:10D78000A05203018C5203012DE9F04340F206350B
:10D790004668D00648BF0320337B02EA050558BF20
:10D7A000C2F3401087B001F01F07B5F5837F144620
:10D7B00047EA43178DF8030044D00FD8062D18D040
:10D7C00007D8B5B1022D3FD06FF0150007B0BDE806
:10D7D000F083B5F5807FF7D101250AE040F20222FF
:10D7E000954233D0B5F5407F32D0B5F5007FEBD10F
:10D7F00002250123220303FA01F12BD573689960F6
:10D80000326972BB07F01F037F0928D0012F75D141
:10D810003C4A02EB830284F48033D2F80012C3F353
:10D820000043C4F3404444EA430421F4706144EAF1
:10D83000800421F00F0144EA05230B43C2F80032B3
:10D840000020C3E70725D4E70425D2E70525D0E764
:10D850000325CEE7630344BF7368D960D0E72A4A43
:10D86000D7E71036394630460DF1020202F00CFAC5
:10D8700014F4403F80460CD13946304606F025FA74
:10D88000224B9845DCD130469DF8021002F052FA46
:10D89000D6E74FF0000901AB3946304603AACDE97F
:10D8A0000439CDE90199CDF80C9002F0A9F8174B95
:10D8B000984289D114F4003315D09DF8033084F4D4
:10D8C0008034C4F300448DF80E3039464B46304660
:10D8D00003AA8DF80C508DF80D4002F04DF90B4B5A
:10D8E0009842CDD070E7CDE9043339460DF10303FA
:10D8F000304603AA039302F083F8F0E7803352F82E
:10D900002330FFDE00088C4100058C410000AD0B88
:10D9100010B504460269A2B0C2F880001649002082
:10D9200002F044FB002201211220FEF725FE842292
:10D93000002101A8646807F0B1FB0023012001AABF
:10D9400061680432D940C90744BF00FA03F142F8C4
:10D95000041C2168D940C90748BF00FA03F103F14C
:10D96000010348BFD163102BEAD101A802F036FBB6
:10D97000002022B010BD00BFC73703012DE9F04FD2
:10D980008C46002640F2FF1EDFF8E480DFF8E490CA
:10D99000DFF8E4A0F3B29C4502D80020BDE8F08F88
:10D9A00050F82610C1F3C324082CC1F3080350D843
:10D9B000090E734508BF4FF0FF3318F804400329E0
:10D9C0004AD8DFE801F002083033C2F80C35591CA0
:10D9D0002FD10136DEE7C2F814355D1CF9D00025E1
:10D9E00050F8261001F40047002F0EBFAB464FF051
:10D9F000010B002503F01F075B0928D0012B31D153
:10DA0000534603EB8707C1F341212402D7F80032C4
:10DA100044EA81042C4303EA090344EA4B04234308
:10DA2000C7F80032D5E7C2F80835D0E7C2F810359C
:10DA3000D3E7590909D0012911D10F4F012503F06E
:10DA40001F0105FA01F1B960CAE70C4FF6E70B4B6D
:10DA5000D7E76FF01500A1E76FF085009EE7002380
:10DA60009B60FFDE0023803753F82730F9E700BFC3
:10DA7000AC5C0301F0F0FCFF00088C4100058C4118
:10DA80002DE9F04104460D46476807F000F94FF0D4
:10DA9000400888B9264B1B7873B16426606805F08E
:10DAA00032FFF0B9012006F080F8013EF6D10021E6
:10DAB000212003F0D3FEF0E7EFF31186314688F31F
:10DAC0001288BFF36F8F606805F01DFFA8B986F359
:10DAD0001188BFF36F8FEFE786F31188BFF36F8F65
:10DAE000E5E7EFF31186314688F31288BFF36F8FB5
:10DAF000606805F008FF0028EED0FB6900201D706B
:10DB00006368FA691B68C3F844250122C3F84825F5
:10DB1000C3F82001D3F82041C3F85801D3F85801C5
:10DB20009A6081F31188BFF36F8FBDE8F08100BF69
:10DB30008C760021F7B50546002201211320FEF75F
:10DB40001BFD1320FEF7E8FC6B681A691868C0F823
:10DB50002425997D5A7D0A43198B1B7D0B43134362
:10DB6000C0F86C356E68D6E9004313F0010348D065
:10DB70002F6907F1080006F02BF8304B98425AD174
:10DB8000387A04F10C0204F5907106F01AF8387A2C
:10DB9000012707FA00F001F00DFE0823C4F8003554
:10DBA000F369C4F844350023C4F84835A760D4F8B5
:10DBB0005831002BFBD00021C4F800156B6801AA76
:10DBC000DC68204605F072FE002805DB019B226818
:10DBD00019791868FFF7D2FE08216A681368C3F83C
:10DBE0000015117A51B9126AC3F834250122C3F81D
:10DBF0003825C3F81011D3F810111A60002003B0B3
:10DC0000F0BD0822C4F80025F269C4F84425C4F820
:10DC100048350123A360D4F82031002BFBD000232A
:10DC2000C4F82031D4F820310123E3604FF480732D
:10DC3000C4F80433BBE76FF00400E0E70000AD0B6D
:10DC40000123834070B5DC430B4AD2E8EF1F01EAA1
:10DC50000405C2E8E65F002EF7D14FF4803282401F
:10DC60000648C0F80823BFF35F8FBFF36F8F0B42E6
:10DC700014BF0120002070BD6473002100600141C9
:10DC800070B40E4922F07F46D1E90034D01AC3188F
:10DC900044F10004C1E90034A6F50013B3F5400FC8
:10DCA00009D2074B1B681A0A1B069C19054B42F147
:10DCB0000005C3E9004570BC03F066BFB81E002133
:10DCC00068730021C01E0021D9B101230D4A834091
:10DCD000D2E8EFCF4CEA030CC2E8E1CF0029F7D13C
:10DCE0004FF48033084A8340C2F80433074BD3E82B
:10DCF000AF3FC340DB0742BF4FF48002044BC3F881
:10DD000000217047647300210060014160730021AD
:10DD100000E100E00D4B1868010A0006BFF35F8FB9
:10DD20000B4BD3F80435181841F10001B3F5801FEF
:10DD30000AD2084BD3E90023904271EB030303D2CC
:10DD400010F1807041F10001704700BF687300213D
:10DD500000600141C01E00212DE9F04F85B016463C
:10DD60001F4604469DF840A0FFF76AFF0190FFF7A9
:10DD7000D1FFB04271EB070352D23B4B301A67EB35
:10DD80000101984271F100014DD2384B03EB0413AD
:10DD9000D3E902239F4208BF964258D04FF48038FF
:10DDA000334908FA04F8204626F07F4BC1F848832F
:10DDB00005F0DAFD4FF00309584604F15005AD00B7
:10DDC000ADB205F1824504F5A87305F5B0350293AF
:10DDD000029A20F07F4341F82230C1F84483D1F801
:10DDE0000435244AC01A033820F07F4090422ED9CF
:10DDF000286868B1D1F80435A3EB0B0020F07F4010
:10DE0000B0F5000F039322D9204605F0ADFD039B2A
:10DE1000BAF1000F07D109EB030009F10109D7E7B7
:10DE2000BAF1000F09D06FF0150520460199FFF7F0
:10DE30004BFF284605B0BDE8F08F01230E4AA340F2
:10DE4000D2E8EF0F1843C2E8E10F0029F8D10749E3
:10DE50000E982301C8500F9B01EB04120025C2E964
:10DE600002675360E1E700BF01008000A81E0021A7
:10DE700000600141FDFF7F00607300217FB5002538
:10DE80004FF0FF304FF0FF31194C1A4B0226C4F807
:10DE90000833C4F84833184BC4F80855C3E90201E5
:10DEA0004FF480334FF48002C4F80433134B012144
:10DEB000C4F804631620C3F880212A46FEF75CFBF1
:10DEC0001620FEF729FB01230D4AA360236013608F
:10DED0000C4B0D4A009328460023CDE90155FFF76E
:10DEE0003BFF3046FFF7B4F9284604B070BD00BFD1
:10DEF0000060014103000F00A81E002100E100E0C6
:10DF00006473002181DC0201FFFF7F002DE9F743EC
:10DF100005F08BFB2A4BD3F8042390070BD5D3F8DD
:10DF2000042142B10022C3F80421264AD3F8043167
:10DF3000136801331360224AD2F80433D90320D581
:10DF4000214BD3E8EF1F21F00100C3E8E40F002CC0
:10DF5000F7D1CB0702D4D2F8403193B10025184C49
:10DF6000C4F84051D4F84031FFF7D4FEEFF31082EB
:10DF700072B6164BD3E90267B042B94104D282F3BC
:10DF8000108803B0BDE8F0834FF0FF38D3E90010EC
:10DF90004FF0FF391D60C3E902894FF48033C4F8A4
:10DFA0004833C4F84051D4F8403182F31088002936
:10DFB000E7D0009032463B4628468847E1E700BF5D
:10DFC000006001416873002160730021A81E0021D8
:10DFD00030B5431C124C85B005D08442A8BF04461E
:10DFE000012CB8BF0124FFF795FE0E4B0C4DD3E971
:10DFF0000013401AB0F5000F0FD22218AA4228BF12
:10E000002A46002052180849CDE90100009143F149
:10E010000003FFF7A1FE05B030BD2A46F1E700BFBF
:10E02000FFFF7F00B81E002181DC020108B5FFF769
:10E0300071FE024B1B68C01A08BD00BFB81E00214C
:10E0400002460B46014802F0E9BD00BFBC080021B2
:10E05000014802F05BBE00BFBC08002170B5064657
:10E0600088B036480D46364906F0C4FD01F0E8F99F
:10E0700003A8D3F7D1F8334806F043FC002856D064
:10E08000314B01A80193D3F771FA002852D14FF018
:10E09000FF304FF0FF31FFF7D3FF044638B92B496B
:10E0A0002B48D3F76FF8044620B1FFF7D1FF204685
:10E0B00008B070BD40F6C41302A80293F5F7C7F884
:10E0C00020B1FFF7C5FF6FF08504F0E74FF4C86398
:10E0D00002A80293F5F7D8F80028F2D140F21453C1
:10E0E00002A80293F5F7D5F80028EAD1029002A819
:10E0F000F5F7D2F80028E4D102A80294F5F7A5F8C4
:10E100000028DED1012368468DF80030F5F795F838
:10E110000028D6D147F2305302A80293F5F79FF8B2
:10E120000028CED1FFF794FF33691D60BFE76FF081
:10E130001204BCE76FF01504B9E700BF707300214B
:10E140003B3A0301B4520301C1E30201C81E00219E
:10E15000B1E302017FB59448D2F706FFD3F76EF81A
:10E1600018B16FF0850004B070BDD3F7E7F8002850
:10E17000F7D1D3F779F80028F3D1D3F7F5F80028D1
:10E18000EFD1D3F787F80028EBD1D3F79FF8002819
:10E19000E7D1D3F7B7F80028E3D1D3F7C1F80028C7
:10E1A000DFD1D3F78BF90028DBD1D3F79DF9002815
:10E1B000D7D1D3F7AFF90028D3D1D3F7C1F90028CD
:10E1C000CFD1D3F791F80028CBD1D3F79BF8002813
:10E1D000C7D1D3F7A5F80028C3D1D3F7E9F80028B1
:10E1E000BFD1D3F7F3F80028BBD1D3F7FDF800284F
:10E1F000B7D1D3F713F90028B3D1D3F72BF90028FF
:10E20000AFD1D3F741F904460028AAD1012501AACC
:10E2100029468DF80450D2F7FBFE0028A3DB02212B
:10E22000204601AA8DF80450D2F7F2FE00289ADBAE
:10E2300008260721204601AAADF80460D2F7E8FEBF
:10E24000002890DB594B0321204601AA0193D2F705
:10E25000DFFE002887DB02230421204601AA8DF877
:10E260000430D2F7D5FE0028FFF67DAFFB23062150
:10E27000204601AAADF80430D2F7CAFE0028FFF606
:10E2800072AF3146204601AA8DF80450D2F7C0FE85
:10E290000028FFF668AF03230521204601AA8DF868
:10E2A0000430D2F7B5FE0028FFF65DAF0921204605
:10E2B00001AA8DF80450D2F7ABFE0028FFF653AF49
:10E2C00003250A21002001AA8DF80450D2F7A0FEF0
:10E2D0000028FFF648AF0B21204601AA8DF8044024
:10E2E000D2F796FE0028FFF63EAF0123102120460C
:10E2F00001AA8DF80430D2F78BFE0028FFF633AF69
:10E3000002261121204601AA8DF80460D2F780FE72
:10E310000028FFF628AF1221204601AA8DF80460DC
:10E32000D2F776FE0028FFF61EAF1421204601AA80
:10E330008DF80460D2F76CFE0028FFF614AF1321AD
:10E34000204601AA8DF80460D2F762FE0028FFF68D
:10E350000AAFFB23ADF80C30F7238DF804500425E9
:10E36000CDF80540ADF8063040F2034315212046B4
:10E370000DEB05020294ADF808308DF80A50D2F783
:10E3800047FE0028FFF6EFAE44F6DD73984208DD45
:10E3900084F31188BFF36F8F284602DF6FF00B0004
:10E3A000E1E62046DFE600BF893903011B1B0302BB
:10E3B0000149024806F03ABC70730021A86E0021A2
:10E3C00010B403460A46034881680C681946234680
:10E3D00010BC1847B452030173B54FF0FF304FF033
:10E3E000FF31FFF72DFE002875D13C4D0DF10701DF
:10E3F000284600F041FF0446FFF72AFE002C6AD1B0
:10E400009DF80730042B36D128783E2817D0FF28F6
:10E4100025D04FF0FF324FF0FF33214605F007F9CA
:10E42000044600283ED06A782C4902320C3005F0B0
:10E43000B1F821462A4B1B682A48984732E0AB784E
:10E44000022B08D00D2BE4D1EE78012EE1D1A98862
:10E4500011F0100109D0002200230124DDE7AB7880
:10E4600003F0FD03802BD4D1F5E74FF0FF324FF0DE
:10E47000FF330C46D1E7022B19D14FF0FF324FF09A
:10E48000FF330320FEF760FD064658B16A88043268
:10E49000B2F5847F16D984F31188BFF36F8F0423FC
:10E4A000184602DF02B0BDE87040FFF781BF082BBD
:10E4B000F8D14FF0FF324FF0FF330520FEF744FD57
:10E4C0000646E3E7294606F10C0005F063F8044B25
:10E4D00031461B68B0E702B070BD00BF2074002158
:10E4E0006C7300210453030142F2640398423FD04D
:10E4F0002ED842F2260398421ED842F20C039842CC
:10E5000014D840F20643984232D040F21D43C01A5C
:10E5100018BF01207047A0F501502838154B80B274
:10E52000C34003F0010383F001007047A0F50050E1
:10E530000D38114B80B2F3E742F23203984217D004
:10E54000A0F501500338012894BF00200120704736
:10E5500042F28503984206D842F267039842DAD81D
:10E5600042F26603D3E74FF6025320F00800CEE7ED
:10E57000002070472F804020411200032DE9F34115
:10E58000B14D07882A7804463BB2002A40F06D86D8
:10E5900042F24A018B424BDC42F235018B422FDCC6
:10E5A00042F207018B425AD03BDC40F603418B42DA
:10E5B0005DD042F20602934238D004238DF8073032
:10E5C000A24B2688D3F80080B8F1000F79D00DF166
:10E5D000070220469E490DF10603C0470128024666
:10E5E0006FD09DF80630002B40F054819DF8073025
:10E5F0000E21AB7001236970EB70AE80AA7147E009
:10E60000A7F50053373B122B1CD8DFE803F019198C
:10E61000191F1B1919191919191919191919191962
:10E620001900A7F50053083B052BC6D8042218E0B3
:10E6300042F25C0293420DD042F25D029342BCD1A1
:10E64000042201E0EA71052202230BE0EA712A723A
:10E650000622F9E7B0F80330A5F80730F8E7EA71C9
:10E66000052201237B48017821B90370A5E7794B86
:10E670001A70A2E79942A0D03846FFF735FFA8B13B
:10E680000E236B700123EB700C23AA70AF80AB716B
:10E6900001232B7040F635439F4203D1AB79002B09
:10E6A00000F0E085002002B0BDE8F0810F236B7020
:10E6B0000423AB700C23EB700123A5F805702B71BC
:10E6C000E6E7B6F5105F4FEA96230DD27BB1013B2A
:10E6D000072B0CD8DFE813F00D000B002C009C007A
:10E6E00002010B000B0013013F2B00F08784012275
:10E6F000D0E0204640F2064230F9033B934207D077
:10E7000040F21D429342F2D1F4F78DFE024602E040
:10E71000F4F787FE02463046FFF7E6FE80F0010080
:10E72000C0B2002840F0B680012A7FF45FAFDEE778
:10E73000204640F6354130F8032B13B28B4229DCDA
:10E7400040F62C418B420BDC40F60142934231D023
:10E7500040F603429342CAD1D2F7E8FF0246DAE715
:10E76000A2F62D43082BC2D801A252F823F000BF15
:10E77000BDE70201EFE60201EFE60201EFE602016A
:10E78000D1E70201EFE60201D9E70201EFE602015B
:10E79000E1E7020140F67B42934225D040F67C42FD
:10E7A00093422BD040F663429342A0D1F4F7D3FCBE
:10E7B0000246B0E7F4F7C2FC0246ACE79DF807302A
:10E7C000254903338DF80730F4F7BDFC0246A2E774
:10E7D000F4F7BBFC02469EE7F4F7B9FC02469AE761
:10E7E000F4F7B7FC024696E79DF807301A49043360
:10E7F0008DF80730F4F7B4FC02468CE79DF807303B
:10E80000154902338DF80730F4F7ACFC024682E775
:10E810002388A3F58053013B082B3FF668AF01A284
:10E8200052F823F05DE8020171E80201A9E8020153
:10E83000EFE60201EFE60201EFE60201EFE6020178
:10E84000EFE60201C9E80201297500218073002169
:10E850002A75002128750021307500219DF80730A8
:10E86000E64808338DF80730F4F720FD024652E7FA
:10E870009DF80730E14840338DF8073005F0DFF8A8
:10E880003046FFF731FE80F00100C0B200220028C0
:10E890003FF4ACAE0F236B700423AB700123EA701E
:10E8A0002B71A5F80560F3E600229DF807300833C8
:10E8B0008DF80730D14B1A605A60EB7A23F0600371
:10E8C00043F06003EB72DBE79DF80730CB4806337B
:10E8D0008DF80730F4F7ECFC02461CE741F20543E3
:10E8E00022889A427FF403AF9DF80730C34903336F
:10E8F000E01C8DF80730F4F798FD02460BE7204640
:10E9000042F27C0130F8033B1AB28A423FF7EFAE85
:10E91000B2F5005F0DDC40F615439A4200F0B68276
:10E9200040F616439A427FF4E2AEF4F71FFC02462B
:10E93000F1E6A3F50053013B7B2B3FF6D8AE01A2D5
:10E9400052F823F035EB02013DEB020151EB0201DD
:10E95000EFE6020163EB02016BEB020173EB0201D4
:10E9600087EB02018FEB020197EB0201A7EB02019B
:10E97000AFEB0201B7EB0201BFEB0201C7EB0201F3
:10E98000DBEB0201E3EB0201EBEB0201F3EB020133
:10E9900001EC020109EC02011DEC020125EC02016F
:10E9A00039EC02014DEC020155EC020169EC020167
:10E9B0007DEC0201EFE60201EFE60201EFE6020163
:10E9C000EFE60201EFE60201EFE60201EFE60201E7
:10E9D000EFE602018DEC020195EC0201A5EC0201CB
:10E9E000ADEC0201B5EC0201BDEC0201EFE6020163
:10E9F000EFE60201D1EC0201D9EC0201EFE60201DF
:10EA0000E1EC0201F5EC0201FDEC0201EFE602018E
:10EA1000EFE6020105ED02010DED020121ED02011B
:10EA200029ED020131ED020139ED02014DED020146
:10EA300061ED020169ED020171ED020179ED020162
:10EA400081ED020189ED020191ED020199ED0201D2
:10EA5000A1ED0201A9ED0201B1ED0201B9ED020142
:10EA6000C1ED0201C9ED0201D1ED0201E5ED0201A6
:10EA700009EE02011DEE0201F9ED0201EFE60201CD
:10EA8000EFE60201EFE60201EFE60201EFE6020126
:10EA9000EFE60201EFE60201EFE60201EFE6020116
:10EAA000EFE6020101EE020125EE020139EE02015C
:10EAB0004DEE020161EE02019DEC0201EFE6020162
:10EAC00029EF02013FEF0201A1EE0201BBEE0201BC
:10EAD000D5EE0201DDEE020171EE020179EE0201D6
:10EAE0000DEF020115EF02011FEF0201F1EE02012D
:10EAF000F9EE020169EE02019BEF0201B1EF0201A2
:10EB000059EF02016FEF020185EF0201C7EF020129
:10EB1000F3EF0201DDEF0201EFE60201EFE6020191
:10EB2000EFE60201EFE60201EFE60201EFE6020185
:10EB30009FEB0201F4F7BEFB0246ECE59DF80730BF
:10EB40002E4803338DF80730F4F7B9FB0246E2E5AF
:10EB50009DF80730294808338DF8073004F0B5FFD9
:10EB60008EE6F4F7AEFB0246D5E5F4F7ACFB0246C1
:10EB7000D1E59DF80730214801338DF80730F4F7CF
:10EB8000A4FB0246C7E5F4F7A2FB0246C3E5F4F78F
:10EB9000A0FB0246BFE5F4F79EFB0246BBE5F4F797
:10EBA0003EFC0246B7E5F4F798FB0246B3E5F4F7FE
:10EBB00096FB0246AFE5F4F794FB0246ABE5F4F7AB
:10EBC00092FB0246A7E59DF807300C4801338DF80B
:10EBD0000730F4F78AFB02469DE5F4F788FB02460E
:10EBE00099E5F4F786FB024695E5F4F784FB0246C7
:10EBF00091E5F4F782FB02468DE500BF30750021F8
:10EC0000F4F77DFB024686E59DF80730D1490733CE
:10EC10008DF80730F4F775FB02467CE5F4F773FBDB
:10EC2000024678E59DF80730CA4910338DF8073061
:10EC3000F4F76BFB02466EE59DF80730C5480833D4
:10EC40008DF80730F4F763FB024664E5F4F761FBE7
:10EC5000024660E59DF80730BE4902338DF8073063
:10EC6000F4F759FB024656E59DF80730B9490233DF
:10EC70008DF80730F4F753FB02464CE59DF807305A
:10EC800008338DF80730FF23EB711BE600F0E0FB43
:10EC9000024640E504F03CFF02463CE504F03BFF41
:10ECA000024638E5F4F73FFB024634E5F4F73DFB56
:10ECB000024630E5F4F73BFB02462CE59DF80730B1
:10ECC000A44801338DF80730F4F733FB024622E500
:10ECD000F4F731FB02461EE5F4F72FFB02461AE576
:10ECE0009DF807309B4904338DF80730F4F727FB74
:10ECF000024610E5F4F725FB02460CE5F4F723FB8A
:10ED0000024608E5F4F721FB024604E59DF80730CA
:10ED1000904901338DF80730F4F719FB0246FAE405
:10ED2000F4F717FB0246F6E4F4F715FB0246F2E4AB
:10ED3000F4F713FB0246EEE49DF8073085480233F2
:10ED40008DF80730F4F70BFB0246E4E49DF807303A
:10ED5000804801338DF80730F4F703FB0246DAE40C
:10ED6000F4F701FB0246D6E4F4F7FFFA0246D2E4D8
:10ED7000F4F7FDFA0246CEE4F4F7FBFA0246CAE4E1
:10ED8000F4F7F9FA0246C6E4F4F7F7FA0246C2E4E9
:10ED9000F4F7F5FA0246BEE4F4F7F3FA0246BAE4F1
:10EDA000F4F7F1FA0246B6E4F4F7EFFA0246B2E4F9
:10EDB000F4F7EDFA0246AEE4F4F7EBFA0246AAE401
:10EDC000F4F7E9FA0246A6E4F4F7E7FA0246A2E409
:10EDD0009DF807305F4801338DF80730F4F7DFFA0C
:10EDE000024698E49DF807305A4802338DF8073000
:10EDF000F4F7D7FA02468EE4F4F7D9FA02468AE429
:10EE0000F4F7D7FA024686E49DF8073051480433F8
:10EE10008DF80730F4F7C7FA02467CE4F4F7C5FA38
:10EE2000024678E49DF807304A4902338DF80730EE
:10EE3000F4F7C1FA02466EE49DF807304549023303
:10EE40008DF80730F4F7BBFA024664E49DF807300A
:10EE5000404902338DF80730F4F7AFFA02465AE41E
:10EE6000F4F7AFFA024656E4F4F7C7FA024652E462
:10EE7000F4F7B5FA02464EE49DF8073035490233FF
:10EE80008DF80730F4F7ADFA024644E49DF80730F8
:10EE9000304802338DF80730F4F766F902463AE459
:10EEA0002C49F4F794FA297A9DF80730013103EBE5
:10EEB000410302468DF807302DE42649F4F789FA1C
:10EEC000297A9DF80730013103EB410302468DF8A2
:10EED000073020E4F4F77FFA02461CE49DF807307F
:10EEE0001C4901338DF80730F4F777FA024612E433
:10EEF000F4F779FA02460EE49DF80730154901331C
:10EF00008DF80730F4F771FA024604E4F4F76FFA6B
:10EF1000024600E4F4F76DFA0246FFF7FCBBF4F793
:10EF20006AFA0246FFF7F7BB9DF807300948063337
:10EF30008DF80730F4F747FA0246FFF7ECBB9DF86F
:10EF4000073004490B338DF80730F4F73EFA0246D8
:10EF5000FFF7E1BB307500219DF80730C54902334A
:10EF60008DF80730F4F751FA0246FFF7D4BB9DF84D
:10EF70000730C04902338DF80730F4F748FA0246EB
:10EF8000FFF7C9BB9DF80730BA490E338DF807303B
:10EF9000F4F741FA0246FFF7BEBB9DF80730B549CA
:10EFA00002338DF80730F4F72CFA0246FFF7B3BBB3
:10EFB0009DF80730AF4902338DF80730F4F723FA94
:10EFC0000246FFF7A8BB9DF80730AA490E338DF81B
:10EFD0000730F4F71EFA0246FFF79DBB9DF8073095
:10EFE000A4491E338DF80730F4F717FA0246FFF7ED
:10EFF00092BBF4F704FA0246FFF78DBB20464FF6AA
:10F000000B4230F8033B934222D8B3F57C4F7FF696
:10F010006EABA3F57C43013B0A2B3FF668AB01A224
:10F0200052F823F0E5F00201FBF00201EFE60201E5
:10F03000EFE60201EFE6020153F10201EFE6020101
:10F04000EFE6020127F102013DF102015DF102014B
:10F0500003F5407292B21D2A3FF649ABA3F57D43FA
:10F060001D2B3FF644AB01A252F823F073F10201CD
:10F07000A3F10201ADF10201B7F10201C1F10201F8
:10F08000CBF10201EFE60201EFE60201EFE6020139
:10F09000D5F10201EFE60201EFE60201DFF1020124
:10F0A000EFE60201EFE60201EFE60201EFE6020100
:10F0B000EFE60201E9F10201EFE60201F3F10201DC
:10F0C000EFE6020109F2020113F2020129F2020144
:10F0D00033F202013DF2020147F2020151F2020154
:10F0E0005BF202019DF8073062480C338DF807305F
:10F0F000F4F73EF80246FFF70EBB00229DF80730FA
:10F1000040338DF807305B4B1A80EB7923F02303F3
:10F1100043F02303EB712B7A23F0070343F007033B
:10F120002B72FFF7ADBB9DF80730524817338DF8AF
:10F130000730D2F709FB0246FFF7EDBA9DF807301A
:10F140004C4820338DF80730D2F750FB0246FFF7CA
:10F15000E2BAF4F726F80246FFF7DDBA9DF8073069
:10F16000444801338DF80730F4F71DF80246FFF7E5
:10F17000D2BA00229DF8073040338DF807303D4B5E
:10F180001A60EB7923F03F0343F03F03EB712B7AD6
:10F1900063F05F032B726B7A63F001036B72FFF70E
:10F1A0006FBBF4F716F80246FFF7B5BAF4F713F899
:10F1B0000246FFF7B0BAF4F740F80246FFF7ABBAE1
:10F1C000F4F73DF80246FFF7A6BAF4F73EF8024618
:10F1D000FFF7A1BAF4F73DF80246FFF79CBAF4F73F
:10F1E0003CF80246FFF797BAF4F739F80246FFF702
:10F1F00092BA9DF807301F4904338DF80730F4F7B1
:10F2000030F80246FFF787BAF4F73AF80246FFF7FC
:10F2100082BA9DF80730174908338DF80730F4F7A4
:10F2200031F80246FFF777BAF4F72EF80246FFF7F7
:10F2300072BAF4F72EF80246FFF76DBAF4F72CF81D
:10F240000246FFF768BAF4F722F80246FFF763BAFE
:10F25000F4F728F80246FFF75EBAF4F725F80246FD
:10F26000FFF759BA2B70FFF71DBA4FF0FF30FFF7C9
:10F270001ABA00BF3075002138B5094C0D46237805
:10F280001BB9BDE83840F3F749BFA278611C0232D0
:10F2900005F0F7FE0020042320702B7038BD00BF5E
:10F2A0002975002170B505460E46084C204605F02C
:10F2B00028FB38B1A36829462046B2B21B68BDE8D6
:10F2C000704018476FF0120070BD00BFB4520301C8
:10F2D000F8B51C4D1C4905F12002002808BF29463D
:10F2E000104602F033FD4FF0FF3200284FF0FF339D
:10F2F0004FF0010014BF12270027FDF725FE00F193
:10F300000C0602210446304604F03EF93E23037009
:10F31000222301214370304604F036F909232121CC
:10F320000370304604F030F900F8017B2FB1202241
:10F33000FF2105F0B3FE2046F8BD05F1200104F0E1
:10F34000DAFBF8E72C760021CE5C03012DE9F041D1
:10F35000364BD3E8AF2F022A1F4660D0042A63D071
:10F36000012A48D1324C334E20212046FFF79AFF24
:10F37000002849D120223146204605F097FE00287A
:10F38000F2D021462C4802F0CDFC05460028EBD1F6
:10F390004FF0FF324FF0FF330120FDF7D5FD00F1B4
:10F3A0000C0602210446304604F0EEF83E230370BA
:10F3B000422301214370304604F0E6F8082341213E
:10F3C0000370304604F0E0F8064600F8015BEDB14A
:10F3D0004022002105F062FE0023D7E8EF2FC7E8A6
:10F3E000E13F0029F9D16CB114482146BDE8F04154
:10F3F00003691B6818470022D3E8EF1FC3E8E02F1A
:10F400000028F9D1BDE8F0811F25C1E70A4904F0C1
:10F4100072FB203106F1210004F06DFBDCE70020D7
:10F42000FFF756FF0446D7E70120F9E79473002160
:10F430002C760021CE5C03014C760021045303019D
:10F440000149024805F0D6BB0B3B03018473002140
:10F45000012208B5084BD3E8EF1F002903D1C3E808
:10F46000E02F0028F7D105D10449054805F0DEFB5F
:10F47000002008BD0C20FCE7947300218473002158
:10F48000A86E0021002910B508BF0222044618BF4B
:10F4900004220D4BD3E8EF1F002903D1C3E8E02F6E
:10F4A0000028F7D10ED12146084804F024FB084873
:10F4B00004F1200104F01FFB0649074805F0B6FBE4
:10F4C000002010BD0C20FCE7947300214C76002135
:10F4D0006C76002184730021A86E00210A4608B5CD
:10F4E0000146074803F0A9FC064803F0A6FC0023E8
:10F4F00083F31188BFF36F8F0323184602DF08BD23
:10F50000EE5C0301F75D03011022194B13B5C3F83C
:10F5100020251848FCF72BF84FF4FA73ADF80430A7
:10F5200000238DF806304FF48053ADF800300223ED
:10F530001A216846104A8DF80230F2F74FFD044652
:10F5400090B94FF4AF60FCF728F8012221460C2057
:10F55000FDF712F8012221461120FDF70DF80122D6
:10F5600021460820FDF708F8204602B010BD00BF74
:10F570000020014110200141DDF40201014902484F
:10F5800005F054BB9C730021A86E002137B5002400
:10F59000144D6FF009034FF480622846124900941D
:10F5A00001F0C8FD1149284605F077FB10491148C4
:10F5B00005F020FB224604211A20FCF7DDFF012282
:10F5C0000D4BD3E8EF1FC3E8E02F0028F9D14FF42B
:10F5D000003200232846094901F026FE204603B0E8
:10F5E00030BD00BFA86E002190800021035D0301A3
:10F5F000413B03019C7300219873002148070021BF
:10F6000010B5084BD3E8AF3F53B1FBF7B8FFBDE8E7
:10F6100010404FF4003200230349044801F004BEB7
:10F6200010BD00BF9873002148070021A86E00217B
:10F63000014B00201B681847AC73002120B1012842
:10F6400006D10448EFF7A6BE034B01201B681847FC
:10F65000704700BF31F60201AC730021014B186006
:10F6600001487047AC7300210000AD0B0022D300AD
:10F6700003F1FF7303F58033D3F80013013107D092
:10F68000D3F800130132D3F80433202A0B60EED1F3
:10F69000224BD3E94C32072B26D1023A032A204BC6
:10F6A00028D9D3F80024D10732D41C4BD3F8302109
:10F6B000072A19D1D3F83431023B032B02D8194A57
:10F6C000D35C8BB17F23184A1849C2F81831002344
:10F6D000C1F8043EC1F8083EC2F82431C2F82C310A
:10F6E00002F57F22C2F81031114B1A68114BC3F892
:10F6F0004425704710498A5C002AD2D0D3F80024F0
:10F70000D207CED50022C3F81421C3F81821C8E7C8
:10F710006FF00102C3F80024C7E700BF0000FF013B
:10F72000005000410D5D0301002000410000084130
:10F730000080FF0100600041115D030130B50468E5
:10F74000ACB1B4FA84F30122C3F11F03DBB29A40D7
:10F7500024EA0202D0E8EF5FA54204D1C0E8EC2F12
:10F76000BCF1000FF6D1EAD102480B7030BD02485F
:10F77000FCE700BF0000AD0B0200AD0B10B5036845
:10F78000CB40DB0710D401238B40026843EA02011F
:10F79000D0E8EF4F944204D1C0E8EC1FBCF1000F59
:10F7A000F6D1F2D1014810BD0148FCE70000AD0BD5
:10F7B0000400AD0B014BC3F80405704700F0004195
:10F7C00001460148FFF7BABFDC070021036803F0D8
:10F7D0001F025B09026004D0012B034818BF002000
:10F7E00070470248704700BF00088C4100058C41FB
:10F7F000034A4309D35C00F01F001844C0B27047AD
:10F80000155D030170B50546FFF7F2FF0C4C08309B
:10F8100034F810300E46DA0508D5C3F3432304EB61
:10F82000C302284654F8333052689847A3682BB176
:10F8300031462846E268BDE87040184770BD00BFF9
:10F84000E007002108B5FFF7D3FF034B083033F87A
:10F850001000400B08BD00BFE007002108B5FFF70E
:10F86000C7FF034B083033F81000C0F3400008BD59
:10F87000E007002108B5FFF7BBFF034B083033F862
:10F880001000C0F3401008BDE0070021034611F04E
:10F89000010010B5CCB20BD1A207C4F340000DD5C6
:10F8A000074A106A58601062003818BF012005E04E
:10F8B00004490A6A1A600A62002AEDD010BD00BF2E
:10F8C00000088C4100058C4110B5FFF791FF124AEA
:10F8D000083032F81030D9051CD5C3F3432123F486
:10F8E000F85322F81030002002F10E0434F8023FE1
:10F8F00013F4807F03D0C3F3432399420AD001302D
:10F900003028F3D1002342F831300448BDE81040DC
:10F91000FFF734BF10BD00BFE007002158080021E9
:10F92000F0B5054600200126044607468C420BD15F
:10F93000114BD3F87C2132B10022C3F87C21D3F8DB
:10F940007C3140F00040F0BDE3B29B0003F58072D3
:10F950009B0806FA03F31D420BD002F1824202F526
:10F960002042D2F800C0BCF1000F02D0176012682C
:10F9700018430134DAE700BF00A00041F7B506469E
:10F980000846FFF735FF1A4F00F1080537F8153024
:10F990000C46DB0729D5304604F074F92046FFF702
:10F9A00069FF50B12046FFF74DFF0023316801EB9E
:10F9B0008000C0F81035C0F810352046FFF784FFEE
:10F9C000002301A827F815300194FFF7FFFE019BE3
:10F9D00000EB8300D0F80022064B134043F00203F3
:10F9E000C0F80032044803B0F0BD0448FBE700BF94
:10F9F000E0070021F0F0FCFF0000AD0B0400AD0BB0
:10FA00002DE9F0431646804685B00846FFF7F0FE24
:10FA10000D463168044609B32846FFF71FFF18B1A9
:10FA20002846FFF727FF10BB00230DF10F02CDE999
:10FA300000338DF80E308DF80F3028460B460DF14F
:10FA40000E0104F0C7F8484A04F1080132F81130F9
:10FA500023F0020343F0010322F8113073687BB3F3
:10FA600028461F785968FFF7F9FE10B1E9B13F4801
:10FA700029E03D4A04F1080032F8103023F0200359
:10FA8000DB04DB0C22F8103079B1032FEFD871685A
:10FA9000496891F800C0D8F800104FEA8C09494431
:10FAA000A7B9C1F81075C1F810752F4A04F1080103
:10FAB00032F8113023F01C0343EA870322F8113097
:10FAC000B3683BBB2A4805B0BDE8F083D1F810E528
:10FAD00043EA4C332EF0030EC1F810E5D8F80010BD
:10FAE00043F0200301EB090EDEF8101522F8103068
:10FAF00021F44F3121F44071CEF810152902DEF8BF
:10FB0000108501F47C5141EA074141EA0801CEF831
:10FB10001015CAE72846D3E90067FFF7D5FE002E87
:10FB2000D0D0114DD5E90023964203D19F4201D197
:10FB3000002209E00F480DF10F01FFF7FFFD0C4B0C
:10FB40009842C0D19DF80F2005EBC20308345F60D6
:10FB500035F8143045F8326043EA422343F48073A9
:10FB600025F81430AEE700BFE00700210400AD0B1C
:10FB70000000AD0B580800212DE9F0430C468046EB
:10FB800085B0204611461E46FFF732FE054629B3D2
:10FB90002046FFF763FE18B92046FFF76BFE18BB3F
:10FBA000334F05F1080937F8193013F01C0F02D054
:10FBB0004B78012B18D001238DF80F3000234A1CFD
:10FBC000CDE9001320468B1C0DF10F0104F002F863
:10FBD00037F8193043F0030327F81930002E44D0CA
:10FBE0002046FFF73BFE18B9224805B0BDE8F08378
:10FBF000002296F800C0D8F800301D4F03EB8C03AC
:10FC0000C3F81025C3F8102505F1080237F81210C3
:10FC10004FEA8C0E21F02001C904C90C27F81210FC
:10FC2000757815B3D8F80000B6787044D0F8103560
:10FC30002D0423F4991323F4F853C0F8103523024C
:10FC400003F47C5305F440353605D0F810E52B431A
:10FC500006F48016334341EA4C3143EA0E0341F087
:10FC60002001C0F8103527F812100348BDE700BF87
:10FC7000E00700210400AD0B0000AD0B014BC3E910
:10FC800002127047E007002110B508461446FFF73E
:10FC9000F1FD50B10846FFF7ABFD054B083033F8D6
:10FCA000103004485B0B237010BD0348FCE700BF15
:10FCB000E00700210000AD0B0400AD0B70B5154D41
:10FCC000064695F880401CBB2146602205F11000D5
:10FCD00005F0E4F9214630682E6F8E420ED10023E4
:10FCE000C0F87C31D0F87C3140F30730FCF714FCCD
:10FCF0000123094885F88030AB6770BDCBB29B000B
:10FD000003F580727C2B04BF845083580131E4E7F3
:10FD10000248F2E7E00700210000AD0B0C00AD0B3C
:10FD2000034B93F88000003818BF0120704700BFD4
:10FD3000E00700210148FFF721BD00BF5408002162
:10FD40000148FFF7FBBC00BF5408002173B50368EE
:10FD50001646D3F804230546002AA8BF4FF00042F8
:10FD60000846A8BFC3F804230C46FFF783FDE8B19B
:10FD70000846FFF773FD0146C0B92046FFF762FD54
:10FD80002C68820002F58073E150E3582B6813441D
:10FD9000D3F8102542F00102C3F8102526B1012343
:10FDA0002A688340C2F8043302B070BD2046FFF7D2
:10FDB0001FFD0F4B083033F81030C3F38203042BC0
:10FDC00011D0052B11D001A80194FFF7FFFC019A77
:10FDD0000369D34003F00103991C204602B0BDE83B
:10FDE000704003F040BF0321F7E70221F5E700BFB1
:10FDF000E00700212DE9F04F684BDFF8A481D3F82C
:10FE00000403D8F87010C0B289B040F00040FFF78A
:10FE100087FD051E2FDAC24600235AF87C1F06A86C
:10FE2000CDE90633FFF732FD4FF0000B5D4B0DF1CE
:10FE300018090193019A12F8013B0192DA081AF8A5
:10FE4000022003F0070322FA03F3DA071CD409F1B6
:10FE50000409BBF1000F14D0D8F870104FF0004027
:10FE6000FFF75EFDD8F87C1006A8FFF70FFD00280D
:10FE7000DAD125F000450124002D76D109B0BDE886
:10FE8000F08F4FF0010BD5E7474B5B440293D9F855
:10FE900000100029DBD091FAA1F1B1FA81F1029BA7
:10FEA0001C7841EA44142046FFF7A2FC083038F8D9
:10FEB0001070C808BB080393012319F8002001F053
:10FEC000070103FA01F122EA010209F8002005A85E
:10FED0000594FFF77BFC059A039B803250F82220A3
:10FEE000C7F382065B073746C2F3014222D520469C
:10FEF0003946D6B2FFF786FC05A80594FFF766FCE5
:10FF0000059B803350F82330C3F301439E4207D151
:10FF10000021204603F0A7FE3146204603F0A3FE51
:10FF200005A80594FFF752FC0122059B02FA03F392
:10FF30000362ACE7022A0CD10321204603F093FEB2
:10FF400006F00503012BEBD139462046FFF75AFC9A
:10FF5000E6E702212046039203F085FE032EF3D04C
:10FF6000039A032ADCD1022EEDE795FAA5F3B3FA42
:10FF700083F304FA03F29B0003F1824303F5204369
:10FF8000D3F81005D3F81015C0F30520C1F30141D3
:10FF900025EA0205FFF736FC6EE700BF00A000412E
:10FFA000E0070021255D0301255D030170B5084CC4
:10FFB0000E462379154643B91220FCF7ADFA01230A
:10FFC000044823712660A56070BD0348FCE700BFAC
:10FFD000B07300210000AD0B0C00AD0B002330B559
:10FFE0000D4A50F8234003F5A2710133102B42F85B
:10FFF0002140F6D10023084A00F13C0103F5B27418
:020000040103F6
:1000000051F8045F0133102B42F82450F6D1D0F898
:100010008030C2F8043330BD002001410123024A80
:100020008340C2F804337047002001410123024A93
:100030008340C2F80833704700200141F8B501261B
:1000400000270B4B0B4DD3F80C4304B9F8BD94FAC1
:10005000A4F0B0FA80F006FA00F324EA0304064B99
:1000600082009F502B68002BEFD0A9689847ECE7DF
:1000700000200141B0730021002101412DE9F04130
:100080000E4617460C4D55F81C4FAC4203D16FF08D
:100090001200BDE8F081314654F8440CA4F1440844
:1000A000FBF7B0FA30B9C7F800804046BDE8F04130
:1000B00003F003BF2468E8E7BC73002110B5D0E962
:1000C00009124A60416A00F124031160C0E9093352
:1000D0004368044603B19847054A936833B11279DF
:1000E000062A03D90720226802499847002010BD3C
:1000F000BC730021275D03012DE9F04107460D4641
:100100000B4E56F80C4FB44202D16FF001000AE0DA
:10011000394654F8240CA4F12408FBF773FA20B9EB
:100120001DB1C5F80080BDE8F0812468EBE700BF91
:10013000BC73002138B5044600B30068F0B1037801
:10014000E3B10021FFF7D8FFD8B104F11C03C4E9E3
:1001500007330D4B04F12402196903F10C00A1626D
:1001600060621A610A609D6835B11B79062B03D95C
:10017000072022680549A847002038BD6FF0150008
:10018000FBE76FF01000F8E7BC730021295D030165
:1001900010B5036893B11B7883B18368012B0DD828
:1001A000084B00F144014360074B1A6A03F11C0439
:1001B0008264446400201962116010BD6FF0150064
:1001C000FBE700BF64080021BC73002138B5114C67
:1001D0000546216819B100200131216038BD242273
:1001E000204604F05BFF2B682846A3602B7923711F
:1001F00004F10C03C4E9033304F11403C4E9053327
:1002000004F11C03C4E9073300F018F80028E5D115
:100210002168E0E7BC73002138B5074D2C68013C2C
:100220002C6044B900F012F821462846BDE8384059
:10023000242204F033BF38BDBC73002108B5024846
:10024000FFF778FF002008BD640800210148FFF790
:1002500035BF00BF640800210EB4431E062B33B522
:1002600088BF0020094B05AC54F8045B53F82010FC
:10027000074802F0E2FD214628460194FBF7B0FA58
:1002800002B0BDE8304003B0704700BF585A0301C8
:100290003C5D03012DE9F04F87B017469B460446AD
:1002A000DDF840A000284BD0056A35B12D6825B196
:1002B000AC4607B0BDE8F04F6047A36A9F4242D802
:1002C0000026BE4203D1002007B0BDE8F08F1823FE
:1002D00003FB06F8D4F82C90A26909EB08052B1D46
:1002E0000593CAB9686969680368B5F80CC0C91A8A
:1002F000AB680CF1030E5D1E05EB0C155B4205EBC4
:100300004E051D4005EBCC0385680633A94228BF86
:100310004FF0FF3103F09EFD59F80830204602935C
:10032000236AB1B29B6A01935AF8263000935BF8B6
:100330002620059B03F0DFFD0028C5D10136C0E76C
:100340006FF01500C0E70148BEE700BF40F4FFFFB3
:1003500010B5044690B1028D43899A4209D0084AEB
:10036000936833B11279032A03D9426805490420FE
:1003700098472046BDE8104004F078BE10BD00BF8D
:10038000BC730021D75D030130B544898C4212D97A
:10039000436A013C5D882C4003EBC40359609A60BA
:1003A000BFF35B8F426A538801335380438D01331F
:1003B0004385002030BD0148FCE700BF41F4FFFF4A
:1003C00070B4039E144660B1006A50B14BB1013461
:1003D00007D0002E05DBD0F8844014B1A44670BCD1
:1003E0006047014870BC70472DF8FFFF70B4039E52
:1003F000144660B1006A50B14BB1013407D0002EF1
:1004000005DBD0F8944014B1A44670BC60470148A5
:1004100070BC70472DF8FFFF70B50C4611461E46A4
:100420000E4B05462022002908BF1946204604F03D
:1004300054FA0123E362049B6662A362059B256272
:100440006363069BA363079B63646A6804F13C03D0
:10045000C4E90F526B60226C136070BDF85D03013C
:100460002DE9FF47DDF834800E4691469A46054651
:10047000002876D0002974D0B8F1000F71D001F1B6
:100480006407384603F0C7FEBAF1FF3F49D1346E26
:1004900006F1500204F18000844204F01F0C07D2E0
:1004A000C4F3411152F8211021FA0CF1C90736D4D6
:1004B000012104F07F04600952F8203004F5806ABD
:1004C00001FA0CF104F201440B4304F07F0442F8FA
:1004D000203034666B6C4A4603930E9B2946CDE967
:1004E00001830C9B304600935346FFF795FF384637
:1004F00000F07AFC2C7874B196F8A4405CB1AB6A39
:10050000013330D10021284603F0C4FE044610B167
:10051000284603F095FE204604B0BDE8F08701347C
:10052000BAE7BAF5806FD5D3AAF580637F2B06F1C1
:1005300050010FD8580951F8204003F01F0324FA46
:1005400003F2D2070BD4012202FA03F3234341F84A
:100550002030BFE7054C384600F046FCDBE7044C92
:10056000F9E7024CD7E70024D5E700BF2DF8FFFFDD
:1005700029F8FFFF08B583681A0C0AD1094A936865
:100580002BB11279022A02D903200749984700208B
:1005900008BDA3F5803383601B0C0CBF0120002035
:1005A000F6E700BFBC730021F95D030138B50446CE
:1005B000E0B100F16405284603F00BFFD4F8B43035
:1005C0009B6953B9D4F8A840103C002C00DC084CBF
:1005D000284603F0FCFE204638BD012BF7D1D4F8A5
:1005E000BC0003F000FEA0F11004EEE7014CF2E7BE
:1005F0002EF8FFFF2DF8FFFF38B50446E0B100F1FB
:100600006405284603F0E5FED4F8B4309B6953B97D
:10061000D4F8AC40103C002C00DC084C284603F019
:10062000D6FE204638BD012BF7D1D4F8B80003F030
:10063000DAFDA0F11004EEE7014CF2E72EF8FFFF1F
:100640002DF8FFFF2DE9F04385B00F46904603A932
:100650000D9A0546994604F07FF80446E0B10C9ED9
:10066000039BD5F8C0009E42A8BF1E460168D0F883
:1006700008C0611A33464A46614528BF4FF0FF3132
:1006800003F0AEFB2346424639462846009604F066
:1006900003F805B0BDE8F0830048FAE72EF8FFFF45
:1006A0002DE9F0438BB00E46DDE9128915461F4651
:1006B000044620B9954D28460BB0BDE8F0830029CB
:1006C000F8D0002BF6D00021A822C0F8D01004F0FA
:1006D000E5FC012204F16400114604F04AFA8C4B57
:1006E000C4F8B460E5677462C4F88430894BD4F808
:1006F000B450C4F88830884BC4F88C30874BC4F8A9
:100700009030874BC4F89430864BC4F89830864BB1
:10071000C4F89C30854BC4F8A030AB6943B9B9F13B
:10072000000FC7D099E8070004F1A80383E8070089
:10073000AB69012B07D0D4F8B400E0B96FF0150510
:10074000B9E74307F7D4D4F8B4000028F6D0036A19
:10075000002B00F0D8809B68002B00F0D4809847D5
:100760004206EED50021D4F8B40003F020FE054681
:100770000028E8D09FE7036A002B00F0C4801B69C3
:10078000002B00F0C080984700F0010084F8A4001E
:10079000D4F8B4008369E3B999F80830002B00F06D
:1007A000858008F10C03C4F8C430B8F1000F81D083
:1007B000D8F80820002A00F0A4809B68002B00F0E5
:1007C000A0805B4B04935B4B05935B4B06935B4BA9
:1007D00007938369012B07D1564B0493544B059320
:1007E000564B0693544B0793002104F1C803C4E908
:1007F000323306ABC4F8C07002220093019104ABFF
:10080000FFF748FD054600287FF455AFD4F8B43013
:100810009A693AB9F26A1268C4F8B820F26A926921
:10082000C4F8BC209B69012B07D1F36A9B69C4F80B
:10083000B830F36A1B68C4F8BC30D4F8BC0003F0CD
:100840006DFCF36A1B68DF62F36A9B69DF62D4F8B0
:10085000B430D3F81890B9F1000F07D1D4F8AC3008
:100860000993D4F8B8305B894B4521D894F8A4306B
:10087000C4E9004463B100230293314B2046019345
:100880003523304A0394009304F10801FFF7C4FDB7
:10089000D4F8B4008369002B7FF40DAF042103F07A
:1008A00086FD064600283FF406AF24E043467AE77B
:1008B0004046D4F8AC1003F040FF0646D0B139688A
:1008C0000890411AB8680022814228BF4FF0FF31DA
:1008D000D4F8AC30384603F0BDFA0096012300226C
:1008E000D4F8B80008A903F033FB064618B909F19B
:1008F0000109B6E7144ED4F8B40003F051FD3546B3
:10090000D9E6114DD7E66FF00505D4E62DF8FFFFC7
:100910004506030127440301994503015947030193
:1009200099460301DF430301F9050301AD05030106
:100930001A5E0301205E0301C5450301CD43030197
:100940004B440301265E03012EF8FFFFF0B5054678
:100950000E46174687B0074A03AC07CA84E807006B
:100960000C9A3146009228463A460194FFF798FEC9
:1009700007B0F0BD4854030138B5EFF311854023AB
:1009800083F31288BFF36F8F064B9C6803F0CCFF94
:1009900085F31188BFF36F8F2046BDE83840FBF721
:1009A0003DBD00BFE073002138B5094B53F820402E
:1009B000013053F82050A54200D838BD636823B1F8
:1009C000204603F0B4FF0834F5E723689847FAE7B8
:1009D000785A0301012270B52A4B032086B01A70A1
:1009E000FFF7E2FFFBF734FB03F0BDFF0420FFF746
:1009F000DBFF254C254D2646AE4204F1300410D3D2
:100A000000F06EFE204C224EAC4226D300F07CFE5D
:100A100001F053FF1F4A137B23F00103137306B049
:100A200070BD54F80C3C059354F8103C049354F8F2
:100A3000143C039354F8183C029354F81C3C019363
:100A400054F8203C009354E90A2354E90C0100F0C7
:100A500015FC54F8303C5E65CDE7D4E90A23B3F1C8
:100A6000FF3F08BFB2F1FF3F05D052EA0301206803
:100A700003D104F015F93034C6E73146183001F0DF
:100A800009F8F8E78C760021085403013854030173
:100A9000CF4D0301C86F002108B50348034A002168
:100AA000121A03F05CFF08BDC809002190760021EE
:100AB0000023012270B586B0CDE904230F220193F3
:100AC000CDE9023214230F4D0F4E03FB00550F49A1
:100AD00006EBC016044601EB00214FF4807230464D
:100AE0000B4B009500F0CAFB737B2C7423F00403BE
:100AF0007373084B013403EBC423EE606B6006B0E4
:100B000070BD00BFE0730021486F0021908C002170
:100B1000334A030190840021BFB50020FFF744FF52
:100B20002D4B03F5006282F3088883F30A88E023E3
:100B30002A4D002485F822302023EB772C766C7622
:100B4000AC7685F820406B6A254E43F4E0236B6257
:100B500085F82340FBF7E0FBFBF77EFD4FF0FF330A
:100B6000AB62EB62FBF704FFFBF79AFD40F2011367
:100B70001C4D1D4F2846AB81C5E9194401F0B4F85E
:100B8000B56003F0BDFE0120FFF70EFF0220174DF8
:100B9000FFF70AFF00F0D8FD154B7561059301239F
:100BA00014494FF40062CDE9034328463B46CDE9A2
:100BB0000144009400F062FB06466A7B284622F05E
:100BC00004026A7304F0A8F82046FFF771FF3A4662
:100BD00031462846FBF71CFD9084002100ED00E023
:100BE000E0730021E8700021D5090301C86F0021DE
:100BF000295E0301908D002138B5064C064DAC42AC
:100C000001D3002038BD2046D4E9011203F0ACFE28
:100C10001434F4E7A8080021BC0800212DE9F341B1
:100C2000044617461E46EFF31188402383F31288CB
:100C3000BFF36F8FC368334A7BB180689168884285
:100C400019D057EA060318D188F31188BFF36F8FC4
:100C50006FF00F0002B0BDE8F081916891F90E10BD
:100C60000133E36093682161A36088F31188BFF3C7
:100C70006F8F0020EEE72169F2E791F90E1090F9ED
:100C80000E306FF07E029942A8BF19469142B8BF5C
:100C900011468B422DDD03F0D7FE05462246414624
:100CA000CDE90076184800F067FC0028E1D0EFF3AA
:100CB0001186402383F31288BFF36F8FA068D0B1F1
:100CC000236821699C420AD04BB193F90E309942B6
:100CD000A8BF19466FF07E039942B8BF194603F0CA
:100CE000B3FE40B13146084800F0B6FC6FF00A0090
:100CF000B0E70025D2E7002DF4D186F31188BFF3C9
:100D00006F8FF3E7E07300218D76002138B583689B
:100D1000044663B3194A926893422BD1C368012BEE
:100D200003D9013BC360002038BDEFF31185402398
:100D300083F31288BFF36F8F0169806803F084FE2C
:100D4000204604F048F8A06058B190F90E202261C6
:100D50000022C26703F0E0FF2946094800F07CFC4E
:100D6000E1E7E06085F31188BFF36F8FDBE76FF099
:100D70001500D9E74FF0FF30D6E700BFE073002140
:100D80008D76002137B51146EFF31185402282F3AD
:100D90001288BFF36F8F04689CB12368426823F008
:100DA00003039442036008BF43600121204603F01F
:100DB000BFFE044685F31188BFF36F8F204603B052
:100DC00030BD51EA0302F5D000F10802CDE900136D
:100DD0001046294600F0D0FB0028EFD1014B9B685C
:100DE0005C69EBE7E073002138B50446EFF3118549
:100DF000402383F31288BFF36F8F03F0ECFF48B1F9
:100E00000022C26703F088FF2946BDE83840074842
:100E100000F022BCD4E902329A4218BF0133022109
:100E2000A36004F1100004F0F4F8EDE78D760021E2
:100E300013B5EFF31181402484F31288BFF36F8F51
:100E4000846844B1013C846081F31188BFF36F8FE3
:100E5000002002B010BD52EA030406D181F31188CC
:100E6000BFF36F8F6FF00F00F3E7CDE90023024669
:100E7000014800F081FBECE78D7600211FB5094A9F
:100E800002AB92E803004FF4006283E80300009392
:100E900005494FF0FF33054800F04CF9002005B03C
:100EA0005DF804FB54540301909500214870002123
:100EB0002DE9F04305464FF0FF364FF0FF37DFF8DE
:100EC0002C8185B0EFF31189402383F31288BFF39F
:100ED0006F8FD5F880408CB9022105F1980003F09E
:100EE00058FE002860D100234946CDE900670293EF
:100EF00005F188023E4800F0D5FCE3E7D5F88420F0
:100F000023689442C5F8803008BFC5F88430D5F80E
:100F1000983043F00203C5F89830E36823F00403E7
:100F200043F00103E360636889F31188BFF36F8FB7
:100F300020469847EFF31189402383F31288BFF3CB
:100F40006F8FE368D90623F0010237D4E260E368CB
:100F50009A071AD5D8F8000023F00203E360A0B185
:100F60000021026888B143689C4237D1036869BB9D
:100F7000D8F80420C8F80030824201D1C8F8043003
:100F8000002340F8083BFFF72FFFD5F8983023F0F7
:100F90000203C5F8983089F31188BFF36F8FDB0522
:100FA00090D400F0D9FB8DE705F1900400220121D7
:100FB000204603F068FF0028F8D194E723F01103DE
:100FC000E36004F11000FFF70FFFC0E70B60D8F8F3
:100FD0000430834208BFC8F80410D1E722B1136877
:100FE000014610461A46BDE71346F9E70074002192
:100FF0008D760021F8B5C36804469A070F46C3F3FF
:1010000040062CD45B071AD40B680BB983680B60BD
:10101000E368DD0742BFA36802263B603D6858BF16
:101020000126002D3AD01F4B9B68AB420AD0D5F861
:101030009830D807C3F3800214D46FF0120600234F
:101040003B6025E003F023FED5F898300028F0D16E
:10105000D907C3F3C002F0D552B15B0708D46FF0D3
:101060000F06ECE7002AFAD1C3F3C003002BF6D138
:1010700000232360D5F8843063B9C5E920442846AD
:1010800003F093FDE36843F00403E3603B68A3606F
:101090003046F8BD1C60C5F88440F0E76FF01506D7
:1010A000CDE700BFE07300212DE9F041C36807469A
:1010B00003F00503002B0C4614BF4FF001084FF05E
:1010C000000822D08668D6F8805025B1AF4201D002
:1010D0002D68FAE701250122002104F1100003F038
:1010E00048FD2046124903F085FDE36843F01003F4
:1010F000E3609DB13B68236073B9D6F884303BB997
:10110000C6E92044304603F050FD4046BDE8F0817A
:101110001C60C6F88440F5E73C60F3E7D6F8803001
:101120002360D6F88430C6F88040002BEAD1F0E77F
:10113000A94B0301F0B50446002089B0C4E92000A2
:101140000E9D04F18800C4E9220004F19000C4E976
:1011500024004DB32879002840F2011008BF012077
:10116000C4F8980000204FF0FF364FF0FF37CDE96C
:101170000330CDE90100CDE9066720460B4B009412
:1011800000F0BAF855B1296811B1204603F085FD89
:101190006B791BB1237B43F001032373204609B015
:1011A000BDE8F04003F07CBD0120D9E7B10E03019A
:1011B00030B50A46044685B0EFF31185402383F32A
:1011C0001288BFF36F8FD0F8983013F0060F1DD13F
:1011D000B1B143F00C03C4F89830204603F0E5FCAD
:1011E00000234FF0FF3202934FF0FF332946CDE941
:1011F00000230C4804F1900200F054FB05B030BD10
:10120000D0F8800048B143F00403E4E743F0040160
:10121000C0F89810002AE0D0DBE785F31188BFF30F
:101220006F8FEBE78D76002137B501900846EFF31D
:101230001184402181F31288BFF36F8FC16811F0D0
:101240001E0F16D153EA020508D101A9FFF7D2FEFD
:1012500084F31188BFF36F8F03B030BD41F00801F4
:10126000C160019910308161034900F013FC012035
:10127000EEE70020ECE700BFB94B03012DE9F04396
:10128000984685B000F15803C0E91633109B00263C
:1012900003730423073222F0070543730F9B01EB0E
:1012A00005090F4683734946C0E906668660C67322
:1012B0000446FAF7DFFE0E9B073020F00700E066D9
:1012C000C4E9197502930D9BA9EB000901930C9BCE
:1012D0004A460093394643462046FBF77DF9054BC5
:1012E00066659B6803B11B6F4846236705B0BDE880
:1012F000F08300BFE0730021F0B5002587B00595AD
:10130000109DDDE9127604950F9D044603950E9D10
:1013100002950D9D01950C9D0095FFF7AFFFB6F16D
:10132000FF3F08BFB7F1FF3F05D056EA070305D1DD
:10133000204600F0A3F9204607B0F0BD3A463346F8
:10134000024904F1180000F0A5FBF4E7CF4D0301BA
:1013500038B50D4D2B4653F8184F9C4200D004B9B8
:10136000EC68AB6838B95A7BD20604D1A26912B9CD
:10137000DA897F2A05D89C4202D0204600F0D2FAB2
:1013800023466B6138BD00BFE073002108B590F9BA
:101390000D200146002A437B04DA03F07F034373E8
:1013A00003F080FC044B9868431A58425841BDE84A
:1013B0000840FFF7CDBF00BFE073002170B490F983
:1013C0000D30427B002B29DBD30627D183692BBB51
:1013D000134962F07F0242730A4652F8184F944252
:1013E00018BF2346CC6923B9C0E900242060C86136
:1013F0000CE090F90E5093F90E60B5420AD0AE425F
:1014000008DD5A68C0E9003210605860002070BCE6
:10141000FFF79EBF9C42E7D01B68E4E770BC7047B3
:10142000E0730021002A2DE9F0410E460CBF102187
:101430000821427B044611420FD141EA0203D2093E
:1014400018D1437308291BD00120FFF781FFBFF398
:101450005F8F637B23F060036373284B9B68A34219
:1014600045D1EFF30583002B41D13046BDE8F04173
:10147000FAF7EABF03F07F03437303F013FCE1E7DD
:10148000A36813B1204603F015FC04F1180003F023
:101490001CFDA56D04F15807AF4211D04FF00008B4
:1014A00075B1284603F006FC05F1180003F00DFDA8
:1014B0002846C5F87C80FFF781FFA56DAF42EFD1CC
:1014C0000E4FBB689C42BFD1EFF30583002BBBD00E
:1014D0000120FFF73DFF40F20113094DAB810023CE
:1014E0002846C5E9193300F0FFFBBD60AFE786F37E
:1014F0001188BFF36F8FBDE8F08100BFE07300215A
:10150000E870002170B590F90D200146002A437B58
:1015100004DA03F07F03437303F0C4FB154A4B7BEB
:10152000104663F07F034B7350F8183FD469834231
:1015300008BF002323B9C1E900042160D1610CE098
:1015400091F90E5093F90E60B5420ED0AE420CDD0B
:101550005868C1E90030016059609068BDE870408A
:10156000431A58425841FFF7F3BE9C42E3D01B6830
:10157000E0E700BFE0730021F8B5124B0C46DDE94F
:10158000067611469868104A1060EFF311824022E7
:1015900082F31288BFF36F8F9D68284603F094FB97
:1015A000B6F1FF3F08BFB7F1FF3F06D03A463346DA
:1015B000064905F1180000F06DFA2046BDE8F84034
:1015C000FAF742BFE073002108740021CF4D0301F8
:1015D000F8B50446EFF31186402383F31288BFF376
:1015E0006F8F437B49B2DA0619D18569BDB903F023
:1015F0007F03437303F056FB437B164A63F07F037C
:1016000043731346817353F8180F984218BF054669
:10161000D0695DB9C4E900300460D46111E00020F4
:10162000A17386F31188BFF36F8FF8BD95F90E7023
:10163000B9420BD08F4209DD6B68C4E900531C60CE
:101640006C600120FFF784FE0120EAE7A842E1D0A8
:101650002D68DEE7E073002149B9EFF3058030B96A
:10166000054B5A699B689A4201D0FAF7EDBE81F3A7
:101670001188BFF36F8F7047E073002110B5EFF34F
:101680001184402282F31288BFF36F8F427B51078F
:1016900004D484F31188BFF36F8F10BD22F00402CD
:1016A0004273FFF78BFE2146BDE810400148FFF76B
:1016B000D3BF00BF8D760021034648B9EFF3058202
:1016C00032B9064A51699268914201D0FAF7BCBE1C
:1016D00083F31188BFF36F8F704700BFE073002161
:1016E000EFF31181402383F31288BFF36F8F054B13
:1016F0009A68D37B013BD37381F31188BFF36F8F5B
:10170000704700BFE073002138B5EFF31185402426
:1017100084F31288BFF36F8F0A4B00209A68D37B43
:101720000133D373FFF714FE85F31188BFF36F8F76
:10173000EFF3118084F31288BFF36F8FBDE8384058
:10174000FFF7BABFE0730021024B03F11802C3E9AF
:1017500006227047E0730021F8B5EFF311854023AE
:1017600083F31288BFF36F8F19498868437B03F0B6
:101770007F03437303F096FA08468B685A7B62F046
:101780007F025A7350F8182FCC69824208BF00229A
:1017900022B9C3E900042360CB610CE093F90E6029
:1017A00092F90E70BE420ED0B7420CDD5168C3E90B
:1017B00000210B6053600120FFF7CAFD2846BDE8F9
:1017C000F840FAF741BEA242E3D01268E0E700BF5A
:1017D000E073002150EA01032DE9F04105460E4671
:1017E00003D1FFF7B9FF00202BE0831C71F1FF3319
:1017F00029DB03F07FFB2C18EFF31188402383F3E0
:101800001288BFF36F8F124F124BB8681860FFF742
:10181000BDFDB86810492A463346183000F03AF941
:10182000BA684046537B43F010035373FAF70CFE3B
:1018300003F060FB201A63EB0303012873F100033C
:10184000D1DBBDE8F0816FF00104241AD4E700BFBA
:10185000E073002108740021CF4D0301B1F1FF3F77
:1018600008BFB0F1FF3F08B506D10A4B986803F0F6
:1018700062FA4FF0FF3008BDFFF7ACFF4FF47A710A
:1018800047F6FF730022C0FB0132D80B40EA42400A
:10189000F1E700BFE0730021014B9868704700BF7B
:1018A000E0730021D3B5DDE90667089CCDE9006748
:1018B000FFF762FE1CB1034B9B685B69236002B0BB
:1018C000D0BD00BFE07300210122044BC01A044BBD
:1018D000C0105843034B1A54704700BF6871002171
:1018E000ABAAAAAA8D760021C3897F2B12D80A4BF6
:1018F0001B6863B1094B90F90E201B689A4209DB03
:10190000437BDB0606D1064BC31A18BF012303F045
:10191000010070470023FAE7107400210C740021C5
:10192000486F002170B50E4B0E4C1E7C182303FB34
:1019300006440546204603F0C8FA00220A4B284612
:101940009A55FFF7D1FF48B1084B2046BDE87040DB
:101950001A680749013AD31700F09CB870BD00BF60
:10196000E0730021687100218D7600211074002140
:10197000C918030138B5EFF31185402383F31288AA
:10198000BFF36F8F104B114A9C681068A04206D1BC
:10199000FFF7C8FF85F31188BFF36F8F38BD0021B3
:1019A0001B7C11600A4AD35C002BF3D02046FFF762
:1019B0009BFF0028EED0637BDB0602D12046FFF7B9
:1019C000A1FD2046E4E700BFE07300210874002178
:1019D0008D76002108B50648064A0749121A02F01A
:1019E000C0FFBDE80840054A0549064802F0B9BFF6
:1019F00000000021C8090021645E0301000000000E
:101A0000645E030100000021034B1B680BB9FCF767
:101A10000DBB0020704700BF1474002130B570B1B9
:101A20000B4B5B6898420AD0036843B1D3E90421A9
:101A3000D0E90445121941EB0501C3E90421D0E9BD
:101A4000003213605A600023C0E9003330BD00BF8C
:101A50009008002110B50E4B1C689C4204D1FFF782
:101A6000D3FF6FF0004010BDFFF7CEFF002CF8D081
:101A7000D4E904321B1A62EBE072B3F1004F72F149
:101A80000001EEDA002AACBF18460020EBE700BFE9
:101A900090080021B3F1FF3F08BFB2F1FF3FF8B556
:101AA00004461D4616465ED08160EFF31187402341
:101AB00083F31288BFF36F8F013275F1FF3324DA9D
:101AC0006FF001032D49D1E900209B1A4FF0FF323E
:101AD00062EB00009E1B60EB0500012E70F100031D
:101AE00001DA01260020C4E90460254ED6F800C0C2
:101AF0007568B44508BF4FF0000CBCF1000F0DD164
:101B0000C4E900652C6074601CE0FFF77DFF0136BE
:101B100045F10005361845EBE070E4E7DCE9042008
:101B2000D4E90431934271EB000E1DDAD21ADCF8CD
:101B3000043060EB0100CCE90420C4E900C31C6060
:101B4000CCF804403368B34209D09C4207D10D4B16
:101B50001C6824B9FFF77EFF2146FCF739FA87F3AA
:101B60001188BFF36F8FF8BD9B1A61EB0001AC4584
:101B7000C4E90431C4D0DCF800C0BEE780710021A4
:101B800090080021147400212DE9F84FEFF3118C17
:101B9000402383F31288BFF36F8FDFF8B0A0DFF824
:101BA000B0900024C9F80000DAF800000025504584
:101BB00008BF0020274FE046D7E90021D9F80030C0
:101BC00078B3D0E9046C4FEAE37EB3427EEB0C0BB2
:101BD00005DAF61A6CEB0E04C0E9046421E0B218D1
:101BE00041EBE671C0E90445C7E90021FFF716FFA4
:101BF00088F31188BFF36F8F83689847EFF31188DC
:101C0000402383F31288BFF36F8FD9F80030DAF8DE
:101C100000009B1B5045C446C9F80030CBD1D7E922
:101C2000002100249A1841EBE373C7E90023C9F8A7
:101C30000040FFF70FFF2146FCF7CAF988F311882F
:101C4000BFF36F8FBDE8F84FFFF794BE90080021F7
:101C5000147400218071002110B5EFF3118440232A
:101C600083F31288BFF36F8FFFF7CEFE0346054A5A
:101C7000D2E90001181841EBE37184F31188BFF336
:101C80006F8F10BD8071002138B50346EFF31185C9
:101C9000402282F31288BFF36F8FC16001218160FF
:101CA0000068834206D185F31188BFF36F8F00244B
:101CB000204638BDD0E9003213605A600023C0E9E5
:101CC000003303F060F9294604460248FFF7C4FCDC
:101CD000EEE700BF8E7600210A460146014803F078
:101CE000B2B900BFA8080021014B0367704700BFCD
:101CF000A808002138B504460D4602F0C8FF20B9F7
:101D0000064B9B681B6F0BB938BD054B2A46214615
:101D10001846BDE8384003F096B900BFE0730021D3
:101D2000A808002130B599B00546684600F02AF8A9
:101D30006946044608A800F055FA034608A9284653
:101D40001C4300F08BF9204619B030BD70B598B037
:101D500005466846164600F015F83146044608A8C0
:101D600000F048F9034608A96A4608461C4300F0FB
:101D700083F9034608A928461C4300F06DF9204664
:101D800018B070BD38B50B68124D1BBAC3614B68F3
:101D90002A461BBA83618B6804461BBA4361CB6831
:101DA0001BBA03610B691BBAC3604B691BBA836022
:101DB0008B691BBA4360CB6901461BBA0360CEF73F
:101DC0009BF9034620461C4629461A46CEF7B4F92D
:101DD000601E38BD905A03012DE9F04106460C46BD
:101DE000904688B0684602F1200106F12007CEF740
:101DF0003FFD6A4669466846CEF75CFC6946384650
:101E0000CEF736FD3A463946384604F12005CEF77E
:101E100051FC6A4669466846CEF74CFC4146284666
:101E2000CEF726FD6A4641463046CEF709FD2A46E2
:101E300029466846CEF73EFC2A4669466846CEF7F4
:101E400039FC69466846114ACEF734FC694620469B
:101E5000CEF70EFD324621462046CEF769FC3246CB
:101E600021462046CEF764FC224631462846CEF76E
:101E70005FFC6A4629462846CEF7E2FC3A462946E8
:101E80002846CEF755FC08B0BDE8F081705B030131
:101E9000F0B504460D4699B02A4668462146CEF76D
:101EA00047FC69466846CEF7E3FC6A46214608A827
:101EB00005F1200604F12007CEF7C2FC6A46294648
:101EC0006846CEF7BDFC3246394610A8CEF7F2FB85
:101ED000324639463046CEF72BFC31462846CEF7FF
:101EE000C7FC6A46204608A9CEF7E4FB22462946ED
:101EF0002846CEF71DFC6A46684608A9CEF718FCAE
:101F00006A4639463846CEF79BFC2A46684608A9F9
:101F1000CEF70EFC6A4631463046CEF791FC3A4683
:101F200031463046CEF704FC684610A9CEF7A0FC37
:101F3000224669462046CEF7FBFB08A92246084602
:101F4000CEF7F6FB10A9084608AACEF779FC3A4668
:101F5000384610A9CEF7ECFB19B0F0BD2DE9F041E1
:101F600005460C46904688B00A4668462946CEF794
:101F7000DFFB69466846CEF77BFC6A462946284661
:101F800004F12006CEF75CFC05F120076A462146E5
:101F90006846CEF755FC324639463046CEF7C8FB88
:101FA00031462046CEF764FC2A4621462046CEF72D
:101FB000BFFB6A4621462046CEF7BAFB6A46294651
:101FC0004046CEF7B5FB424639463846CEF738FC98
:101FD000224629466846CEF7ABFB6A463146304674
:101FE000CEF72EFC3A4631463046CEF7A1FB08B07C
:101FF000BDE8F08170B504460D4690B004F12006AE
:1020000000F014F9304605F1200100F00FF92146E7
:1020100008A8CEF72DFC08A908460D4ACEF74AFBC2
:1020200008A922460846CEF70BFC08A90846094A2B
:10203000CEF740FB31466846CEF71AFC20226946AF
:102040000DEB0200CEF708FB013810B070BD00BFE9
:10205000705B0301505B030100F002B938B505461F
:102060000C4600F0FDF805F1200004F12001BDE868
:10207000384000F0F5B800BF13462DE9F047B8B07E
:102080008946544A1946804610A8CEF735F8524979
:10209000024610A8CEF750F80746179E4D4907EAAA
:1020A000D676C6F1010210A8CEF746F8179C4A462C
:1020B000E44328A918A8FFF78FFEE40F20A90846DB
:1020C000C4F101024FF0FE0AC7F1010700F090F8D9
:1020D00025466A4618A928A8FFF740FF4FEA6A1369
:1020E00038AA02EB830353F8A04C0AF01F03DC402C
:1020F00004F0010465402A4628A918A8CEF778F80C
:102100002A4630A920A8CEF773F80AF1FF3A28A989
:1021100018A8FFF7BDFEBAF1FF3FD9D1C4F1010203
:1021200020A908A800F064F866406A4618A928A803
:10213000FFF714FF324628A918A8CEF759F83246FF
:1021400030A920A8CEF754F808A96A460846CEF769
:1021500077FB08A9084600F09DF808A908F12004BB
:10216000084609F12002CEF76BFB204620A908AAF9
:10217000CEF766FB08AA684618A9CEF761FB694648
:102180006846CEF775FB18AA694608A8CEF758FB33
:1021900021466846CEF76CFB08AA69461046CEF782
:1021A000C7FA68460D4A08A9CEF7C2FA2046202190
:1021B000CEF766FA024608A9684654423C43CEF779
:1021C00017F840466946064ACEF73AFB204638B033
:1021D000BDE8F087D05A0301F05A0301505B0301B8
:1021E000B05A03010A460149FFF746BF105B0301DD
:1021F00070B588B004460D46164600212022684678
:1022000002F04CFF0023294620222046009302F0D2
:1022100038FF2A4669466846CEF78AFA324669464A
:102220002046CDF7E5FF08B070BD00BF0B681BBAB4
:10223000C3614B681BBA83618B681BBA4361CB686F
:102240001BBA03610B691BBAC3604B691BBA83607D
:102250008B691BBA4360CB691BBA0360704700BF30
:10226000CB691BBA03608B691BBA43604B691BBA0D
:1022700083600B691BBAC360CB681BBA03618B68B0
:102280001BBA43614B681BBA83610B681BBAC361FD
:10229000704700BF70B50D46052498B0064610A8DB
:1022A000CEF7E6FA2A46684610A9CEF7C9FA69467B
:1022B00010A8CEF7DDFA10A90846CEF7D9FA6A467B
:1022C00010A908A8CEF7BCFA08A910A8CEF7D0FA32
:1022D00010A90846CEF7CCFA10A90846CEF7C8FADE
:1022E00010A90846CEF7C4FA10A908AA0846CEF7E6
:1022F000A7FA10A90846CEF7BBFA10A90846CEF7F0
:10230000B7FA10A96A4608A8CEF79AFA08A910A841
:10231000CEF7AEFA10A90846CEF7AAFA013C10A9EA
:10232000F5D1084608AACEF78BFA052410A908466D
:10233000CEF79EFA10A90846CEF79AFA013CF5D1DD
:1023400010A908AA0846CEF77BFA10A908A8CEF76C
:102350008FFA08A90846CEF78BFA08A96A4668469C
:10236000CEF76EFA1024694610A8CEF781FA10A9AC
:102370000846CEF77DFA013C10A9F5D12A46084659
:10238000CEF75EFA402410A90846CEF771FA10A9DC
:102390000846CEF76DFA013CF5D110A96A46084609
:1023A000CEF74EFA102410A90846CEF761FA10A90C
:1023B0000846CEF75DFA013CF5D110A96A460846F9
:1023C000CEF73EFA102410A90846CEF751FA10A90C
:1023D0000846CEF74DFA013CF5D110A9084608AAE7
:1023E000CEF72EFA2A46304610A9CEF729FA18B0B1
:1023F00070BD00BF2DE9F04F43688DB01546804693
:10240000029383789A0740F10D8100240E78002E04
:1024100000F00A81252E0BD04B1C0393013441465A
:102420003046029B98470028C0F2F6800399EDE7FA
:102430004E788B1C252E0393F0D00027B946BB465F
:10244000BBF11F0F38D8A6F12003102B0AD8DFE804
:1024500003F02A0909300909092109090928092D68
:1024600009091F00A6F13003092B33D92A2E37D1D1
:102470001BF0400F55F8043B40F08280002BA7BFB3
:102480004BF0200B9946C3F100094BF0280B01E0FB
:102490004BF0010B039B13F8016B0393002ECFD17C
:1024A00030E04BF0020B4BF0040BF3E74BF0080B62
:1024B000F0E74BF0100BEDE7BBF17F0F19D8A6F159
:1024C0003003092BD2D81BF0400F03D00A2101FBA7
:1024D0000737DFE70A214BF0200B01FB0939D9E769
:1024E0002E2E06D11BF0400F40F09E804BF0400B8B
:1024F000D0E76C2E31D02BD8682E36D06A2E3CD047
:102500004C2E3AD0002F46F02003B8BF2BF04002EB
:10251000A3F16501BCBF00271FFA82FB022901D984
:10252000612B2FD107350727DFF8ACA225F007056F
:1025300008351BF0080F66D00AEB070B56465E45C0
:1025400063D1A4EB0A0AA9EB070906EB0A026FE1C3
:10255000742E9FD07A2E9DD0D4E71BF0800F18BF29
:102560004BF4007B4BF0800B94E71BF4807F18BF8B
:102570004BF4007B4BF4807B8CE74BF4207B89E7AA
:102580001F4687E7A6F16301122900F2F080DFE819
:1025900011F013004F00EE00EE00EE00EE004F00D1
:1025A000EE00EE00EE00EE00EE00FE00E900EE00B0
:1025B000EE001B00EE00AF0055F8043B01270DF1C3
:1025C000180A8DF81830B4E755F804AB834BBAF10C
:1025D000000F08BF9A461BF0400F504614BF394603
:1025E0004FF0FF3102F094FD0746A2E7414620205C
:1025F000029B984700280FDB013EB742F6D34C44BC
:10260000B146A41B98E74E46F7E7414616F8010B82
:10261000029B9847002892DA98F8023043F00403AE
:1026200088F802304FF0FF3420460DB0BDE8F08F3F
:102630001BF0800F34D01BF4007F2CD0073525F021
:102640000705AA4669685AF8080B2BF010050029FF
:10265000ADB237DA404245F4806561EB41010DF1DE
:10266000180B0A235A4602F05FFDA0EB0B030193FF
:102670006B0662D5019B25F001019F4289B240F3B0
:10268000A180002E00F0998015F0100240F09C808F
:10269000BB460D4623E0AA465AF8040BC117D4E7FF
:1026A000AA461BF4807F5AF8041B01D10846F5E7BF
:1026B0001BF4007F19BF48B241F3C01108B241F3C7
:1026C000C031C2E750EA0103C9D11BF0400FC6D0A8
:1026D000002FC4D12BF01102BB46019795B240F2F6
:1026E000064115EA01021CBF0BF1010B00222CE090
:1026F0002BF010020A231FFA82FB1BF0800C49D03A
:102700001BF4007115BF0735AA4625F007055AF8D6
:10271000040B1EBFAA4669685AF8080B50EA010567
:1027200045D12BF016051BF0400FADB242D0002F63
:1027300040D12BF01702019795B215F0100248D046
:10274000019B002E42D103F1010B29075AD4EB075C
:1027500006D5D9456FDDA9EB0B030199CB465F1870
:102760005B4649E04BF0100B10237826C5E7782B29
:1027700004D1C6F1780343F01003BEE7414625209B
:10278000029B98470028FFF647AF023447E608232C
:102790000026B2E7AA461BF480715AF8040BBDD09C
:1027A0001BF400711ABFC0B2614680B2B6E72BF0CD
:1027B000060295B20DF1180B54E725F01105BB4642
:1027C000ADB28CE70D46B8E73B460D4603F1020B70
:1027D000BBE7DDF804B082E7595E0301525E0301F6
:1027E000CDE9043241462020029B98470028FFF69D
:1027F00013AF049B059A01339945F1DCA4EB0B015F
:102800009B46CC180AB341463020029B98470028CB
:10281000FFF602AF8EB901342744391B019B994260
:1028200024DC1D4655BB019AA9EB0B0955462244F1
:102830001446914433E0019F92E70234414630460A
:10284000029B98470028E7DAE6E640F206410D428F
:10285000E2D015F0020F04F10104414614BF2B2011
:10286000202015F4806F18BF2D20E9E74146302065
:10287000029B013498470028CFDACDE606AB013D34
:102880004146585D029B98470028CBDAC4E6414692
:102890002020029B013498470028FFF6BDAEA9EB2B
:1028A0000403002BF3DCC1E57047EFF311834023F1
:1028B00083F31288BFF36F8FFEE708B5F8F730FF98
:1028C00010B110F1580F06D1F8F748FF10F1580F6A
:1028D00002D00028F8D008BD0020FCE7836800EB98
:1028E000C101B3F5004F2CBF51F8220031F812009E
:1028F000704700EBC1018068B0F5004F2CBF41F874
:10290000223021F812307047012208B5FFF7E6FFA8
:10291000D04008BD836800EBC101B3F5004F08D378
:102920004B681AB143F001034B60704723F0010379
:10293000FAE74B881AB143F001034B80704723F04C
:102940000103FAE753000122FFF7D3BF8368B3F511
:10295000004F34BF04230823C91A081AC00870475F
:10296000B0F5004F34BF04230823481C0833A0EB04
:10297000D300B0FA80F0C0F11F0070472DE9F0419C
:10298000174603220E460446FFF7A8FF8642054677
:1029900007F104080AD10122E368BA4023EA0203DE
:1029A000E360002344F82830BDE8F081314602227C
:1029B0002046FFF793FF06462B460146032220469A
:1029C00044F82850FFF795FF334629462046BDE8D6
:1029D000F0410222FFF78DBF70B50D4686680446B0
:1029E000FFF792FFB6F5004F014601D3012809D049
:1029F0003046FFF7B5FF294602462046BDE8704045
:102A0000FFF7BCBF70BD2DE9F04705468068FFF7B2
:102A1000A7FF05EB800ADAF8109088460646B9F160
:102A2000000F1BD00327DAF8104028462146FFF795
:102A30006BFF404507D3324621462846FFF79EFFED
:102A40002046BDE8F087032221462846FFF746FFCF
:102A5000013FCAF8100001D08145E4D14FF0FF34A6
:102A6000EB680136B4401C40EAD094FAA4F2B2FA02
:102A700082F2131D55F82340DEE72DE9F04114469C
:102A80000E460546FFF740FFA4EB0608371B074438
:102A9000424631462846FFF755FF3A46214628462A
:102AA000FFF750FF4346002221462846FFF721FF4B
:102AB00021462846FFF728FF3B46211800222846DA
:102AC000BDE8F041FFF715BF2DE9F0411646044679
:102AD0000F46FFF719FF314605462046FFF714FF62
:102AE00005442A4639462046FFF72CFF314620464A
:102AF000FFF70AFF2B46311800222046BDE8F041BF
:102B0000FFF7F7BE2DE9F0410D4686680446FFF752
:102B1000FBFEB6F5004F014601D3012832D0304606
:102B2000FFF71EFF04EB80010E6996B90122E368EE
:102B300082401343E36002220D612B462946204662
:102B4000FFF7D7FE032229462046BDE8F041FFF7F4
:102B5000D0BE022231462046FFF7C0FE074603469C
:102B600029462046FFF7C5FE032233462946204664
:102B7000FFF7BFFE39462B462046FFF7BAFE02227A
:102B80003146E1E7BDE8F081F8B50C460546FFF7B0
:102B9000BBFE2618012231462846FFF79FFEC307D9
:102BA0000CD431462846FFF717FF21462846FFF789
:102BB000ABFE214622182846FFF786FF0022214659
:102BC0002846FFF78BFE271A012239462846FFF7D1
:102BD00085FE10EA020613D139462846FFF7FCFEAF
:102BE000214632462846FFF779FE2246211A28461A
:102BF000FFF76AFF214632462846FFF76FFE241A88
:102C000021462846BDE8F840FFF77CBF38B571B1D2
:102C1000056800222846FFF799FE0446014628462B
:102C2000FFF778FE2146BDE83840FFF7ADBF38BD5D
:102C300070B5066809B9002070BDB368B3EBD10F59
:102C4000F9D9B3F5004F34BF04230823CC1D1C442D
:102C5000E40821463046FFF7D6FE05460028EAD0B4
:102C600001463046FFF750FEA04209D92C442946C0
:102C700030462246FFF701FF21463046FFF742FF6C
:102C8000304601222946FFF745FEB368B3F5004FF1
:102C900034BF0423082303EBC5031844CCE72DE914
:102CA000F84306681446B26801F1FF39B2F5004FE7
:102CB00034BF0423082319EA01090F460BD0494207
:102CC00039408B424F4628BF0B46894654B90025F0
:102CD0002846BDE8F8839942F8D82146BDE8F84374
:102CE000FFF7A6BFB2EBD40FF1D9B2F5004F34BF56
:102CF00004220822E11D3944C91A11443046C9088A
:102D0000FFF781FE80460028E1D0B36809EBC005DB
:102D1000B3F5004F34BF042308231D4435447B1E04
:102D20001D44B5FBF7F57D43A5EB09052946304663
:102D3000FFF70CFE2C44073424F00704A41B804545
:102D400007464FEAE40408D2024641463046FFF700
:102D500094FE41463046FFF7D5FE39463046FFF730
:102D6000D3FD3844844208D2394630462246FFF724
:102D700084FE21463046FFF7C5FE01223946304623
:102D8000FFF7C8FDA4E7B2F5802F2CBF082304236A
:102D90002DE9F0410026D21A8C18CD1D25F007052B
:102DA00024F00704641BE408056021462046AC605B
:102DB000EE60FFF7D5FD421D9200013002F10707DA
:102DC0004FEAD7073146A2F1100205F11000B8BF53
:102DD000324602F063F93A4631462846FFF7B2FD23
:102DE0003346324631462846FFF783FDA4EB0708F9
:102DF000284631460122FFF78DFD42463946FFF74E
:102E0000A1FD3B46324639462846FFF772FD214672
:102E10002846FFF797FD4346324621462846FFF7EE
:102E200068FD214628460122FFF774FD3946BDE8BA
:102E3000F041FFF767BE002070470FB407B504A943
:102E400051F8040B0191F8F7CBFC03B05DF804EBEB
:102E500004B07047038B13F0070305D10368002B00
:102E60000CBF002003207047022B05D1408BB0FA25
:102E700080F0400980007047012B05D10368002BCA
:102E80000CBF0020052070470020704710B50C468D
:102E900000B111B96FF0150010BD081D00F093F8D6
:102EA0000028F9D1A368032BF6D9F3E72DE9F04107
:102EB0000D4607461946281D90461E4600F097F815
:102EC000044638B13346424629463846A446BDE852
:102ED000F0416047BDE8F08110B4EFF31182402467
:102EE00084F31288BFF36F8F416110BC0121F8F7A2
:102EF000A9BC38B50C46054658B151B10B6843B171
:102F00004B6833B11C22002102F0C8F800202C616C
:102F100038BD6FF01500FBE770B505460E46FFF7AC
:102F2000B5FF041E14DBEFF31182402383F31288F4
:102F3000BFF36F8F4FF6FF716B8B2C8B8B4204F0BE
:102F4000070407D182F31188BFF36F8F6FF00A0473
:102F5000204670BD022C0CD101336B8382F31188A3
:102F6000BFF36F8F0023224631462846FFF79EFFAE
:102F7000EEE7062C14D8DFE804F004131313041A48
:102F80000400002333606B683BB9C5E90066ACB947
:102F900002212846F8F756FCDAE71E606E60F6E775
:102FA00082F31188BFF36F8F6FF00404D0E782F3D0
:102FB0001188BFF36F8F6FF08504C9E782F3118822
:102FC000BFF36F8FC4E7034640B1426802F00302CB
:102FD000022A06D0032A04D0012A05D06FF015007A
:102FE00070471A68002AF9D000209860704710B521
:102FF0004268034602F00302022A4FF00004816097
:1030000007D0032A02D05C60002001E018685C60F1
:1030100010BD18685C600028F6D0FEF735FEF3E7B7
:10302000704720B183682BB11B6833B118476FF02C
:10303000150070476FF0040070471846704730B4B1
:1030400050B149B142B1846854B1E56845B141F825
:10305000040BE36830BC18476FF0150030BC7047B4
:103060006FF00400FAE730B41346044650B100682C
:1030700060B182686AB195685DB10A46AC46616824
:1030800030BC60476FF0150030BC70476FF0010036
:10309000FAE76FF00400F7E70369D3F8900370478D
:1030A0006FF085007047084608B5114618B101F069
:1030B00013F9002008BD6FF00100FBE7084608B5D2
:1030C000114618B101F0FFF8002008BD6FF00100B3
:1030D000FBE713B504460846216901F56371D1E8A1
:1030E000AF1F022909D15BB168B100931346D0E943
:1030F0000912FDF77BF902B010BD6FF00F00FAE77F
:103100006FF04C00F7E76FF00100F4E72DE9F843AA
:103110001C46DDE90853164698460F46006939B348
:103120004AB344B36A1C43F10003022A73F100035B
:1031300024D2226842B1D0F890339A4204D96FF079
:103140000B002360BDE8F88305EA080909F10103D3
:103150005A425A412146384601F0C7F888B9B8F1B9
:10316000FF3F08BFB5F1FF3FF0D06FF06800E9E71F
:103170006FF00100E6E76FF01500E3E76FF0850000
:10318000E0E730600020DDE701F0F3B838B50D4628
:10319000044600F148012846F8F734FA30B12846D1
:1031A00004F1C001F8F72EFA20B90120782303FBBF
:1031B000004038BD0020FCE702F5367102F53A7098
:1031C00001F034BDD0F8B030A0F53670003B18BF28
:1031D000012300EB8300D0F8C40201F016B8C868E0
:1031E00028B1096983681B680BB100221847704732
:1031F000FDF78CBDD0E8EF3FC0E8E21F002AF9D10F
:10320000704710B5436804691B68C4F8883304F537
:10321000EC7001F021FC002104F56370FFF7EAFF78
:10322000084610BD2DE9F34117460D4679B30B78DA
:103230006BB3D0F8C440A4F5E27814344FF0FF32F9
:103240004FF0FF332046FDF7E9FC2A46404601A92E
:10325000F8F728FC019E2EB9204602B0BDE8F041E7
:10326000FFF7C6BF58B12046FFF7C2FF3B462A46CC
:103270003146404602B0BDE8F041F8F7F1BB2022EC
:10328000294606F1480001F033FFB766E4E702B0D3
:10329000BDE8F081030103EB4003093323F003038E
:1032A00003EBC00348430330083320F00300184405
:1032B000400070472DE9F84306464FF001090569C3
:1032C000D0F8048005F56377D7E8EF3F022B03D1F0
:1032D000C7E8E29F002AF7D141D195F86C30002B66
:1032E00040D195F8E430002B3CD12846D5F888131E
:1032F00000F054F8044680BB73683669D3E90501D1
:1033000083681B693BB322469847044628BB06F5F1
:103310003A7649463046FDF74BFF304605F5F876DC
:10332000F9F77CF83046D8F8001000F074F804463D
:1033300098B90146E822304601F0B0FE21464FF42C
:10334000F672284601F0AAFE21463846FFF752FFE2
:103350002046BDE8F8836FF057040221F5E76FF0CF
:103360007704F5E76FF00F04F2E710B50846029B0B
:10337000114652B993F86C202AB90122184683F8F5
:103380006C20F8F77FFC002010BD1A6F5468002CE9
:10339000F9D05A6FA047F6E700F0EBBF38B50D46FD
:1033A000044660B1F03001F085FA0DB1002038BD5F
:1033B000C4F8C451C4F8C851C4F8CC51F6E76FF052
:1033C0001500F4E70268D2F8E03013B1D2F8DC104F
:1033D000184770477047836913B9D0F8883019705F
:1033E0007047012070478369012B04D1D0F88830E1
:1033F0001878C0B270470420704738B5C41DE40087
:10340000204601F03AFE054618B12246002101F09F
:1034100045FE284638BD38B504463022002101F06B
:103420003DFE1822002104F1BC0001F037FE1822F5
:10343000002104F1A40001F031FED4F8D800FCF71B
:1034400087FFD4F8D400FCF783FF002304F1340095
:10345000C4F8A03000F05BFCFCF7DEFEE36E04F184
:1034600040050BB12846984738220021284601F034
:1034700015FE002038BD012801D1EFF30583FDF7CB
:103480007BBA01460068FFF7F6BF08B5F8F7EEFD16
:10349000BDE80840F8F70EBE00210120FFF7EBBFA2
:1034A000436E83F30B88704761B662B680F3118870
:1034B000BFF36F8F704708B5F9F766FC72B600234B
:1034C00083F31188BFF36F8FF9F7DCFC50B1BFF3C2
:1034D0004F8F30BF00BF00BF00BF00BF00BF00BFA5
:1034E00000BF00BF62B6BFF36F8F08BD10B50446C2
:1034F000F9F74AFC72B6002383F31188BFF36F8F8C
:10350000F9F7C0FC50B1BFF34F8F20BF00BF00BF21
:1035100000BF00BF00BF00BF00BF00BF84F3118821
:10352000BFF36F8F62B610BD40E800F313F4803F25
:10353000D8B208BF6FF01500704730B50C684B6803
:1035400085B00A894D890094013B24F01F0423446F
:1035500002F01F0242EA451223F01F0369468DF86C
:1035600008200393F9F7D2F805B030BD08B5F9F794
:103570008DFA002008BD7047416A8968F9F7EABAF8
:1035800083680B4403607047838802681944818014
:10359000D018704730B484880568A3188380281930
:1035A00030BC01F06EBD0268531E03608388013396
:1035B000838002F8011C70478388C2888168D21A10
:1035C00003685B1AD01A7047F0B5D0F8047306464A
:1035D00017F002001CBFC2F1807018604FF00005A8
:1035E00018BF01204FF0010C4FF4803E0CFA05F497
:1035F0000C4214D00EFA05F43C4210D005F5A87424
:1036000056F82440A41A34F07F4408BF4FF0807469
:1036100008B91C6002E01868A042FAD80120013500
:10362000042DE3D1F0BDF9F743BBF9F741BB01200D
:10363000F9F78ABC0C220369C9B201FB0233186C8A
:1036400000F00700704770B5C9B20369EFF3118548
:10365000402484F31288BFF36F8F0C2606FB0134DD
:10366000246C14F0C00408D0A24206D085F311885F
:10367000BFF36F8F4FF0FF3070BD012206FB0133A7
:103680001A6485F31188BFF36F8F436803EBC1039E
:103690005B6898470020EFE78022FFF7D4BFF8B5BA
:1036A000069F0469C9B2EFF31186402585F312889D
:1036B000BFF36F8F0C2505FB0144256C05F0070C4B
:1036C000BCF1010F0CD1276486F31188BFF36F8F13
:1036D000C4E90E23436853F8313098470020F8BD01
:1036E00005F0C005AF4286F31188BFF36F8F0CBFA2
:1036F0006FF077004FF0FF30F1E713B580240094AE
:10370000FFF7CDFF02B010BD10B41C240069CBB28E
:1037100003FB0400002110BC10470020FBF78EBF04
:10372000002000F039BA1046FDF75EBB4368002068
:103730005B681B690B607047436802EA01005B68C5
:1037400021EA020198600020D96070474368002098
:103750005B6899607047436800205B68D960704778
:1037600043685A68536821EA03000B4090600020C8
:10377000D360704710B503695868F8B1884219D111
:103780009C680868A142586000D1986000200860D9
:103790002AB15A680A609A68596002B99960002093
:1037A00010E0814206D10868206098688142EDD11E
:1037B0009C60EBE7044600680028F2D1002AE8D1BB
:1037C0006FF0150010BD30B451F820500C4601EBDD
:1037D00080023DB10146AC46D4F88000002330BCE5
:1037E000126C604730BC704710B500690F299FBF4D
:1037F00000EB810440F821202364002088BF6FF093
:10380000150010BD00207047102070470F290ED8FA
:1038100043685B68CB40DB0709D501228B00DBB234
:1038200003F1824303F5903300201A6070476FF074
:103830001500704738B50F290C46056933D8436821
:103840001B68CB40DB072ED5D5F8841021FA04F392
:1038500003F001031AB99BB96FF0770022E0002B47
:10386000FAD111B91220F8F757FE0122D5F88430A9
:10387000A2401343C5F88430E0B2FCF7CFFB0AE066
:10388000E0B2FCF7D3FB0122D5F88430A24023EA52
:103890000203C5F88430D5F8843013B91220F8F744
:1038A00049FE002038BD6FF01500FBE730B54368D6
:1038B0001360057A446804EBC504A34202D36FF099
:1038C000010030BD5C798C4201D00833F0E7002064
:1038D000F7E743681B68D3F88004C3F88004704797
:1038E00042681368D3F8100150B10020126A1278B0
:1038F0000A70C3F81001D3F8102101221A60704732
:103900004FF0FF30704702680346D2F8580140B9C3
:103910005B68DB0706D4D2F82001003818BF01200D
:1039200070470120704743681B68D3F80423D20511
:1039300017D5D3F82021A2B1EFF31182402181F3F2
:103940001288BFF36F8FD3F8201131B10021C3F873
:103950002011D3F820110121D96082F31188BFF31F
:103960006F8FD3F858317047002200F150039B004D
:103970009BB203F1824303F5B0331A601B687047B2
:1039800008B5FAF7C7F908BDFEF78FBF10B500F00C
:10399000BEF84FF0FF304FF0FF31FAF751FB04460D
:1039A00020B9CDF725FC0446FAF752FB204610BD9E
:1039B00038B50B8A0D462BB10B7E022B05D0042B9C
:1039C0002ED0ABB16FF0150410E04FF0FF304FF088
:1039D000FF31FAF735FB044640B9E868EFF775FBAD
:1039E0000446FAF735FBB4B1FAF7E2FC204638BDDD
:1039F0004FF0FF304FF0FF31FAF722FB044600286A
:103A0000F4D1E868FAF7BAFD0446FAF721FB002C76
:103A1000ECD1FAF7CDFC2846F9F72EF90024E5E7BA
:103A20004FF0FF304FF0FF31FAF70AFB0446002851
:103A3000DCD1E868EFF753FBD2E7FAF7CDBC3122CF
:103A400010B50021044601F029FB20237F222370BA
:103A500080232277A37030226FF03F0384F8202068
:103A600063716FF009026FF01B0384F82320A372C7
:103A70004022282384F82D20A3730C222223E271F4
:103A8000E3737E22042384F82220A37507226FF0BB
:103A9000080384F8272063766FF01F02FF2384F861
:103AA0002820A3766FF01802E37684F8243084F897
:103AB000253084F8263084F82A3084F82B30072308
:103AC00084F8292084F82C3010BD00230360436063
:103AD000037863F022030370437823F0790343F003
:103AE00079034370C37863F00803C370037943F02C
:103AF00010030371704701F12003013813F8012D01
:103B00008B4200F8012FF9D17047FBF71FBC7047BB
:103B10000021FBF7B7BC90F84010012901D8FBF752
:103B2000B1BC12207047684620F007018D4601B5F0
:103B3000ECF7DEF9F8F7BEFABDE8014085467047BC
:103B400008B54FF0FF314FF0FF30FAF779FAF7F789
:103B50003AFDBDE80840FAF77BBA684620F0070155
:103B60008D4601B5FFF75FFDECF748F9BDE8014070
:103B700085467047684620F007018D4601B5EBF792
:103B800055FDF8F797FABDE801408546704708B53E
:103B9000F7F7ABFC002008BD012801D1EBF70ABC08
:103BA00070477047EBF7AABA004700F0A5BE40F097
:103BB0000040C1F88000704740F00040C1F880002C
:103BC000704740F00040C1F88000C2F880007047A4
:103BD000FBF7F6BDF7B51646DDE90847019001A8E9
:103BE0001D46FBF7F3FD019BB6F1000C18BF4FF02B
:103BF000010C00EB83000B1E18BF0123002D43EACC
:103C00004C0314BF4FF00C0C4FF0000C002C43EA97
:103C10000C0314BF4FF4706C4FF0000C002F43EAFC
:103C20000C0314BF4FF4403C4FF0000CD0F80022BE
:103C300043EA0C0322EA030301B109780EB1367896
:103C4000760019430DB12D78AD0031430CB12478C5
:103C5000240229430FB13F783F040C433C43C0F892
:103C6000004203B0F0BD1FB50DF10F030193002317
:103C70008DF80F101A4619460093FFF7ABFF05B0F9
:103C80005DF804FB38B5054608460C46FBF7F2FD27
:103C9000A8B10846FBF7E2FD88B90846FBF7D2FD5C
:103CA00001232A688340C2F808332B6803EB8000A5
:103CB000D0F8103523F00303C0F8103538BD204686
:103CC000BDE838400021FFF7CEBFFBF757BEFFF736
:103CD000D9BF37B50C46154690B1037883B179B199
:103CE0000B786BB162B101A9FCF706FA50B90198E3
:103CF00083684BB12A46214603B0BDE830401847DF
:103D00006FF0150003B030BD6FF01200FAE7014606
:103D10004068C36803B1184770472DE9F04389B084
:103D2000109E0446894690460021202268461F4680
:103D3000129D01F0B3F91F2E97BF01234FF0FF33FF
:103D4000B34003F1FF332361119BC4E90098C4E938
:103D500002766361183445B10FCD0FC495E80F00AA
:103D600084E80F0009B0BDE8F0836D46F4E773B551
:103D70000468661C31D08568A9422ED264182CD004
:103D80005E18AE4288BF6B1A056A35B100930523F1
:103D9000A8470346184602B070BDBFF35B8F1946B3
:103DA000A41A101919B140EA0205AD070AD1032976
:103DB0000DDC013811448A42ECD010F8014F02F8B2
:103DC000014BF8E70078013902F8010BE9E750F8F8
:103DD000044B043942F8044BE9E76FF02103D9E7BB
:103DE00073B50468651C32D08568A9422FD2641867
:103DF0002DD05E18AE4288BF6B1A456ACDB10093D4
:103E00000523A84702B070BD12F8015B01390570A7
:103E10001546A01819B140EA0206B607F4D10329E5
:103E20000ADC013D014488420CD1BFF35B8F184688
:103E3000E8E71946A41AEBE755F8042B043940F8D3
:103E4000042BECE715F8012F00F8012BEBE76FF0DE
:103E50002100D7E773B51C46036815465A1C29D0C4
:103E60008268914226D25B1824D066189642866AF0
:103E700088BF541A36B105232A460094B04720461D
:103E800002B070BD184622464AB9294601F006F92B
:103E9000BFF35B8FF3E700F8015B013AF4E78307B8
:103EA000F9D14FF001336B43032AEEDD40F8043BB8
:103EB000043AF9E76FF02100E2E70020704710B400
:103EC000046B02460B4684B9C1681F2998BF23FAC8
:103ED00001F4416861B18068834209D210691840D9
:103EE00051F82430184410BC7047234610BC1847C2
:103EF0004FF0FF30F7E730B5059CC4E90002039AA4
:103F000021811989E260049A618121856261D3E986
:103F1000002502EB0113C4E906128A1C236203EB9D
:103F200042036A1C13446D422B406362836953B998
:103F30000139E2698B4202EB031206DB0023937323
:103F40006FF07F03D373002030BD0133D381F0E7DE
:103F50002DE9F04FB0F830A004465546002685B054
:103F600002EB030891460E9A00EBCA031FFA88FB86
:103F70009A63A3F83CB008F1FF32C3690F1D0192A8
:103F8000B0451ADC238D2586A3EB0B032385236A1A
:103F900061895A8801390A4003EB4203A3F804A05F
:103FA000BFF35B8F0020226A538801335380638DF7
:103FB0000133638505B0BDE8F08FE06A2A0157F848
:103FC000041C03EB0515029303680392C91A836866
:103FD0000837994228BF4FF0FF31FFF770FFDDE946
:103FE0000232985000226A6057F8082CAA60019AA1
:103FF0009642ACBF00220122B145D8BF42F0020276
:10400000AA810136ED89BBE7F0B550B3456A448E0D
:104010006B88A34230D0631C43864389BFF35B8F18
:10402000013B1C4005EBC4056B689EB209B1AD684D
:104030000D60D0F81CC09BB20CEB031100EBC30366
:104040009D8F078D2F44013D07859D878D896F07C3
:104050000ED5058ECD8100210686986B996302B13D
:104060001480F0BD9D8FC989013D0CEB01119D8726
:104070008D89ED07F6D4ECE70020F2E7C36903EB86
:1040800001139868704770B5C369C56A09015E5825
:104090006B6BE3B92C69621C09BF6B6834401C6808
:1040A000341B21462846FFF70AFF864207D02B69BA
:1040B00001331C44AB689C42F3D34FF0FF342868B3
:1040C000431C09D0AB68A34206D9204470BD3146D9
:1040D000284698470446F2E70020F7E770B5BFF39B
:1040E0005B8F0D46016A1646838E4A8804469A42C3
:1040F00012D05A1C82864289013A134001EB4301D7
:104100008988298089B2FFF7BEFF2A88E36903EB1B
:1041100002139B68336070BD0020FCE710B5026895
:1041200093691269920017D543B9438E026A816977
:104130004489013B1B1B02EB4102938003689B698E
:10414000012B08D1838E426A81694089013B1B1A89
:1041500002EBC102938010BD23B9026A138843F0B9
:104160000103138003689B69012B01BF426A138816
:1041700043F001031380EEE710B5BFF35B8F0368D4
:1041800004461A699B6912F0005F1AD07BB9036A72
:10419000426A5B888169013B02EBC10292889B1AEB
:1041A000628D9BB29A4214D80023638510BD012B07
:1041B000FAD1436A026A5B888169013B02EB4102E2
:1041C000ECE763B9436A1B88DB4303F00103002B70
:1041D000EAD06369002BE7D020469847E4E7012B3B
:1041E000E2D1036AEFE7036A828E598891420AD0CE
:1041F000418901390A4003EB42039A88C36903EB02
:1042000002139868704700207047BFF35B8FC36844
:1042100003B1184770474FF0FF324FF0FF33FCF700
:1042200007BE10B1C36A0133C362704738B1C26AB6
:10423000013AC2621AB9026B02B1104702627047BA
:1042400070B50446056A05F164063046FFF7E3FFE2
:10425000636AA3F580637F2B0BD80122590950357F
:1042600003F01F039A4055F8213023EA020345F872
:104270002130D4E90F124A60E16B04F13C03116074
:104280002046C4E90F33FFF7D1FF3046BDE8704048
:10429000FCF7AABD10B58CB0436A04460B912022EE
:1042A000014602A80A9300F018FB28230122CDE959
:1042B000003220463522616A02ABFCF781F800EA41
:1042C000E0700CB010BD30B1006A20B119B1D0F867
:1042D000883003B11847704730B1006A20B119B176
:1042E000D0F88C3003B11847704730B1006A20B164
:1042F00019B1D0F8903003B11847002070472DE96C
:10430000F84306468846174699460468A64201D1F6
:10431000002520E07A1CA4F13C0502D06B6ABB4268
:1043200019D0B8F1000F22D020224146284600F0D3
:10433000CDFEE0B9B9F1FF3F02D0AB6A4B450AD0E0
:104340007B1C0BD02468B442E2D054F8183CA4F192
:104350003C059F42E8D12846BDE8F883AB6A0133AB
:10436000F9D02468B442D3D0A4F13C05D9E724683D
:10437000CCE710B5044690B1036A83B102784AB124
:1043800093F8A43033B1436AB3F5806F02D30121AF
:10439000FFF780FF2046BDE81040FFF751BF10BD7A
:1043A00020B1036A13B15B6803B11847704708B5C1
:1043B00030B1036A3BB1DB682BB19847002008BDE0
:1043C0006FF01500FBE76FF00500F8E77047FCF7AA
:1043D0000BBD4FF0FF324FF0FF33FCF729BDF8B5AE
:1043E0000C4600F164070546A4F110063846FFF7B5
:1043F000F0FF3046FCF7BEF880B154F8083C24F8D2
:10440000083CD5F8CC3044F80C3C05F1C80344F81E
:10441000103CC5F8CC6054F80C3C1E603846FFF7E1
:10442000D6FF0020F8BD38B50D4600F164042046E3
:10443000FFF7CFFF55F8083C204603F5803345F8D9
:10444000083CBDE83840FFF7C2BF2DE9F04188B015
:104450000E9C282A8846D4F8C0006ED10168856871
:10446000A8EB0101A94228BF4FF0FF3120236A4683
:10447000FFF77DFC04F16406D8F820703046FFF7A2
:10448000A8FF3B464FF0FF3269462046FFF737FF53
:10449000D8F824300546E0B1D0F8308003F00103AD
:1044A000B8F1000F02D0DBB9AF6230E0002BFBD0D7
:1044B0004FF0FF3383623046FFF789FFAB6B83BB5E
:1044C000D4F88030002B38D03A46694620469847C9
:1044D00033E0DB071FD43046FFF779FFE36FF1E7E6
:1044E0004FF0FF338362FFF79CFE3046FFF76FFF0C
:1044F000AB6BA3B9D4F880301BB13A46694620466D
:1045000098473046FFF765FF2846FFF78FFE304695
:10451000FFF75DFF11E03046FFF759FFD0E74FF09E
:10452000010828469847D4F880301BB13A466946BE
:1045300020469847B8F1000FE3D1002008B0BDE84D
:10454000F081F0B504468E680D46B6B23146D0F81B
:10455000B80085B0FFF792FDD4F8B43007469A69E9
:1045600042B90095CDE902500123D4F8B80002A960
:10457000FFF7EEFCD4F8B4309B69012B05D13A4625
:104580003146D4F8B800FBF7FFFED4F8B80005B008
:10459000BDE8F040FFF7F0BD70B500F16406A1F191
:1045A000100504463046FFF714FF2846FBF7E2FFEC
:1045B00018B129462046FFF7C4FF3046BDE87040D9
:1045C000FFF705BFF0B5036885B05F6A07F16406C1
:1045D0003046FFF7FEFED7F8B4309B69002B4DD074
:1045E000012B46D1D7F8B80003AA0DF10A01FFF755
:1045F00075FD04463046FFF7EAFE002C3CD0BDF8BE
:104600000A303046A360FFF7E4FE4FF0FF3300218D
:1046100062683846FFF773FE0546FFF702FEA3689F
:10462000304603F58033A360FFF7D1FE7DB1AB6A5E
:10463000696C013308BF2368284608BFAB62236852
:10464000A2890091D5F834C004F11001E04730464A
:10465000FFF7BFFE2846FFF7E9FD2046FBF78AFF7C
:1046600018B121463846FFF76CFF3046FFF7AFFE22
:10467000AEE73046FFF7ABFE05B0F0BDD7F8B800A7
:104680000DF10A0203A9FFF7BFFCD7F8B4300446C6
:104690009B69012BAED1A5E72DE9F041A3F11006EE
:1046A00053F8085C002388B00693ADF81E3004462A
:1046B0001023CDE904120E9FD0F8C000ADF81C7095
:1046C0000168D0F808C0711A0DEB0302614528BFDC
:1046D0004FF0FF3104F16408FFF782FB4046FFF71B
:1046E00078FED4F8B430ADB29B69CBB9D4F8A82029
:1046F000D4F8B430D4F8BC009B69C3B9CDE90262E8
:104700000096012202A9FFF723FCD4F8BC00FFF7B2
:1047100033FD4046FFF75BFE384608B0BDE8F08148
:104720002946D4F8BC00FFF7A9FC0246E0E7012BBC
:10473000EBD12946FBF728FEE7E710B548B149B1B0
:1047400043688B4206D382680468D21A5B1A4360BE
:10475000A01810BD0020FCE72DE9F3470546D0F86E
:10476000B4000E46904618B9002002B0BDE8F087AC
:10477000036A002BF8D09B68002BF5D098474307BD
:10478000F2D543F69823B8F1000F18BF984605F10B
:10479000640705F1C8093846FFF71BFED5F8C84085
:1047A0004C452BD054B3D4E90023536022681A60DF
:1047B000C4E90044D5F8B43021899B69ADF80610EE
:1047C0007BB1012B14D03846FFF701FEBDF806304F
:1047D00004F1100003F58033A3603368103B3360AD
:1047E000C3E7D5F8A8303360D5F8B4309B69E8E763
:1047F000D5F8BC00FFF742FC3060E4E7D5F8B430F0
:10480000D3F818A0BAF1000F36D13146D5F8BC0064
:104810000DF10602FFF7F8FB04460028D3D1D5F8C6
:10482000BC301B8DB3B93846FFF7D1FDB8F1000F8E
:104830009AD0D5E92D3218211289DB6A01FB0233A7
:10484000D5F8D02022BB21200021FDF707F808F180
:10485000FF38A0E7D5F8A810D5F8C400FFF76DFF22
:104860000446D5F8A830ADF806A033603846FFF707
:10487000AEFD002CDAD0A9E7BAF1010FD3D1324650
:10488000D5F8BC000DF10601FFF728FC0446EDE762
:104890001969284690476FF4FB639842D3D00028EB
:1048A0007FF479AF60E720B119B112B1C0E90122FC
:1048B0000160704710B5044618B910BD3C38FFF7C9
:1048C00058FD20688442F9D10023C4E92E33D4F87E
:1048D000B400BDE81040FFF763BD034608463AB98F
:1048E000F6F79ABE10F8011B03F8011B0029F7D058
:1048F000013AF7D11A70F3E708B1F8F711BB704726
:10490000704740B1C368587810F001001EBF187896
:10491000B0FA80F040097047EFF31183402383F32E
:104920001288BFF36F8FFEE708B5FFF7F5FF10B5EC
:10493000D0E9003433B90020E268537843F0010332
:10494000537010BD204698470028F4D00028B8BF07
:104950004042FF28A8BFFF20E3681870ECE700F092
:104960009DBB00F08EBB704710B400F10C04C0E991
:10497000034410BCFEF707BA2DE9F04F054689B095
:10498000DDE9126791463B46324606A8059105F1DE
:10499000140A00F0B3FADDE90634CDE90234EFF38E
:1049A00011844FF0400888F31288BFF36F8F05F130
:1049B0000C0B4A4628460599FEF771F930B184F38D
:1049C0001188BFF36F8F09B0BDE8F08F3E43F6D07A
:1049D000DDE9022306A800F0B5FADDE906675A46CC
:1049E00021465046CDE90067FCF7C6FDEFF3118480
:1049F00088F31288BFF36F8FDBE738B50446EFF317
:104A00001185402383F31288BFF36F8FFEF7FEF802
:104A100004F10C0000F002FA30B1294604F1140050
:104A2000BDE83840FCF718BE85F31188BFF36F8FDF
:104A300038BD402408B5EFF3118384F31288BFF327
:104A40006F8FFEF738FDF6E790F90E308B4201D0FC
:104A5000FCF7BEBD0020704703460020C3E90033C9
:104A6000C3E9020070472DE9F843994604460D4614
:104A700090469DF8203000F10806EFF311874022A0
:104A800082F31288BFF36F8F03B14568304600F0A0
:104A9000A2F958B10023C0F81480C36700F03CF9B4
:104AA00030463946FCF7D8FD00200CE0B9F1000F84
:104AB0001BD00821FDF71EF938B987F31188BFF321
:104AC0006F8F6FF00B00BDE8F8830122C0F80480FF
:104AD0000260016801F003015DB922680A430260C7
:104AE000626820606AB960600BE04046C8F80090D8
:104AF000EFE72A68032A10D80160616839B9C4E970
:104B00000000042104F1100000F083FAC8E70A68ED
:104B100002F0030202430A60E5E722F003020A43BF
:104B200002602A6802F0030240EA02032B60E8E711
:104B300010B5044630B10268930703D0446809B148
:104B400000F094FA204610BD012307B5009300231E
:104B50000A461946FFF787FF03B05DF804FB002300
:104B600007B50A4600931946FFF77DFF03B05DF8CD
:104B700004FB5AB18A4209D300F11003C0E90212C2
:104B8000C0E90000C0E90433002070476FF0150051
:104B90007047012302688B4022EA0303036022FA74
:104BA00001F000F001007047704720B1002288300A
:104BB000114600F068B9704773B50446EFF31185EC
:104BC000402383F31288BFF36F8F0023A0F11006F8
:104BD000032104380193FFF7DCFF28B1A3693046B5
:104BE00001A90193FCF706FA85F31188BFF36F8FD3
:104BF00002B070BD38B504460D461022002100F009
:104C00004DFA656038BD13B501900846EFF3118485
:104C1000402383F31288BFF36F8F01A9FCF7EAF9F1
:104C200084F31188BFF36F8F02B010BD10B5FFF78A
:104C3000EAFF041E08DDEFF31180402383F312889E
:104C4000BFF36F8FFCF738FD204610BD70B50D46E1
:104C5000EFF31186402383F31288BFF36F8FFCF7C5
:104C600023FA044686F31188BFF36F8F38B14FF0F3
:104C7000FF324FF0FF3305F11000FCF7D9F8204662
:104C800070BD08B5A022002100F008FA08BDEFF3BE
:104C90000580003818BF012070476FF0570070473B
:104CA000FCF7ECBCD0E9003213605A600023C0E985
:104CB0000033704708B5FFF7F5FF437B23F002038D
:104CC00043730023836008BD38B504460D46FCF7E6
:104CD0005DFB637B43F002036373E5B1A5602B6862
:104CE0009D4209D16B68C4E900531C606C6012E0FE
:104CF0006A689A42F6D01B68002BF3D094F90E2014
:104D000093F90E108A42F3D09142F1DD5A68C4E95A
:104D1000003214605C6038BD10B5EFF3118440239D
:104D200083F31288BFF36F8FFCF748FB84F311887D
:104D3000BFF36F8F10BD10B50446183000F0C5F8F2
:104D4000EFF31181402383F31288BFF36F8F627BEF
:104D500012F0100204D081F31188BFF36F8F10BDE1
:104D60002046BDE81040FCF75DBB08B5EFF31181AC
:104D7000402282F31288BFF36F8F83680BB1FFF775
:104D800099FF81F31188BFF36F8F08BD38B50446D2
:104D9000EFF31185402383F31288BFF36F8F437BBA
:104DA00013F0280F0BD183680BB1FFF783FF637BF0
:104DB00051B903F0FB0320466373FCF7FFFA85F358
:104DC0001188BFF36F8F38BD03F0EB03F3E70121C8
:104DD0001838FFF7DBBF38B5EFF31185402383F3B5
:104DE0001288BFF36F8F0468A0420DD034B1204603
:104DF000FFF760FF04F1180000F067F885F31188F1
:104E0000BFF36F8F204638BD0024F7E710B5FFF7DA
:104E1000ACFFBDE81040183000F057B838B5054673
:104E200004680020AC4200D138BD002CFCD02046E4
:104E3000FFF7ECFF2046FFF76FFF2C680120A5422B
:104E4000F1E7EFF31181402282F31288BFF36F8FF5
:104E5000027BD2070CD581F31188BFF36F8F00233B
:104E600083F31188BFF36F8F0423184602DF704766
:104E7000437B1B0704D581F31188BFF36F8F704705
:104E80000122FCF7CFBA38B5EFF31185402383F345
:104E90001288BFF36F8F0468A04212D09CB1E16703
:104EA00062612046FFF706FF04F1180000F00DF8DC
:104EB0002046FCF783FA012085F31188BFF36F8F3A
:104EC00038BD0020F8E72046F6E710B5EFF311846F
:104ED000402282F31288BFF36F8F03683BB1FCF767
:104EE0009DFD002084F31188BFF36F8F10BD6FF01C
:104EF0001500F7E708B5FCF7AFFE08BDB3F1FF3FBB
:104F000008BFB2F1FF3F70B504461D46164613D0E8
:104F10001A4315D06FF001024FF0FF33921B63EB81
:104F20000501002904DAFCF797FE821941EB05011F
:104F3000C4E90021204670BD4FF0FF321146F7E76B
:104F40000022FBE7B3F1FF3F08BFB2F1FF3FF8B526
:104F5000074616461C4610D054EA020311D0FCF74F
:104F60007BFEB0420A46A14103460AD2F31A64EB23
:104F70000204C7E900343846F8BD4FF0FF331C4641
:104F8000F7E70023FBE72DE9F041846805460E466C
:104F9000ECB16378012B25D114F8533C9A0714D552
:104FA000A4F160073846FFF731FF082E0CBF6FF001
:104FB00003030023E36114F8533CDB0605D154F8E6
:104FC000483C13B93846FFF7A7FE002323700020A2
:104FD000EB68A860C3F38632164366F39433EB6044
:104FE000BDE8F081022BF0D12378002BEDD054F8EE
:104FF000048CB8F1000FE8D004F11400FFF765FF4E
:105000000023A4F1140739464046E362FFF7FBFD95
:10501000DBE7034610B5EFF31184402282F31288D8
:10502000BFF36F8F0068834208D0D0E9003213606D
:105030005A600023C0E90033FFF7A5FF84F311880D
:10504000BFF36F8F10BD0432D3B5044608D20026DB
:10505000002741F00401CDE90067FFF78DFC10B98E
:10506000002002B0D0BD40F8044BFAE720B1011F88
:1050700050F8040CFFF7C1BC704701460420FCF750
:105080002BBE0A44431E914200D1704710B511F85F
:10509000014B914203F8014FF9D110BD0244034680
:1050A000934200D1704703F8011BF9E7013902442C
:1050B00010B5904201D1002005E0037811F8014FAE
:1050C000A34201D0181B10BD0130F2E710B56AB140
:1050D0000139841810F8012B11F8013F9A4203D1CD
:1050E000A04201D0002AF5D1D01A10BD1046FCE72D
:1050F00010B50139044632B111F8013F013A00F808
:10510000013B002BF7D10021FFF7C8FF204610BD5F
:105110000246014410B58A42134603D01C7801327E
:10512000002CF8D1181A10BDF0B5C3F137070446AA
:1051300003F01F031046FFB2082BE6B232D0102B4B
:105140003DD06508A40845EAC17544EA81748A081F
:105150002D1942EB5102290941EA02716D1842EB07
:105160001212290A41EA02616D1842EB1222290C3F
:1051700041EA02416D1842EB1242AD1842F10002C1
:10518000EC0844EA4274D10804EB8402A6EB420521
:10519000EDB2092D0CD90134A5F10A0541F1000148
:1051A000EDB212E0E40806F0070544EA4174C908CC
:1051B000303554EA010200F8015BBDD1F0BD24098D
:1051C00006F00F0544EA01740909092D84BFED19A1
:1051D000EDB2EDE70148006870470000B8710021AA
:1051E0002464FF7F01000000D5CC02010000000014
:1051F000A5D0020178520301F90B03010000000061
:10520000F5D60201A0520301F5D602018C5203012A
:1052100009F50201000000008F3B030100000000BF
:1052200011D50201B452030135DB0201C85203015A
:10523000FDD20201000000007DDE0201000000003E
:10524000E5CC020100000000B5CA02010000000028
:1052500011D90201DC5203018DF5020100000000AA
:105260007D0E03010000000003320301F052030130
:1052700055E1020104530301635C03015C5903011E
:105280006C5903019A0800210C720021825C030111
:1052900090590301C05903019E080021B4720021F6
:1052A000905C0301A8590301C0590301A008002123
:1052B000C0720021725C03010000000088590301E4
:1052C0009C08002160720021B55C0301F8590301BC
:1052D000405A0301A4080021547300219E5C03017D
:1052E000D4070021E4590301A2080021CC72002157
:1052F000DA5B030194070021785803019808002124
:10530000101B0021C35C0301000000004C5A030184
:10531000A60800216C7300210000000099340301ED
:1053200000000000993403010000000099340301DB
:1053300000000000993403010000000099340301CB
:10534000A53B0301A93B03010000000099340301C0
:1053500000000000993403010000000099340301AB
:105360006072002181D50201F5FD0201A93B030114
:10537000000000009934030100000000993403018B
:10538000000000009934030100000000993403017B
:10539000000000009934030100000000993403016B
:1053A00000000000993403013D000301A93B030103
:1053B000C85203012739030100000000993403019A
:1053C0000000000099340301000000000DDF02011D
:1053D000000000009934030100000000993403012B
:1053E0000000000099340301000000007DF5020177
:1053F000000000009934030100000000993403010B
:105400000000000099340301901A002190760021D9
:105410000006000035B60201000000000000000098
:10542000000000000700000000000000CD5B030149
:105430000000000000000000FFFFFFFFFFFFFFFF74
:1054400059020301060000000002000000020000F3
:10545000000000002E5E03010001000000010302B5
:1054600000002CA6E0A120A820A80000F401FA006A
:10547000960064004B0032001E0014000A00050074
:105480000200010001020400252627000102030397
:10549000250D0F0F0102040000000000141E000083
:1054A0003011000060EA000060EA000000002CA655
:1054B000E0A120A820A8000000002CA6E0A120A8C0
:1054C00020A800000001030200002CA6E0A120A8F3
:1054D00020A8000001020303F401FA009600640012
:1054E0004B0032001E0014000A00050002000100FB
:1054F00000002CA6E0A120A820A8000000000000C9
:10550000141E00003011000060EA000060EA000094
:10551000F401FA00960064004B0032001E001400F3
:105520000A0005000200010001020303010100025C
:105530000700010204010001000001010000010058
:1055400001000001000100000000F401FA009600D3
:1055500064004B0032001E0014000A000500020027
:10556000010001000B0002000A00050009000A000A
:105570000800140007001E000600320005004B0062
:1055800004006400030096000200FA000100F40128
:105590000000010203030C0802170D0101020909B2
:1055A0000101060209181803010109090303050393
:1055B0000201230202240910040405050B0B040B4D
:1055C0002B1B1B151A1A1C021D16130501490D155C
:1055D000050000002CA6E0A120A820A800002CA611
:1055E000E0A120A820A80001020201020400A301FA
:1055F000B103BF05EF024906A309C505F50B251246
:105600000E021C045A03B4063006600C01020303A8
:1056100000002CA6E0A120A820A80102030301029B
:1056200004010203030000002CA6E0A120A820A88A
:10563000F401FA00960064004B0032001E001400D2
:105640000A0005000200010000000000141E000016
:105650003011000060EA000060EA000000002CA6A3
:10566000E0A120A820A800002CA6E0A120A820A846
:105670000102030300000000141E000030110000AE
:1056800060EA000060EA000001020400030000007C
:105690002CA6E0A120A820A800000000141E0000F5
:1056A0003011000060EA000060EA000000002CA653
:1056B000E0A120A820A8F401FA00960064004B00A5
:1056C00032001E0014000A00050002000100000064
:1056D00000002CA6E0A120A820A8F401FA00960062
:1056E00064004B0032001E0014000A000500020096
:1056F0000100000000000000141E00003011000036
:1057000060EA000060EA00000102030301020400F5
:105710000102020000002CA6E0A120A820A80001A0
:1057200003020000E3A3C3000406080A0C0E1012D3
:105730001416181C1E20222426282A2C2E3032341F
:1057400036383A3C3E40424446484A4C4E021A5093
:1057500000000000280000001800000050010000B8
:105760005001000000000000141E00003011000075
:1057700060EA000060EA000000000000141E000063
:1057800030110000B45F00003C730000B80BD0077C
:105790006C396C39000000000000000100008063DB
:1057A000000080630100000007000000000000000E
:1057B000000000000000000000002CA6E0A120A8CE
:1057C00020A8000000003408E803280A280A000086
:1057D0000000000070170000A00F00003C2800002F
:1057E0003C2800000000DC05E8030000D41700009E
:1057F00000000000141E00003011000060EA0000EC
:1058000060EA000000010302000000000000000048
:105810000000000000000000000000000101010184
:1058200002020202030303030405060708090A0B28
:105830000C0D0E0FD8ECF0F4F8F9FAFBFCFDFEFFAE
:105840000001020306080801020600100200FA0027
:1058500000000000E5B50201F1B50201F5B5020155
:10586000FDB5020101B602010000000000000000C9
:105870000338FDD870470000CDBA0201B5320301EC
:10588000B5BC020101BD0201E1BD02019930030175
:105890000D310301A1300301D3300301BD300301F9
:1058A000A73003010000000000000000E7330301FF
:1058B000D7330301E3330301D533030100000000B4
:1058C000000000000000000000000000C5330301DC
:1058D000000000210000000006000100020000009E
:1058E000E458030100000001545C030106000000BD
:1058F000E0FF0301000000215C5C030121000000C7
:10590000E0FF002131CB02010000000077350301E8
:10591000045903011C5903010401000090BD00213A
:10592000045903012C59030120000000B0BE0021DE
:10593000045903013C5903010301000054C0002134
:10594000045903014C590301080100008CCB0021CC
:1059500061D0020131D0020100000000B9D1020182
:1059600039D102011B37030121370301FDD00201A8
:1059700099360301FB3603010000000035360301B0
:105980000000000000000000B9D4020111D402019F
:10599000FFFF000000088C41000000000100000033
:1059A00000A0004100000000FFFFFFFF00058C4148
:1059B000000000000000000000A000410000000006
:1059C00089D702012D370301393703014D37030110
:1059D0005737030161370301F5D50201753703011C
:1059E000000000000D380301E93703010538030109
:1059F000093803013538030100300141010000007E
:105A0000000000001C5A03010000D6010000000045
:105A1000000000001F7400211E74002100300141AD
:105A2000285A030101000000305A0301040000005D
:105A3000290000002A000002280600012B060003AE
:105A4000E138030181DA0201D33803015DE002018C
:105A50008D390301B13903013F5D0301525D03013B
:105A6000655D0301785D03018B5D03019E5D0301AC
:105A7000B15D0301C45D0301E8510301E851030175
:105A80003852030140520301785203017852030156
:105A9000512563FCC2CAB9F3849E17A7ADFAE6BCD0
:105AA000FFFFFFFFFFFFFFFF00000000FFFFFFFF02
:105AB000AAAAAAAAAAAAAAAAAAAAAAAA555555559A
:105AC00055555555555555550000000055555555DA
:105AD000522563FCC2CAB9F3849E17A7ADFAE6BC8F
:105AE000FFFFFFFFFFFFFFFF00000000FFFFFFFFC2
:105AF000512563FCC2CAB9F3849E17A7ADFAE6BC70
:105B0000FFFFFFFFFFFFFFFF00000000FFFFFFFFA1
:105B100096C298D84539A1F4A033EB2D817D037747
:105B2000F240A463E5E6BCF847422CE1F2D1176BE2
:105B3000F551BF376840B6CBCE5E316B5733CE2BB5
:105B4000169E0F7C4AEBE78E9B7F1AFEE242E34FE4
:105B50004B60D2273E3CCE3BF6B053CCB0061D6521
:105B6000BC86987655BDEBB3E7933AAAD835C65AAA
:105B7000FCFFFFFFFFFFFFFFFFFFFFFF0000000034
:105B8000000000000000000001000000FFFFFFFF18
:105B9000647261676F6F6E2F6C6962732F736368D5
:105BA0006564756C696E672F7372632F72656D5FC4
:105BB00068616C5F6576656E745F74696D65722E81
:105BC00063006E72665F62745F6863690074785F19
:105BD0007468726561645F69640069706330007342
:105BE00072616D302E73686D0067656E65726963F2
:105BF000002A2A2A20426F6F74696E67206E52460F
:105C000020436F6E6E6563742053444B2076322EB2
:105C1000382E302D61323338366266633834303195
:105C2000202A2A2A0A002A2A2A205573696E672008
:105C30005A6570687972204F532076332E372E398B
:105C4000392D306263333339336662313132202A81
:105C50002A2A0A00464C4153485F30005352414DB6
:105C60005F3000636C6F636B4034313030353030FF
:105C7000300072616E646F6D4034313030393030D5
:105C800030006770696F403431386330383030002D
:105C90006770696F403431386330353030006D6281
:105CA0006F7840343130313230303000000102033F
:105CB000040506070B75617274403431303133309E
:105CC00030300062745F6863695F736463003F49EA
:105CD000F6D4A3C55F3874C9B3E3D2103F504AFF6E
:105CE000607BEB40B7995899B8A6CD3C1ABD4D5092
:105CF000534C204153534552543A2025732C2025B0
:105D0000640A004D50534C20576F726B0000000026
:105D100001010000000020303030303030303030B1
:105D200030303030300001756E72656769737465AC
:105D3000726564202573206275730A002573006DF7
:105D40006574616C3A20656D657267656E63793A5A
:105D500020006D6574616C3A20616C6572743A2044
:105D600020202020006D6574616C3A206372697494
:105D70006963616C3A2020006D6574616C3A20653E
:105D800072726F723A2020202020006D6574616C61
:105D90003A207761726E696E673A202020006D6547
:105DA00074616C3A206E6F746963653A202020201C
:105DB000006D6574616C3A20696E666F3A20202030
:105DC000202020006D6574616C3A206465627567FF
:105DD0003A20202020200025733A206672656569EC
:105DE0006E67206E6F6E2D656D70747920766972A6
:105DF0007471756575650D0A00756E6578706563FB
:105E0000746564206275666665722068656C6420DE
:105E1000636F756E7465720D0A0072785F7671003B
:105E200074785F7671004E53006D61696E0073790E
:105E300073776F726B7100FE2CF96A7F36222EA089
:105E400079C040BE2C032040C2F33200FFFFFFFFA9
:105E50001F00286E756C6C29002A666C6F61742AAD
:105E600000000000FFFFFFFFFF1F00001F000000F9
:105E7000000000007FFE0000E4070000DD5000008D
:105E800000000000FFFFFFFF1F000000BAABBABA1E
:105E900010101010A0354D00FF000000C4090000D4
:105EA0000000000000C000410000000000000000F1
:105EB0000C00000000FF7F00000000000000000058
:105EC00000000000000000000000000000000000D2
:105ED00000000000000000000000000000000000C2
:105EE00000000000000000000000000000000000B2
:105EF00000000000000000000000000000000000A2
:105F00000000000000000000000000000000000091
:105F1000000000004D4400019144000105480001CB
:105F20004961000191430001D95E00013D5E00011D
:105F30009143000191430001DD5D0001B16000016A
:105F4000815D0001915F0001CD44000155630001B6
:105F500035460001F956000111630001F5620001A8
:105F6000395C0001815C0001255D0001D15C00010C
:105F7000BD560001654400011945000119450001A5
:105F8000E94700017D4400018168000125480001C6
:105F9000B96E0001896E0001CD4F0001455000012E
:105FA0000000000000000000C1630001E4000021C7
:105FB000F4000021B0000021240100210C01002187
:105FC000A54D00013545000125600001F55B00018C
:105FD00000000000000000000000000000000000C1
:105FE00000000000000000000000000000000000B1
:105FF00000000000000000000000000000000000A1
:106000000000000000000000FD2001010000000071
:10601000176302010000000095210101000000004B
:10602000CF630201000000007D210101000000009B
:10603000CF630201000000004921010100000000BF
:10604000CB6202010000000061210101000000009C
:10605000CB62020100000000F963020100000000B1
:106060007B63020100000000C76202010000000023
:10607000F56302010000000035210101000000006D
:106080009363020100000000B562020100000000FD
:106090006D620201000000005F6302010000000069
:1060A000D52101010000000063630201000000002F
:1060B00000000000000000000000000000000000E0
:1060C00000000000000000000000000000000000D0
:1060D00000000000000000000000000000000000C0
:1060E00000000000000000000000000000000000B0
:1060F00000000000000000000000000000000000A0
:10610000000000000000000000000000000000008F
:10611000000000000000000000000000000000007F
:10612000000000000000000000000000000000006F
:10613000000000000000000000000000000000005F
:10614000000000000000000000000000000000004F
:10615000000000000000000000000000000000003F
:10616000000000000000000000000000000000002F
:10617000000000000000000000000000000000001F
:10618000000000000000000000000000000000000F
:1061900000000000000000000000000000000000FF
:1061A00000000000000000000000000000000000EF
:1061B00000000000000000000000000000000000DF
:1061C00000000000000000000000000000000000CF
:1061D00000000000000000000000000000000000BF
:1061E00000000000000000000000000000000000AF
:1061F000000000000000000000000000000000009F
:10620000000000000000000000000000000000008E
:10621000000000000000000000000000000000007E
:10622000000000000000000000000000000000006E
:10623000000000000000000000000000000000005E
:10624000000000000000000000000000000000004E
:10625000000000000000000000000000000000003E
:10626000000000000000000000000000000000002E
:10627000000000000000000000000000000000001E
:10628000000000000000000000000000000000000E
:1062900000000000000000000000000000000000FE
:1062A00000000000000000000000000000000000EE
:1062B00000000000000000000000000000000000DE
:1062C00000000000000000000000000000000000CE
:1062D00000000000000000000000000000000000BE
:1062E00000000000000000000000000000000000AE
:1062F000000000000000000000000000000000009E
:10630000000000000000000000000000000000008D
:10631000000000000000000000000000000000007D
:10632000000000000000000000000000000000006D
:10633000000000000000000000000000000000005D
:10634000000000000000000000000000000000004D
:10635000000000000000000000000000000000003D
:10636000000000000000000000000000000000002D
:10637000000000000000000000000000000000001D
:10638000000000000000000000000000000000000D
:1063900000000000000000000000000000000000FD
:1063A00000000000000000000000000000000000ED
:1063B00000000000000000000000000000000000DD
:1063C00000000000000000000000000000000000CD
:1063D00000000000000000000000000000000000BD
:1063E00000000000000000000000000000000000AD
:1063F000000000000000000000000000000000009D
:10640000000000000000000000000000000000008C
:10641000000000000000000000000000000000007C
:10642000000000000000000000000000000000006C
:10643000000000000000000000000000000000005C
:10644000000000000000000000000000000000004C
:10645000000000000000000000000000000000003C
:10646000000000000000000000000000000000002C
:10647000000000000000000000000000000000001C
:10648000000000000000000000000000000000000C
:1064900000000000000000000000000000000000FC
:1064A00000000000000000000000000000000000EC
:1064B00000000000000000000000000000000000DC
:1064C00000000000000000000000000000000000CC
:1064D00000000000000000000000000000000000BC
:1064E00000000000000000000000000000000000AC
:1064F000000000000000000000000000000000009C
:10650000000000000000000000000000000000008B
:10651000000000000000000000000000000000007B
:10652000000000000000000000000000000000006B
:106530000000000000000000B99A02013DA2010124
:10654000599A0201F59E01010000000000000000C0
:106550000000000000000000F806002119B502014B
:106560001FB5020121B502014BB5020125B502019B
:1065700055B502012BB5020161B5020131B5020129
:1065800067B5020133B5020141B5020145B502010B
:1065900037B502013DB5020151B502015BB50201FB
:1065A000545803010100000000000000000000003A
:1065B00001F60201000000000001000000000000E0
:1065C00000000000000000000000000000000000CB
:1065D000000000000000000000000000C25B03019A
:1065E0000000000029B6020161B6020100000000AF
:1065F00000000000372E030101000000000007200A
:1066000000000100DC52030101000000DC52030124
:106610000000000002000000000000000000000078
:1066200000020000000000006D35030100000000C2
:106630000000000004530301FFFF0000FFFF000003
:1066400000E0FFFF0000000000000000000000006C
:10665000000000000000000000000000000000003A
:10666000000000000000000000000000000000002A
:10667000000000000000000000000000000000001A
:10668000000000000000000000000000000000000A
:1066900000000000000000000000000000000000FA
:1066A00000000000000000000000000000000000EA
:1066B0000000000008000000FF00000000000000D3
:1066C0000300000000000000E95B0301000000007F
:1066D0007D00030100000000000000000000000039
:1066E00000000000000000000000000000000000AA
:1066F0000000000090080021900800210000000028
:106700000000000000000000000000000000000089
:10671000909D00210020000000000000000000000B
:10672000BC080021BC08002100000000000000009F
:106730000E000000D0080021D00800210000000059
:1067400001000000E0080021E00800210000000036
:1067500000000000F0080021F0080021F8080021E6
:10676000F8080021000000000000000008090021D6
:106770000809002110090021100900210000000073
:106780000000000020090021200900212809002123
:106790002809002107000700010000000000000098
:1067A0002059030190BF00210000000000000000FC
:1067B0004C0900214C0900215409002154090021F1
:1067C0000A000A0001000000000000003059030127
:1067D00074CA0021000000000000000078090021B8
:1067E00078090021800900218009002101000100B1
:1067F00001000000000000001059030194BE0021B8
:106800000000000000000000A4090021A4090021EC
:10681000AC090021AC0900210A000A0001000000B7
:106820000000000040590301DCD5002115E015E00F
:00000001FF
